run,scenario,variant,first,detect,early,false,lead
0,abrupt,severity_only,24.0,True,True,False,0.0
0,abrupt,external_only,24.0,True,True,False,0.0
0,abrupt,internal_only,24.0,True,True,False,0.0
0,abrupt,prism,24.0,True,True,False,0.0
1,abrupt,severity_only,24.0,True,True,False,0.0
1,abrupt,external_only,24.0,True,True,False,0.0
1,abrupt,internal_only,24.0,True,True,False,0.0
1,abrupt,prism,23.0,True,True,False,1.0
2,abrupt,severity_only,24.0,True,True,False,0.0
2,abrupt,external_only,24.0,True,True,False,0.0
2,abrupt,internal_only,24.0,True,True,False,0.0
2,abrupt,prism,24.0,True,True,False,0.0
3,abrupt,severity_only,24.0,True,True,False,0.0
3,abrupt,external_only,24.0,True,True,False,0.0
3,abrupt,internal_only,24.0,True,True,False,0.0
3,abrupt,prism,24.0,True,True,False,0.0
4,abrupt,severity_only,24.0,True,True,False,0.0
4,abrupt,external_only,24.0,True,True,False,0.0
4,abrupt,internal_only,24.0,True,True,False,0.0
4,abrupt,prism,24.0,True,True,False,0.0
5,abrupt,severity_only,24.0,True,True,False,0.0
5,abrupt,external_only,24.0,True,True,False,0.0
5,abrupt,internal_only,24.0,True,True,False,0.0
5,abrupt,prism,21.0,False,False,False,
6,abrupt,severity_only,24.0,True,True,False,0.0
6,abrupt,external_only,4.0,False,False,True,
6,abrupt,internal_only,24.0,True,True,False,0.0
6,abrupt,prism,4.0,False,False,True,
7,abrupt,severity_only,24.0,True,True,False,0.0
7,abrupt,external_only,24.0,True,True,False,0.0
7,abrupt,internal_only,24.0,True,True,False,0.0
7,abrupt,prism,24.0,True,True,False,0.0
8,abrupt,severity_only,24.0,True,True,False,0.0
8,abrupt,external_only,24.0,True,True,False,0.0
8,abrupt,internal_only,24.0,True,True,False,0.0
8,abrupt,prism,24.0,True,True,False,0.0
9,abrupt,severity_only,24.0,True,True,False,0.0
9,abrupt,external_only,24.0,True,True,False,0.0
9,abrupt,internal_only,24.0,True,True,False,0.0
9,abrupt,prism,24.0,True,True,False,0.0
10,abrupt,severity_only,24.0,True,True,False,0.0
10,abrupt,external_only,24.0,True,True,False,0.0
10,abrupt,internal_only,24.0,True,True,False,0.0
10,abrupt,prism,24.0,True,True,False,0.0
11,abrupt,severity_only,24.0,True,True,False,0.0
11,abrupt,external_only,24.0,True,True,False,0.0
11,abrupt,internal_only,24.0,True,True,False,0.0
11,abrupt,prism,24.0,True,True,False,0.0
12,abrupt,severity_only,24.0,True,True,False,0.0
12,abrupt,external_only,24.0,True,True,False,0.0
12,abrupt,internal_only,24.0,True,True,False,0.0
12,abrupt,prism,24.0,True,True,False,0.0
13,abrupt,severity_only,24.0,True,True,False,0.0
13,abrupt,external_only,24.0,True,True,False,0.0
13,abrupt,internal_only,24.0,True,True,False,0.0
13,abrupt,prism,24.0,True,True,False,0.0
14,abrupt,severity_only,24.0,True,True,False,0.0
14,abrupt,external_only,24.0,True,True,False,0.0
14,abrupt,internal_only,24.0,True,True,False,0.0
14,abrupt,prism,24.0,True,True,False,0.0
15,abrupt,severity_only,24.0,True,True,False,0.0
15,abrupt,external_only,12.0,False,False,True,
15,abrupt,internal_only,24.0,True,True,False,0.0
15,abrupt,prism,12.0,False,False,True,
16,abrupt,severity_only,24.0,True,True,False,0.0
16,abrupt,external_only,24.0,True,True,False,0.0
16,abrupt,internal_only,24.0,True,True,False,0.0
16,abrupt,prism,24.0,True,True,False,0.0
17,abrupt,severity_only,24.0,True,True,False,0.0
17,abrupt,external_only,24.0,True,True,False,0.0
17,abrupt,internal_only,24.0,True,True,False,0.0
17,abrupt,prism,18.0,False,False,True,
18,abrupt,severity_only,24.0,True,True,False,0.0
18,abrupt,external_only,24.0,True,True,False,0.0
18,abrupt,internal_only,24.0,True,True,False,0.0
18,abrupt,prism,24.0,True,True,False,0.0
19,abrupt,severity_only,24.0,True,True,False,0.0
19,abrupt,external_only,24.0,True,True,False,0.0
19,abrupt,internal_only,24.0,True,True,False,0.0
19,abrupt,prism,24.0,True,True,False,0.0
20,abrupt,severity_only,24.0,True,True,False,0.0
20,abrupt,external_only,24.0,True,True,False,0.0
20,abrupt,internal_only,24.0,True,True,False,0.0
20,abrupt,prism,24.0,True,True,False,0.0
21,abrupt,severity_only,24.0,True,True,False,0.0
21,abrupt,external_only,24.0,True,True,False,0.0
21,abrupt,internal_only,24.0,True,True,False,0.0
21,abrupt,prism,24.0,True,True,False,0.0
22,abrupt,severity_only,24.0,True,True,False,0.0
22,abrupt,external_only,24.0,True,True,False,0.0
22,abrupt,internal_only,24.0,True,True,False,0.0
22,abrupt,prism,24.0,True,True,False,0.0
23,abrupt,severity_only,24.0,True,True,False,0.0
23,abrupt,external_only,24.0,True,True,False,0.0
23,abrupt,internal_only,24.0,True,True,False,0.0
23,abrupt,prism,24.0,True,True,False,0.0
24,abrupt,severity_only,24.0,True,True,False,0.0
24,abrupt,external_only,12.0,False,False,True,
24,abrupt,internal_only,24.0,True,True,False,0.0
24,abrupt,prism,12.0,False,False,True,
25,abrupt,severity_only,24.0,True,True,False,0.0
25,abrupt,external_only,24.0,True,True,False,0.0
25,abrupt,internal_only,24.0,True,True,False,0.0
25,abrupt,prism,24.0,True,True,False,0.0
26,abrupt,severity_only,24.0,True,True,False,0.0
26,abrupt,external_only,24.0,True,True,False,0.0
26,abrupt,internal_only,24.0,True,True,False,0.0
26,abrupt,prism,24.0,True,True,False,0.0
27,abrupt,severity_only,24.0,True,True,False,0.0
27,abrupt,external_only,24.0,True,True,False,0.0
27,abrupt,internal_only,24.0,True,True,False,0.0
27,abrupt,prism,24.0,True,True,False,0.0
28,abrupt,severity_only,24.0,True,True,False,0.0
28,abrupt,external_only,24.0,True,True,False,0.0
28,abrupt,internal_only,24.0,True,True,False,0.0
28,abrupt,prism,24.0,True,True,False,0.0
29,abrupt,severity_only,24.0,True,True,False,0.0
29,abrupt,external_only,24.0,True,True,False,0.0
29,abrupt,internal_only,24.0,True,True,False,0.0
29,abrupt,prism,24.0,True,True,False,0.0
30,abrupt,severity_only,24.0,True,True,False,0.0
30,abrupt,external_only,24.0,True,True,False,0.0
30,abrupt,internal_only,24.0,True,True,False,0.0
30,abrupt,prism,24.0,True,True,False,0.0
31,abrupt,severity_only,24.0,True,True,False,0.0
31,abrupt,external_only,24.0,True,True,False,0.0
31,abrupt,internal_only,24.0,True,True,False,0.0
31,abrupt,prism,24.0,True,True,False,0.0
32,abrupt,severity_only,24.0,True,True,False,0.0
32,abrupt,external_only,24.0,True,True,False,0.0
32,abrupt,internal_only,24.0,True,True,False,0.0
32,abrupt,prism,24.0,True,True,False,0.0
33,abrupt,severity_only,24.0,True,True,False,0.0
33,abrupt,external_only,24.0,True,True,False,0.0
33,abrupt,internal_only,24.0,True,True,False,0.0
33,abrupt,prism,24.0,True,True,False,0.0
34,abrupt,severity_only,24.0,True,True,False,0.0
34,abrupt,external_only,4.0,False,False,True,
34,abrupt,internal_only,24.0,True,True,False,0.0
34,abrupt,prism,4.0,False,False,True,
35,abrupt,severity_only,24.0,True,True,False,0.0
35,abrupt,external_only,24.0,True,True,False,0.0
35,abrupt,internal_only,24.0,True,True,False,0.0
35,abrupt,prism,24.0,True,True,False,0.0
36,abrupt,severity_only,24.0,True,True,False,0.0
36,abrupt,external_only,24.0,True,True,False,0.0
36,abrupt,internal_only,24.0,True,True,False,0.0
36,abrupt,prism,24.0,True,True,False,0.0
37,abrupt,severity_only,24.0,True,True,False,0.0
37,abrupt,external_only,24.0,True,True,False,0.0
37,abrupt,internal_only,24.0,True,True,False,0.0
37,abrupt,prism,24.0,True,True,False,0.0
38,abrupt,severity_only,24.0,True,True,False,0.0
38,abrupt,external_only,24.0,True,True,False,0.0
38,abrupt,internal_only,24.0,True,True,False,0.0
38,abrupt,prism,24.0,True,True,False,0.0
39,abrupt,severity_only,24.0,True,True,False,0.0
39,abrupt,external_only,24.0,True,True,False,0.0
39,abrupt,internal_only,24.0,True,True,False,0.0
39,abrupt,prism,24.0,True,True,False,0.0
40,abrupt,severity_only,24.0,True,True,False,0.0
40,abrupt,external_only,24.0,True,True,False,0.0
40,abrupt,internal_only,24.0,True,True,False,0.0
40,abrupt,prism,24.0,True,True,False,0.0
41,abrupt,severity_only,24.0,True,True,False,0.0
41,abrupt,external_only,24.0,True,True,False,0.0
41,abrupt,internal_only,24.0,True,True,False,0.0
41,abrupt,prism,24.0,True,True,False,0.0
42,abrupt,severity_only,24.0,True,True,False,0.0
42,abrupt,external_only,24.0,True,True,False,0.0
42,abrupt,internal_only,24.0,True,True,False,0.0
42,abrupt,prism,24.0,True,True,False,0.0
43,abrupt,severity_only,24.0,True,True,False,0.0
43,abrupt,external_only,24.0,True,True,False,0.0
43,abrupt,internal_only,24.0,True,True,False,0.0
43,abrupt,prism,24.0,True,True,False,0.0
44,abrupt,severity_only,24.0,True,True,False,0.0
44,abrupt,external_only,24.0,True,True,False,0.0
44,abrupt,internal_only,24.0,True,True,False,0.0
44,abrupt,prism,24.0,True,True,False,0.0
45,abrupt,severity_only,24.0,True,True,False,0.0
45,abrupt,external_only,24.0,True,True,False,0.0
45,abrupt,internal_only,21.0,False,False,False,
45,abrupt,prism,21.0,False,False,False,
46,abrupt,severity_only,24.0,True,True,False,0.0
46,abrupt,external_only,24.0,True,True,False,0.0
46,abrupt,internal_only,24.0,True,True,False,0.0
46,abrupt,prism,24.0,True,True,False,0.0
47,abrupt,severity_only,24.0,True,True,False,0.0
47,abrupt,external_only,24.0,True,True,False,0.0
47,abrupt,internal_only,24.0,True,True,False,0.0
47,abrupt,prism,24.0,True,True,False,0.0
48,abrupt,severity_only,24.0,True,True,False,0.0
48,abrupt,external_only,24.0,True,True,False,0.0
48,abrupt,internal_only,24.0,True,True,False,0.0
48,abrupt,prism,24.0,True,True,False,0.0
49,abrupt,severity_only,24.0,True,True,False,0.0
49,abrupt,external_only,24.0,True,True,False,0.0
49,abrupt,internal_only,24.0,True,True,False,0.0
49,abrupt,prism,24.0,True,True,False,0.0
50,abrupt,severity_only,24.0,True,True,False,0.0
50,abrupt,external_only,24.0,True,True,False,0.0
50,abrupt,internal_only,24.0,True,True,False,0.0
50,abrupt,prism,24.0,True,True,False,0.0
51,abrupt,severity_only,24.0,True,True,False,0.0
51,abrupt,external_only,24.0,True,True,False,0.0
51,abrupt,internal_only,24.0,True,True,False,0.0
51,abrupt,prism,24.0,True,True,False,0.0
52,abrupt,severity_only,24.0,True,True,False,0.0
52,abrupt,external_only,24.0,True,True,False,0.0
52,abrupt,internal_only,24.0,True,True,False,0.0
52,abrupt,prism,24.0,True,True,False,0.0
53,abrupt,severity_only,24.0,True,True,False,0.0
53,abrupt,external_only,24.0,True,True,False,0.0
53,abrupt,internal_only,24.0,True,True,False,0.0
53,abrupt,prism,24.0,True,True,False,0.0
54,abrupt,severity_only,24.0,True,True,False,0.0
54,abrupt,external_only,24.0,True,True,False,0.0
54,abrupt,internal_only,24.0,True,True,False,0.0
54,abrupt,prism,24.0,True,True,False,0.0
55,abrupt,severity_only,24.0,True,True,False,0.0
55,abrupt,external_only,24.0,True,True,False,0.0
55,abrupt,internal_only,24.0,True,True,False,0.0
55,abrupt,prism,24.0,True,True,False,0.0
56,abrupt,severity_only,24.0,True,True,False,0.0
56,abrupt,external_only,24.0,True,True,False,0.0
56,abrupt,internal_only,24.0,True,True,False,0.0
56,abrupt,prism,24.0,True,True,False,0.0
57,abrupt,severity_only,24.0,True,True,False,0.0
57,abrupt,external_only,24.0,True,True,False,0.0
57,abrupt,internal_only,24.0,True,True,False,0.0
57,abrupt,prism,24.0,True,True,False,0.0
58,abrupt,severity_only,24.0,True,True,False,0.0
58,abrupt,external_only,24.0,True,True,False,0.0
58,abrupt,internal_only,24.0,True,True,False,0.0
58,abrupt,prism,24.0,True,True,False,0.0
59,abrupt,severity_only,24.0,True,True,False,0.0
59,abrupt,external_only,24.0,True,True,False,0.0
59,abrupt,internal_only,24.0,True,True,False,0.0
59,abrupt,prism,24.0,True,True,False,0.0
60,abrupt,severity_only,24.0,True,True,False,0.0
60,abrupt,external_only,24.0,True,True,False,0.0
60,abrupt,internal_only,24.0,True,True,False,0.0
60,abrupt,prism,24.0,True,True,False,0.0
61,abrupt,severity_only,24.0,True,True,False,0.0
61,abrupt,external_only,24.0,True,True,False,0.0
61,abrupt,internal_only,24.0,True,True,False,0.0
61,abrupt,prism,24.0,True,True,False,0.0
62,abrupt,severity_only,24.0,True,True,False,0.0
62,abrupt,external_only,24.0,True,True,False,0.0
62,abrupt,internal_only,24.0,True,True,False,0.0
62,abrupt,prism,24.0,True,True,False,0.0
63,abrupt,severity_only,24.0,True,True,False,0.0
63,abrupt,external_only,24.0,True,True,False,0.0
63,abrupt,internal_only,24.0,True,True,False,0.0
63,abrupt,prism,24.0,True,True,False,0.0
64,abrupt,severity_only,24.0,True,True,False,0.0
64,abrupt,external_only,24.0,True,True,False,0.0
64,abrupt,internal_only,24.0,True,True,False,0.0
64,abrupt,prism,24.0,True,True,False,0.0
65,abrupt,severity_only,24.0,True,True,False,0.0
65,abrupt,external_only,24.0,True,True,False,0.0
65,abrupt,internal_only,24.0,True,True,False,0.0
65,abrupt,prism,24.0,True,True,False,0.0
66,abrupt,severity_only,24.0,True,True,False,0.0
66,abrupt,external_only,24.0,True,True,False,0.0
66,abrupt,internal_only,24.0,True,True,False,0.0
66,abrupt,prism,24.0,True,True,False,0.0
67,abrupt,severity_only,24.0,True,True,False,0.0
67,abrupt,external_only,24.0,True,True,False,0.0
67,abrupt,internal_only,24.0,True,True,False,0.0
67,abrupt,prism,24.0,True,True,False,0.0
68,abrupt,severity_only,24.0,True,True,False,0.0
68,abrupt,external_only,24.0,True,True,False,0.0
68,abrupt,internal_only,24.0,True,True,False,0.0
68,abrupt,prism,24.0,True,True,False,0.0
69,abrupt,severity_only,24.0,True,True,False,0.0
69,abrupt,external_only,24.0,True,True,False,0.0
69,abrupt,internal_only,24.0,True,True,False,0.0
69,abrupt,prism,24.0,True,True,False,0.0
70,abrupt,severity_only,24.0,True,True,False,0.0
70,abrupt,external_only,24.0,True,True,False,0.0
70,abrupt,internal_only,24.0,True,True,False,0.0
70,abrupt,prism,24.0,True,True,False,0.0
71,abrupt,severity_only,24.0,True,True,False,0.0
71,abrupt,external_only,24.0,True,True,False,0.0
71,abrupt,internal_only,24.0,True,True,False,0.0
71,abrupt,prism,24.0,True,True,False,0.0
72,abrupt,severity_only,24.0,True,True,False,0.0
72,abrupt,external_only,24.0,True,True,False,0.0
72,abrupt,internal_only,24.0,True,True,False,0.0
72,abrupt,prism,24.0,True,True,False,0.0
73,abrupt,severity_only,24.0,True,True,False,0.0
73,abrupt,external_only,24.0,True,True,False,0.0
73,abrupt,internal_only,24.0,True,True,False,0.0
73,abrupt,prism,24.0,True,True,False,0.0
74,abrupt,severity_only,24.0,True,True,False,0.0
74,abrupt,external_only,24.0,True,True,False,0.0
74,abrupt,internal_only,24.0,True,True,False,0.0
74,abrupt,prism,24.0,True,True,False,0.0
75,abrupt,severity_only,24.0,True,True,False,0.0
75,abrupt,external_only,24.0,True,True,False,0.0
75,abrupt,internal_only,24.0,True,True,False,0.0
75,abrupt,prism,24.0,True,True,False,0.0
76,abrupt,severity_only,24.0,True,True,False,0.0
76,abrupt,external_only,24.0,True,True,False,0.0
76,abrupt,internal_only,24.0,True,True,False,0.0
76,abrupt,prism,24.0,True,True,False,0.0
77,abrupt,severity_only,24.0,True,True,False,0.0
77,abrupt,external_only,24.0,True,True,False,0.0
77,abrupt,internal_only,24.0,True,True,False,0.0
77,abrupt,prism,24.0,True,True,False,0.0
78,abrupt,severity_only,24.0,True,True,False,0.0
78,abrupt,external_only,24.0,True,True,False,0.0
78,abrupt,internal_only,24.0,True,True,False,0.0
78,abrupt,prism,24.0,True,True,False,0.0
79,abrupt,severity_only,24.0,True,True,False,0.0
79,abrupt,external_only,24.0,True,True,False,0.0
79,abrupt,internal_only,24.0,True,True,False,0.0
79,abrupt,prism,24.0,True,True,False,0.0
80,abrupt,severity_only,24.0,True,True,False,0.0
80,abrupt,external_only,24.0,True,True,False,0.0
80,abrupt,internal_only,24.0,True,True,False,0.0
80,abrupt,prism,24.0,True,True,False,0.0
81,abrupt,severity_only,24.0,True,True,False,0.0
81,abrupt,external_only,24.0,True,True,False,0.0
81,abrupt,internal_only,24.0,True,True,False,0.0
81,abrupt,prism,24.0,True,True,False,0.0
82,abrupt,severity_only,24.0,True,True,False,0.0
82,abrupt,external_only,24.0,True,True,False,0.0
82,abrupt,internal_only,24.0,True,True,False,0.0
82,abrupt,prism,24.0,True,True,False,0.0
83,abrupt,severity_only,24.0,True,True,False,0.0
83,abrupt,external_only,24.0,True,True,False,0.0
83,abrupt,internal_only,24.0,True,True,False,0.0
83,abrupt,prism,24.0,True,True,False,0.0
84,abrupt,severity_only,24.0,True,True,False,0.0
84,abrupt,external_only,24.0,True,True,False,0.0
84,abrupt,internal_only,23.0,True,True,False,1.0
84,abrupt,prism,22.0,True,True,False,2.0
85,abrupt,severity_only,24.0,True,True,False,0.0
85,abrupt,external_only,24.0,True,True,False,0.0
85,abrupt,internal_only,24.0,True,True,False,0.0
85,abrupt,prism,24.0,True,True,False,0.0
86,abrupt,severity_only,24.0,True,True,False,0.0
86,abrupt,external_only,24.0,True,True,False,0.0
86,abrupt,internal_only,24.0,True,True,False,0.0
86,abrupt,prism,24.0,True,True,False,0.0
87,abrupt,severity_only,24.0,True,True,False,0.0
87,abrupt,external_only,24.0,True,True,False,0.0
87,abrupt,internal_only,24.0,True,True,False,0.0
87,abrupt,prism,24.0,True,True,False,0.0
88,abrupt,severity_only,24.0,True,True,False,0.0
88,abrupt,external_only,24.0,True,True,False,0.0
88,abrupt,internal_only,24.0,True,True,False,0.0
88,abrupt,prism,24.0,True,True,False,0.0
89,abrupt,severity_only,24.0,True,True,False,0.0
89,abrupt,external_only,24.0,True,True,False,0.0
89,abrupt,internal_only,24.0,True,True,False,0.0
89,abrupt,prism,24.0,True,True,False,0.0
90,abrupt,severity_only,24.0,True,True,False,0.0
90,abrupt,external_only,24.0,True,True,False,0.0
90,abrupt,internal_only,24.0,True,True,False,0.0
90,abrupt,prism,24.0,True,True,False,0.0
91,abrupt,severity_only,24.0,True,True,False,0.0
91,abrupt,external_only,24.0,True,True,False,0.0
91,abrupt,internal_only,24.0,True,True,False,0.0
91,abrupt,prism,24.0,True,True,False,0.0
92,abrupt,severity_only,24.0,True,True,False,0.0
92,abrupt,external_only,24.0,True,True,False,0.0
92,abrupt,internal_only,24.0,True,True,False,0.0
92,abrupt,prism,24.0,True,True,False,0.0
93,abrupt,severity_only,24.0,True,True,False,0.0
93,abrupt,external_only,24.0,True,True,False,0.0
93,abrupt,internal_only,24.0,True,True,False,0.0
93,abrupt,prism,24.0,True,True,False,0.0
94,abrupt,severity_only,24.0,True,True,False,0.0
94,abrupt,external_only,24.0,True,True,False,0.0
94,abrupt,internal_only,24.0,True,True,False,0.0
94,abrupt,prism,24.0,True,True,False,0.0
95,abrupt,severity_only,24.0,True,True,False,0.0
95,abrupt,external_only,24.0,True,True,False,0.0
95,abrupt,internal_only,24.0,True,True,False,0.0
95,abrupt,prism,24.0,True,True,False,0.0
96,abrupt,severity_only,24.0,True,True,False,0.0
96,abrupt,external_only,24.0,True,True,False,0.0
96,abrupt,internal_only,24.0,True,True,False,0.0
96,abrupt,prism,24.0,True,True,False,0.0
97,abrupt,severity_only,24.0,True,True,False,0.0
97,abrupt,external_only,24.0,True,True,False,0.0
97,abrupt,internal_only,24.0,True,True,False,0.0
97,abrupt,prism,24.0,True,True,False,0.0
98,abrupt,severity_only,24.0,True,True,False,0.0
98,abrupt,external_only,24.0,True,True,False,0.0
98,abrupt,internal_only,24.0,True,True,False,0.0
98,abrupt,prism,24.0,True,True,False,0.0
99,abrupt,severity_only,24.0,True,True,False,0.0
99,abrupt,external_only,24.0,True,True,False,0.0
99,abrupt,internal_only,24.0,True,True,False,0.0
99,abrupt,prism,24.0,True,True,False,0.0
100,abrupt,severity_only,24.0,True,True,False,0.0
100,abrupt,external_only,24.0,True,True,False,0.0
100,abrupt,internal_only,24.0,True,True,False,0.0
100,abrupt,prism,24.0,True,True,False,0.0
101,abrupt,severity_only,24.0,True,True,False,0.0
101,abrupt,external_only,24.0,True,True,False,0.0
101,abrupt,internal_only,24.0,True,True,False,0.0
101,abrupt,prism,24.0,True,True,False,0.0
102,abrupt,severity_only,24.0,True,True,False,0.0
102,abrupt,external_only,24.0,True,True,False,0.0
102,abrupt,internal_only,24.0,True,True,False,0.0
102,abrupt,prism,24.0,True,True,False,0.0
103,abrupt,severity_only,24.0,True,True,False,0.0
103,abrupt,external_only,24.0,True,True,False,0.0
103,abrupt,internal_only,24.0,True,True,False,0.0
103,abrupt,prism,24.0,True,True,False,0.0
104,abrupt,severity_only,24.0,True,True,False,0.0
104,abrupt,external_only,24.0,True,True,False,0.0
104,abrupt,internal_only,24.0,True,True,False,0.0
104,abrupt,prism,23.0,True,True,False,1.0
105,abrupt,severity_only,24.0,True,True,False,0.0
105,abrupt,external_only,24.0,True,True,False,0.0
105,abrupt,internal_only,24.0,True,True,False,0.0
105,abrupt,prism,24.0,True,True,False,0.0
106,abrupt,severity_only,24.0,True,True,False,0.0
106,abrupt,external_only,24.0,True,True,False,0.0
106,abrupt,internal_only,24.0,True,True,False,0.0
106,abrupt,prism,24.0,True,True,False,0.0
107,abrupt,severity_only,24.0,True,True,False,0.0
107,abrupt,external_only,24.0,True,True,False,0.0
107,abrupt,internal_only,24.0,True,True,False,0.0
107,abrupt,prism,24.0,True,True,False,0.0
108,abrupt,severity_only,24.0,True,True,False,0.0
108,abrupt,external_only,24.0,True,True,False,0.0
108,abrupt,internal_only,24.0,True,True,False,0.0
108,abrupt,prism,24.0,True,True,False,0.0
109,abrupt,severity_only,24.0,True,True,False,0.0
109,abrupt,external_only,24.0,True,True,False,0.0
109,abrupt,internal_only,24.0,True,True,False,0.0
109,abrupt,prism,24.0,True,True,False,0.0
110,abrupt,severity_only,24.0,True,True,False,0.0
110,abrupt,external_only,24.0,True,True,False,0.0
110,abrupt,internal_only,24.0,True,True,False,0.0
110,abrupt,prism,24.0,True,True,False,0.0
111,abrupt,severity_only,24.0,True,True,False,0.0
111,abrupt,external_only,24.0,True,True,False,0.0
111,abrupt,internal_only,24.0,True,True,False,0.0
111,abrupt,prism,24.0,True,True,False,0.0
112,abrupt,severity_only,24.0,True,True,False,0.0
112,abrupt,external_only,24.0,True,True,False,0.0
112,abrupt,internal_only,24.0,True,True,False,0.0
112,abrupt,prism,24.0,True,True,False,0.0
113,abrupt,severity_only,24.0,True,True,False,0.0
113,abrupt,external_only,24.0,True,True,False,0.0
113,abrupt,internal_only,24.0,True,True,False,0.0
113,abrupt,prism,24.0,True,True,False,0.0
114,abrupt,severity_only,24.0,True,True,False,0.0
114,abrupt,external_only,24.0,True,True,False,0.0
114,abrupt,internal_only,24.0,True,True,False,0.0
114,abrupt,prism,24.0,True,True,False,0.0
115,abrupt,severity_only,24.0,True,True,False,0.0
115,abrupt,external_only,24.0,True,True,False,0.0
115,abrupt,internal_only,24.0,True,True,False,0.0
115,abrupt,prism,24.0,True,True,False,0.0
116,abrupt,severity_only,13.0,False,False,True,
116,abrupt,external_only,13.0,False,False,True,
116,abrupt,internal_only,13.0,False,False,True,
116,abrupt,prism,13.0,False,False,True,
117,abrupt,severity_only,24.0,True,True,False,0.0
117,abrupt,external_only,24.0,True,True,False,0.0
117,abrupt,internal_only,24.0,True,True,False,0.0
117,abrupt,prism,23.0,True,True,False,1.0
118,abrupt,severity_only,24.0,True,True,False,0.0
118,abrupt,external_only,24.0,True,True,False,0.0
118,abrupt,internal_only,24.0,True,True,False,0.0
118,abrupt,prism,24.0,True,True,False,0.0
119,abrupt,severity_only,24.0,True,True,False,0.0
119,abrupt,external_only,24.0,True,True,False,0.0
119,abrupt,internal_only,24.0,True,True,False,0.0
119,abrupt,prism,24.0,True,True,False,0.0
120,abrupt,severity_only,24.0,True,True,False,0.0
120,abrupt,external_only,24.0,True,True,False,0.0
120,abrupt,internal_only,24.0,True,True,False,0.0
120,abrupt,prism,24.0,True,True,False,0.0
121,abrupt,severity_only,24.0,True,True,False,0.0
121,abrupt,external_only,24.0,True,True,False,0.0
121,abrupt,internal_only,24.0,True,True,False,0.0
121,abrupt,prism,24.0,True,True,False,0.0
122,abrupt,severity_only,17.0,False,False,True,
122,abrupt,external_only,17.0,False,False,True,
122,abrupt,internal_only,17.0,False,False,True,
122,abrupt,prism,17.0,False,False,True,
123,abrupt,severity_only,24.0,True,True,False,0.0
123,abrupt,external_only,24.0,True,True,False,0.0
123,abrupt,internal_only,24.0,True,True,False,0.0
123,abrupt,prism,24.0,True,True,False,0.0
124,abrupt,severity_only,24.0,True,True,False,0.0
124,abrupt,external_only,24.0,True,True,False,0.0
124,abrupt,internal_only,24.0,True,True,False,0.0
124,abrupt,prism,24.0,True,True,False,0.0
125,abrupt,severity_only,24.0,True,True,False,0.0
125,abrupt,external_only,24.0,True,True,False,0.0
125,abrupt,internal_only,24.0,True,True,False,0.0
125,abrupt,prism,24.0,True,True,False,0.0
126,abrupt,severity_only,24.0,True,True,False,0.0
126,abrupt,external_only,24.0,True,True,False,0.0
126,abrupt,internal_only,24.0,True,True,False,0.0
126,abrupt,prism,24.0,True,True,False,0.0
127,abrupt,severity_only,24.0,True,True,False,0.0
127,abrupt,external_only,24.0,True,True,False,0.0
127,abrupt,internal_only,24.0,True,True,False,0.0
127,abrupt,prism,24.0,True,True,False,0.0
128,abrupt,severity_only,24.0,True,True,False,0.0
128,abrupt,external_only,24.0,True,True,False,0.0
128,abrupt,internal_only,24.0,True,True,False,0.0
128,abrupt,prism,24.0,True,True,False,0.0
129,abrupt,severity_only,24.0,True,True,False,0.0
129,abrupt,external_only,24.0,True,True,False,0.0
129,abrupt,internal_only,24.0,True,True,False,0.0
129,abrupt,prism,24.0,True,True,False,0.0
130,abrupt,severity_only,24.0,True,True,False,0.0
130,abrupt,external_only,24.0,True,True,False,0.0
130,abrupt,internal_only,24.0,True,True,False,0.0
130,abrupt,prism,24.0,True,True,False,0.0
131,abrupt,severity_only,24.0,True,True,False,0.0
131,abrupt,external_only,24.0,True,True,False,0.0
131,abrupt,internal_only,24.0,True,True,False,0.0
131,abrupt,prism,24.0,True,True,False,0.0
132,abrupt,severity_only,24.0,True,True,False,0.0
132,abrupt,external_only,24.0,True,True,False,0.0
132,abrupt,internal_only,24.0,True,True,False,0.0
132,abrupt,prism,24.0,True,True,False,0.0
133,abrupt,severity_only,24.0,True,True,False,0.0
133,abrupt,external_only,24.0,True,True,False,0.0
133,abrupt,internal_only,24.0,True,True,False,0.0
133,abrupt,prism,24.0,True,True,False,0.0
134,abrupt,severity_only,24.0,True,True,False,0.0
134,abrupt,external_only,24.0,True,True,False,0.0
134,abrupt,internal_only,24.0,True,True,False,0.0
134,abrupt,prism,24.0,True,True,False,0.0
135,abrupt,severity_only,24.0,True,True,False,0.0
135,abrupt,external_only,24.0,True,True,False,0.0
135,abrupt,internal_only,24.0,True,True,False,0.0
135,abrupt,prism,24.0,True,True,False,0.0
136,abrupt,severity_only,24.0,True,True,False,0.0
136,abrupt,external_only,24.0,True,True,False,0.0
136,abrupt,internal_only,24.0,True,True,False,0.0
136,abrupt,prism,24.0,True,True,False,0.0
137,abrupt,severity_only,24.0,True,True,False,0.0
137,abrupt,external_only,24.0,True,True,False,0.0
137,abrupt,internal_only,24.0,True,True,False,0.0
137,abrupt,prism,24.0,True,True,False,0.0
138,abrupt,severity_only,24.0,True,True,False,0.0
138,abrupt,external_only,24.0,True,True,False,0.0
138,abrupt,internal_only,24.0,True,True,False,0.0
138,abrupt,prism,24.0,True,True,False,0.0
139,abrupt,severity_only,24.0,True,True,False,0.0
139,abrupt,external_only,24.0,True,True,False,0.0
139,abrupt,internal_only,24.0,True,True,False,0.0
139,abrupt,prism,24.0,True,True,False,0.0
140,abrupt,severity_only,24.0,True,True,False,0.0
140,abrupt,external_only,24.0,True,True,False,0.0
140,abrupt,internal_only,24.0,True,True,False,0.0
140,abrupt,prism,24.0,True,True,False,0.0
141,abrupt,severity_only,24.0,True,True,False,0.0
141,abrupt,external_only,24.0,True,True,False,0.0
141,abrupt,internal_only,24.0,True,True,False,0.0
141,abrupt,prism,24.0,True,True,False,0.0
142,abrupt,severity_only,24.0,True,True,False,0.0
142,abrupt,external_only,24.0,True,True,False,0.0
142,abrupt,internal_only,24.0,True,True,False,0.0
142,abrupt,prism,24.0,True,True,False,0.0
143,abrupt,severity_only,24.0,True,True,False,0.0
143,abrupt,external_only,24.0,True,True,False,0.0
143,abrupt,internal_only,24.0,True,True,False,0.0
143,abrupt,prism,24.0,True,True,False,0.0
144,abrupt,severity_only,24.0,True,True,False,0.0
144,abrupt,external_only,24.0,True,True,False,0.0
144,abrupt,internal_only,24.0,True,True,False,0.0
144,abrupt,prism,24.0,True,True,False,0.0
145,abrupt,severity_only,24.0,True,True,False,0.0
145,abrupt,external_only,24.0,True,True,False,0.0
145,abrupt,internal_only,24.0,True,True,False,0.0
145,abrupt,prism,24.0,True,True,False,0.0
146,abrupt,severity_only,24.0,True,True,False,0.0
146,abrupt,external_only,24.0,True,True,False,0.0
146,abrupt,internal_only,24.0,True,True,False,0.0
146,abrupt,prism,24.0,True,True,False,0.0
147,abrupt,severity_only,24.0,True,True,False,0.0
147,abrupt,external_only,24.0,True,True,False,0.0
147,abrupt,internal_only,24.0,True,True,False,0.0
147,abrupt,prism,24.0,True,True,False,0.0
148,abrupt,severity_only,24.0,True,True,False,0.0
148,abrupt,external_only,24.0,True,True,False,0.0
148,abrupt,internal_only,24.0,True,True,False,0.0
148,abrupt,prism,24.0,True,True,False,0.0
149,abrupt,severity_only,24.0,True,True,False,0.0
149,abrupt,external_only,24.0,True,True,False,0.0
149,abrupt,internal_only,24.0,True,True,False,0.0
149,abrupt,prism,24.0,True,True,False,0.0
150,abrupt,severity_only,24.0,True,True,False,0.0
150,abrupt,external_only,24.0,True,True,False,0.0
150,abrupt,internal_only,24.0,True,True,False,0.0
150,abrupt,prism,24.0,True,True,False,0.0
151,abrupt,severity_only,24.0,True,True,False,0.0
151,abrupt,external_only,24.0,True,True,False,0.0
151,abrupt,internal_only,24.0,True,True,False,0.0
151,abrupt,prism,24.0,True,True,False,0.0
152,abrupt,severity_only,24.0,True,True,False,0.0
152,abrupt,external_only,24.0,True,True,False,0.0
152,abrupt,internal_only,24.0,True,True,False,0.0
152,abrupt,prism,24.0,True,True,False,0.0
153,abrupt,severity_only,24.0,True,True,False,0.0
153,abrupt,external_only,24.0,True,True,False,0.0
153,abrupt,internal_only,24.0,True,True,False,0.0
153,abrupt,prism,24.0,True,True,False,0.0
154,abrupt,severity_only,24.0,True,True,False,0.0
154,abrupt,external_only,24.0,True,True,False,0.0
154,abrupt,internal_only,24.0,True,True,False,0.0
154,abrupt,prism,24.0,True,True,False,0.0
155,abrupt,severity_only,24.0,True,True,False,0.0
155,abrupt,external_only,24.0,True,True,False,0.0
155,abrupt,internal_only,24.0,True,True,False,0.0
155,abrupt,prism,24.0,True,True,False,0.0
156,abrupt,severity_only,24.0,True,True,False,0.0
156,abrupt,external_only,24.0,True,True,False,0.0
156,abrupt,internal_only,24.0,True,True,False,0.0
156,abrupt,prism,24.0,True,True,False,0.0
157,abrupt,severity_only,24.0,True,True,False,0.0
157,abrupt,external_only,24.0,True,True,False,0.0
157,abrupt,internal_only,24.0,True,True,False,0.0
157,abrupt,prism,24.0,True,True,False,0.0
158,abrupt,severity_only,24.0,True,True,False,0.0
158,abrupt,external_only,24.0,True,True,False,0.0
158,abrupt,internal_only,24.0,True,True,False,0.0
158,abrupt,prism,24.0,True,True,False,0.0
159,abrupt,severity_only,24.0,True,True,False,0.0
159,abrupt,external_only,24.0,True,True,False,0.0
159,abrupt,internal_only,24.0,True,True,False,0.0
159,abrupt,prism,24.0,True,True,False,0.0
160,abrupt,severity_only,24.0,True,True,False,0.0
160,abrupt,external_only,24.0,True,True,False,0.0
160,abrupt,internal_only,24.0,True,True,False,0.0
160,abrupt,prism,24.0,True,True,False,0.0
161,abrupt,severity_only,24.0,True,True,False,0.0
161,abrupt,external_only,24.0,True,True,False,0.0
161,abrupt,internal_only,24.0,True,True,False,0.0
161,abrupt,prism,24.0,True,True,False,0.0
162,abrupt,severity_only,24.0,True,True,False,0.0
162,abrupt,external_only,24.0,True,True,False,0.0
162,abrupt,internal_only,24.0,True,True,False,0.0
162,abrupt,prism,24.0,True,True,False,0.0
163,abrupt,severity_only,24.0,True,True,False,0.0
163,abrupt,external_only,24.0,True,True,False,0.0
163,abrupt,internal_only,24.0,True,True,False,0.0
163,abrupt,prism,24.0,True,True,False,0.0
164,abrupt,severity_only,24.0,True,True,False,0.0
164,abrupt,external_only,24.0,True,True,False,0.0
164,abrupt,internal_only,24.0,True,True,False,0.0
164,abrupt,prism,24.0,True,True,False,0.0
165,abrupt,severity_only,24.0,True,True,False,0.0
165,abrupt,external_only,24.0,True,True,False,0.0
165,abrupt,internal_only,24.0,True,True,False,0.0
165,abrupt,prism,24.0,True,True,False,0.0
166,abrupt,severity_only,24.0,True,True,False,0.0
166,abrupt,external_only,24.0,True,True,False,0.0
166,abrupt,internal_only,24.0,True,True,False,0.0
166,abrupt,prism,24.0,True,True,False,0.0
167,abrupt,severity_only,24.0,True,True,False,0.0
167,abrupt,external_only,24.0,True,True,False,0.0
167,abrupt,internal_only,24.0,True,True,False,0.0
167,abrupt,prism,24.0,True,True,False,0.0
168,abrupt,severity_only,24.0,True,True,False,0.0
168,abrupt,external_only,24.0,True,True,False,0.0
168,abrupt,internal_only,24.0,True,True,False,0.0
168,abrupt,prism,24.0,True,True,False,0.0
169,abrupt,severity_only,24.0,True,True,False,0.0
169,abrupt,external_only,24.0,True,True,False,0.0
169,abrupt,internal_only,24.0,True,True,False,0.0
169,abrupt,prism,24.0,True,True,False,0.0
170,abrupt,severity_only,24.0,True,True,False,0.0
170,abrupt,external_only,24.0,True,True,False,0.0
170,abrupt,internal_only,24.0,True,True,False,0.0
170,abrupt,prism,24.0,True,True,False,0.0
171,abrupt,severity_only,24.0,True,True,False,0.0
171,abrupt,external_only,24.0,True,True,False,0.0
171,abrupt,internal_only,24.0,True,True,False,0.0
171,abrupt,prism,24.0,True,True,False,0.0
172,abrupt,severity_only,24.0,True,True,False,0.0
172,abrupt,external_only,24.0,True,True,False,0.0
172,abrupt,internal_only,24.0,True,True,False,0.0
172,abrupt,prism,24.0,True,True,False,0.0
173,abrupt,severity_only,24.0,True,True,False,0.0
173,abrupt,external_only,21.0,False,False,False,
173,abrupt,internal_only,24.0,True,True,False,0.0
173,abrupt,prism,24.0,True,True,False,0.0
174,abrupt,severity_only,24.0,True,True,False,0.0
174,abrupt,external_only,24.0,True,True,False,0.0
174,abrupt,internal_only,24.0,True,True,False,0.0
174,abrupt,prism,24.0,True,True,False,0.0
175,abrupt,severity_only,24.0,True,True,False,0.0
175,abrupt,external_only,24.0,True,True,False,0.0
175,abrupt,internal_only,24.0,True,True,False,0.0
175,abrupt,prism,24.0,True,True,False,0.0
176,abrupt,severity_only,24.0,True,True,False,0.0
176,abrupt,external_only,24.0,True,True,False,0.0
176,abrupt,internal_only,24.0,True,True,False,0.0
176,abrupt,prism,24.0,True,True,False,0.0
177,abrupt,severity_only,24.0,True,True,False,0.0
177,abrupt,external_only,24.0,True,True,False,0.0
177,abrupt,internal_only,24.0,True,True,False,0.0
177,abrupt,prism,24.0,True,True,False,0.0
178,abrupt,severity_only,24.0,True,True,False,0.0
178,abrupt,external_only,24.0,True,True,False,0.0
178,abrupt,internal_only,24.0,True,True,False,0.0
178,abrupt,prism,24.0,True,True,False,0.0
179,abrupt,severity_only,24.0,True,True,False,0.0
179,abrupt,external_only,24.0,True,True,False,0.0
179,abrupt,internal_only,24.0,True,True,False,0.0
179,abrupt,prism,24.0,True,True,False,0.0
180,abrupt,severity_only,24.0,True,True,False,0.0
180,abrupt,external_only,24.0,True,True,False,0.0
180,abrupt,internal_only,24.0,True,True,False,0.0
180,abrupt,prism,24.0,True,True,False,0.0
181,abrupt,severity_only,24.0,True,True,False,0.0
181,abrupt,external_only,24.0,True,True,False,0.0
181,abrupt,internal_only,24.0,True,True,False,0.0
181,abrupt,prism,24.0,True,True,False,0.0
182,abrupt,severity_only,24.0,True,True,False,0.0
182,abrupt,external_only,24.0,True,True,False,0.0
182,abrupt,internal_only,24.0,True,True,False,0.0
182,abrupt,prism,24.0,True,True,False,0.0
183,abrupt,severity_only,24.0,True,True,False,0.0
183,abrupt,external_only,12.0,False,False,True,
183,abrupt,internal_only,24.0,True,True,False,0.0
183,abrupt,prism,12.0,False,False,True,
184,abrupt,severity_only,24.0,True,True,False,0.0
184,abrupt,external_only,24.0,True,True,False,0.0
184,abrupt,internal_only,24.0,True,True,False,0.0
184,abrupt,prism,24.0,True,True,False,0.0
185,abrupt,severity_only,24.0,True,True,False,0.0
185,abrupt,external_only,24.0,True,True,False,0.0
185,abrupt,internal_only,24.0,True,True,False,0.0
185,abrupt,prism,24.0,True,True,False,0.0
186,abrupt,severity_only,24.0,True,True,False,0.0
186,abrupt,external_only,24.0,True,True,False,0.0
186,abrupt,internal_only,24.0,True,True,False,0.0
186,abrupt,prism,24.0,True,True,False,0.0
187,abrupt,severity_only,24.0,True,True,False,0.0
187,abrupt,external_only,24.0,True,True,False,0.0
187,abrupt,internal_only,24.0,True,True,False,0.0
187,abrupt,prism,24.0,True,True,False,0.0
188,abrupt,severity_only,24.0,True,True,False,0.0
188,abrupt,external_only,24.0,True,True,False,0.0
188,abrupt,internal_only,24.0,True,True,False,0.0
188,abrupt,prism,24.0,True,True,False,0.0
189,abrupt,severity_only,24.0,True,True,False,0.0
189,abrupt,external_only,24.0,True,True,False,0.0
189,abrupt,internal_only,24.0,True,True,False,0.0
189,abrupt,prism,24.0,True,True,False,0.0
190,abrupt,severity_only,24.0,True,True,False,0.0
190,abrupt,external_only,24.0,True,True,False,0.0
190,abrupt,internal_only,24.0,True,True,False,0.0
190,abrupt,prism,20.0,False,False,True,
191,abrupt,severity_only,24.0,True,True,False,0.0
191,abrupt,external_only,24.0,True,True,False,0.0
191,abrupt,internal_only,24.0,True,True,False,0.0
191,abrupt,prism,24.0,True,True,False,0.0
192,abrupt,severity_only,24.0,True,True,False,0.0
192,abrupt,external_only,24.0,True,True,False,0.0
192,abrupt,internal_only,24.0,True,True,False,0.0
192,abrupt,prism,24.0,True,True,False,0.0
193,abrupt,severity_only,24.0,True,True,False,0.0
193,abrupt,external_only,24.0,True,True,False,0.0
193,abrupt,internal_only,24.0,True,True,False,0.0
193,abrupt,prism,24.0,True,True,False,0.0
194,abrupt,severity_only,24.0,True,True,False,0.0
194,abrupt,external_only,24.0,True,True,False,0.0
194,abrupt,internal_only,24.0,True,True,False,0.0
194,abrupt,prism,24.0,True,True,False,0.0
195,abrupt,severity_only,24.0,True,True,False,0.0
195,abrupt,external_only,7.0,False,False,True,
195,abrupt,internal_only,24.0,True,True,False,0.0
195,abrupt,prism,7.0,False,False,True,
196,abrupt,severity_only,24.0,True,True,False,0.0
196,abrupt,external_only,24.0,True,True,False,0.0
196,abrupt,internal_only,24.0,True,True,False,0.0
196,abrupt,prism,24.0,True,True,False,0.0
197,abrupt,severity_only,24.0,True,True,False,0.0
197,abrupt,external_only,24.0,True,True,False,0.0
197,abrupt,internal_only,24.0,True,True,False,0.0
197,abrupt,prism,24.0,True,True,False,0.0
198,abrupt,severity_only,24.0,True,True,False,0.0
198,abrupt,external_only,5.0,False,False,True,
198,abrupt,internal_only,24.0,True,True,False,0.0
198,abrupt,prism,5.0,False,False,True,
199,abrupt,severity_only,24.0,True,True,False,0.0
199,abrupt,external_only,24.0,True,True,False,0.0
199,abrupt,internal_only,24.0,True,True,False,0.0
199,abrupt,prism,24.0,True,True,False,0.0
200,abrupt,severity_only,24.0,True,True,False,0.0
200,abrupt,external_only,24.0,True,True,False,0.0
200,abrupt,internal_only,24.0,True,True,False,0.0
200,abrupt,prism,24.0,True,True,False,0.0
201,abrupt,severity_only,24.0,True,True,False,0.0
201,abrupt,external_only,24.0,True,True,False,0.0
201,abrupt,internal_only,24.0,True,True,False,0.0
201,abrupt,prism,24.0,True,True,False,0.0
202,abrupt,severity_only,24.0,True,True,False,0.0
202,abrupt,external_only,24.0,True,True,False,0.0
202,abrupt,internal_only,24.0,True,True,False,0.0
202,abrupt,prism,24.0,True,True,False,0.0
203,abrupt,severity_only,24.0,True,True,False,0.0
203,abrupt,external_only,24.0,True,True,False,0.0
203,abrupt,internal_only,24.0,True,True,False,0.0
203,abrupt,prism,24.0,True,True,False,0.0
204,abrupt,severity_only,24.0,True,True,False,0.0
204,abrupt,external_only,24.0,True,True,False,0.0
204,abrupt,internal_only,24.0,True,True,False,0.0
204,abrupt,prism,24.0,True,True,False,0.0
205,abrupt,severity_only,24.0,True,True,False,0.0
205,abrupt,external_only,24.0,True,True,False,0.0
205,abrupt,internal_only,24.0,True,True,False,0.0
205,abrupt,prism,24.0,True,True,False,0.0
206,abrupt,severity_only,24.0,True,True,False,0.0
206,abrupt,external_only,15.0,False,False,True,
206,abrupt,internal_only,24.0,True,True,False,0.0
206,abrupt,prism,15.0,False,False,True,
207,abrupt,severity_only,24.0,True,True,False,0.0
207,abrupt,external_only,24.0,True,True,False,0.0
207,abrupt,internal_only,24.0,True,True,False,0.0
207,abrupt,prism,24.0,True,True,False,0.0
208,abrupt,severity_only,24.0,True,True,False,0.0
208,abrupt,external_only,24.0,True,True,False,0.0
208,abrupt,internal_only,24.0,True,True,False,0.0
208,abrupt,prism,24.0,True,True,False,0.0
209,abrupt,severity_only,24.0,True,True,False,0.0
209,abrupt,external_only,8.0,False,False,True,
209,abrupt,internal_only,24.0,True,True,False,0.0
209,abrupt,prism,8.0,False,False,True,
210,abrupt,severity_only,24.0,True,True,False,0.0
210,abrupt,external_only,24.0,True,True,False,0.0
210,abrupt,internal_only,24.0,True,True,False,0.0
210,abrupt,prism,24.0,True,True,False,0.0
211,abrupt,severity_only,24.0,True,True,False,0.0
211,abrupt,external_only,24.0,True,True,False,0.0
211,abrupt,internal_only,24.0,True,True,False,0.0
211,abrupt,prism,24.0,True,True,False,0.0
212,abrupt,severity_only,24.0,True,True,False,0.0
212,abrupt,external_only,24.0,True,True,False,0.0
212,abrupt,internal_only,24.0,True,True,False,0.0
212,abrupt,prism,24.0,True,True,False,0.0
213,abrupt,severity_only,24.0,True,True,False,0.0
213,abrupt,external_only,24.0,True,True,False,0.0
213,abrupt,internal_only,24.0,True,True,False,0.0
213,abrupt,prism,24.0,True,True,False,0.0
214,abrupt,severity_only,24.0,True,True,False,0.0
214,abrupt,external_only,4.0,False,False,True,
214,abrupt,internal_only,24.0,True,True,False,0.0
214,abrupt,prism,4.0,False,False,True,
215,abrupt,severity_only,24.0,True,True,False,0.0
215,abrupt,external_only,24.0,True,True,False,0.0
215,abrupt,internal_only,24.0,True,True,False,0.0
215,abrupt,prism,24.0,True,True,False,0.0
216,abrupt,severity_only,24.0,True,True,False,0.0
216,abrupt,external_only,24.0,True,True,False,0.0
216,abrupt,internal_only,24.0,True,True,False,0.0
216,abrupt,prism,24.0,True,True,False,0.0
217,abrupt,severity_only,24.0,True,True,False,0.0
217,abrupt,external_only,24.0,True,True,False,0.0
217,abrupt,internal_only,24.0,True,True,False,0.0
217,abrupt,prism,24.0,True,True,False,0.0
218,abrupt,severity_only,24.0,True,True,False,0.0
218,abrupt,external_only,24.0,True,True,False,0.0
218,abrupt,internal_only,24.0,True,True,False,0.0
218,abrupt,prism,24.0,True,True,False,0.0
219,abrupt,severity_only,24.0,True,True,False,0.0
219,abrupt,external_only,24.0,True,True,False,0.0
219,abrupt,internal_only,24.0,True,True,False,0.0
219,abrupt,prism,24.0,True,True,False,0.0
220,abrupt,severity_only,24.0,True,True,False,0.0
220,abrupt,external_only,24.0,True,True,False,0.0
220,abrupt,internal_only,24.0,True,True,False,0.0
220,abrupt,prism,24.0,True,True,False,0.0
221,abrupt,severity_only,24.0,True,True,False,0.0
221,abrupt,external_only,24.0,True,True,False,0.0
221,abrupt,internal_only,24.0,True,True,False,0.0
221,abrupt,prism,24.0,True,True,False,0.0
222,abrupt,severity_only,24.0,True,True,False,0.0
222,abrupt,external_only,24.0,True,True,False,0.0
222,abrupt,internal_only,24.0,True,True,False,0.0
222,abrupt,prism,24.0,True,True,False,0.0
223,abrupt,severity_only,24.0,True,True,False,0.0
223,abrupt,external_only,24.0,True,True,False,0.0
223,abrupt,internal_only,24.0,True,True,False,0.0
223,abrupt,prism,24.0,True,True,False,0.0
224,abrupt,severity_only,24.0,True,True,False,0.0
224,abrupt,external_only,24.0,True,True,False,0.0
224,abrupt,internal_only,24.0,True,True,False,0.0
224,abrupt,prism,24.0,True,True,False,0.0
225,abrupt,severity_only,24.0,True,True,False,0.0
225,abrupt,external_only,24.0,True,True,False,0.0
225,abrupt,internal_only,24.0,True,True,False,0.0
225,abrupt,prism,24.0,True,True,False,0.0
226,abrupt,severity_only,24.0,True,True,False,0.0
226,abrupt,external_only,24.0,True,True,False,0.0
226,abrupt,internal_only,24.0,True,True,False,0.0
226,abrupt,prism,24.0,True,True,False,0.0
227,abrupt,severity_only,24.0,True,True,False,0.0
227,abrupt,external_only,24.0,True,True,False,0.0
227,abrupt,internal_only,24.0,True,True,False,0.0
227,abrupt,prism,24.0,True,True,False,0.0
228,abrupt,severity_only,24.0,True,True,False,0.0
228,abrupt,external_only,24.0,True,True,False,0.0
228,abrupt,internal_only,24.0,True,True,False,0.0
228,abrupt,prism,24.0,True,True,False,0.0
229,abrupt,severity_only,24.0,True,True,False,0.0
229,abrupt,external_only,24.0,True,True,False,0.0
229,abrupt,internal_only,24.0,True,True,False,0.0
229,abrupt,prism,24.0,True,True,False,0.0
230,abrupt,severity_only,24.0,True,True,False,0.0
230,abrupt,external_only,24.0,True,True,False,0.0
230,abrupt,internal_only,24.0,True,True,False,0.0
230,abrupt,prism,24.0,True,True,False,0.0
231,abrupt,severity_only,24.0,True,True,False,0.0
231,abrupt,external_only,24.0,True,True,False,0.0
231,abrupt,internal_only,24.0,True,True,False,0.0
231,abrupt,prism,24.0,True,True,False,0.0
232,abrupt,severity_only,24.0,True,True,False,0.0
232,abrupt,external_only,24.0,True,True,False,0.0
232,abrupt,internal_only,18.0,False,False,True,
232,abrupt,prism,18.0,False,False,True,
233,abrupt,severity_only,24.0,True,True,False,0.0
233,abrupt,external_only,24.0,True,True,False,0.0
233,abrupt,internal_only,24.0,True,True,False,0.0
233,abrupt,prism,24.0,True,True,False,0.0
234,abrupt,severity_only,24.0,True,True,False,0.0
234,abrupt,external_only,24.0,True,True,False,0.0
234,abrupt,internal_only,24.0,True,True,False,0.0
234,abrupt,prism,24.0,True,True,False,0.0
235,abrupt,severity_only,24.0,True,True,False,0.0
235,abrupt,external_only,24.0,True,True,False,0.0
235,abrupt,internal_only,24.0,True,True,False,0.0
235,abrupt,prism,24.0,True,True,False,0.0
236,abrupt,severity_only,24.0,True,True,False,0.0
236,abrupt,external_only,24.0,True,True,False,0.0
236,abrupt,internal_only,24.0,True,True,False,0.0
236,abrupt,prism,24.0,True,True,False,0.0
237,abrupt,severity_only,24.0,True,True,False,0.0
237,abrupt,external_only,24.0,True,True,False,0.0
237,abrupt,internal_only,24.0,True,True,False,0.0
237,abrupt,prism,24.0,True,True,False,0.0
238,abrupt,severity_only,24.0,True,True,False,0.0
238,abrupt,external_only,24.0,True,True,False,0.0
238,abrupt,internal_only,24.0,True,True,False,0.0
238,abrupt,prism,24.0,True,True,False,0.0
239,abrupt,severity_only,24.0,True,True,False,0.0
239,abrupt,external_only,24.0,True,True,False,0.0
239,abrupt,internal_only,24.0,True,True,False,0.0
239,abrupt,prism,24.0,True,True,False,0.0
240,abrupt,severity_only,24.0,True,True,False,0.0
240,abrupt,external_only,24.0,True,True,False,0.0
240,abrupt,internal_only,24.0,True,True,False,0.0
240,abrupt,prism,24.0,True,True,False,0.0
241,abrupt,severity_only,24.0,True,True,False,0.0
241,abrupt,external_only,24.0,True,True,False,0.0
241,abrupt,internal_only,24.0,True,True,False,0.0
241,abrupt,prism,24.0,True,True,False,0.0
242,abrupt,severity_only,24.0,True,True,False,0.0
242,abrupt,external_only,24.0,True,True,False,0.0
242,abrupt,internal_only,24.0,True,True,False,0.0
242,abrupt,prism,24.0,True,True,False,0.0
243,abrupt,severity_only,24.0,True,True,False,0.0
243,abrupt,external_only,24.0,True,True,False,0.0
243,abrupt,internal_only,24.0,True,True,False,0.0
243,abrupt,prism,24.0,True,True,False,0.0
244,abrupt,severity_only,24.0,True,True,False,0.0
244,abrupt,external_only,24.0,True,True,False,0.0
244,abrupt,internal_only,24.0,True,True,False,0.0
244,abrupt,prism,24.0,True,True,False,0.0
245,abrupt,severity_only,24.0,True,True,False,0.0
245,abrupt,external_only,24.0,True,True,False,0.0
245,abrupt,internal_only,24.0,True,True,False,0.0
245,abrupt,prism,24.0,True,True,False,0.0
246,abrupt,severity_only,24.0,True,True,False,0.0
246,abrupt,external_only,24.0,True,True,False,0.0
246,abrupt,internal_only,24.0,True,True,False,0.0
246,abrupt,prism,24.0,True,True,False,0.0
247,abrupt,severity_only,24.0,True,True,False,0.0
247,abrupt,external_only,24.0,True,True,False,0.0
247,abrupt,internal_only,24.0,True,True,False,0.0
247,abrupt,prism,24.0,True,True,False,0.0
248,abrupt,severity_only,24.0,True,True,False,0.0
248,abrupt,external_only,24.0,True,True,False,0.0
248,abrupt,internal_only,24.0,True,True,False,0.0
248,abrupt,prism,24.0,True,True,False,0.0
249,abrupt,severity_only,24.0,True,True,False,0.0
249,abrupt,external_only,24.0,True,True,False,0.0
249,abrupt,internal_only,24.0,True,True,False,0.0
249,abrupt,prism,24.0,True,True,False,0.0
250,abrupt,severity_only,24.0,True,True,False,0.0
250,abrupt,external_only,24.0,True,True,False,0.0
250,abrupt,internal_only,24.0,True,True,False,0.0
250,abrupt,prism,20.0,False,False,True,
251,abrupt,severity_only,24.0,True,True,False,0.0
251,abrupt,external_only,24.0,True,True,False,0.0
251,abrupt,internal_only,24.0,True,True,False,0.0
251,abrupt,prism,24.0,True,True,False,0.0
252,abrupt,severity_only,24.0,True,True,False,0.0
252,abrupt,external_only,24.0,True,True,False,0.0
252,abrupt,internal_only,24.0,True,True,False,0.0
252,abrupt,prism,24.0,True,True,False,0.0
253,abrupt,severity_only,24.0,True,True,False,0.0
253,abrupt,external_only,24.0,True,True,False,0.0
253,abrupt,internal_only,24.0,True,True,False,0.0
253,abrupt,prism,24.0,True,True,False,0.0
254,abrupt,severity_only,24.0,True,True,False,0.0
254,abrupt,external_only,24.0,True,True,False,0.0
254,abrupt,internal_only,24.0,True,True,False,0.0
254,abrupt,prism,24.0,True,True,False,0.0
255,abrupt,severity_only,24.0,True,True,False,0.0
255,abrupt,external_only,24.0,True,True,False,0.0
255,abrupt,internal_only,24.0,True,True,False,0.0
255,abrupt,prism,24.0,True,True,False,0.0
256,abrupt,severity_only,24.0,True,True,False,0.0
256,abrupt,external_only,24.0,True,True,False,0.0
256,abrupt,internal_only,24.0,True,True,False,0.0
256,abrupt,prism,23.0,True,True,False,1.0
257,abrupt,severity_only,24.0,True,True,False,0.0
257,abrupt,external_only,24.0,True,True,False,0.0
257,abrupt,internal_only,24.0,True,True,False,0.0
257,abrupt,prism,24.0,True,True,False,0.0
258,abrupt,severity_only,24.0,True,True,False,0.0
258,abrupt,external_only,24.0,True,True,False,0.0
258,abrupt,internal_only,24.0,True,True,False,0.0
258,abrupt,prism,24.0,True,True,False,0.0
259,abrupt,severity_only,24.0,True,True,False,0.0
259,abrupt,external_only,24.0,True,True,False,0.0
259,abrupt,internal_only,24.0,True,True,False,0.0
259,abrupt,prism,22.0,True,True,False,2.0
260,abrupt,severity_only,24.0,True,True,False,0.0
260,abrupt,external_only,24.0,True,True,False,0.0
260,abrupt,internal_only,24.0,True,True,False,0.0
260,abrupt,prism,24.0,True,True,False,0.0
261,abrupt,severity_only,24.0,True,True,False,0.0
261,abrupt,external_only,24.0,True,True,False,0.0
261,abrupt,internal_only,24.0,True,True,False,0.0
261,abrupt,prism,24.0,True,True,False,0.0
262,abrupt,severity_only,24.0,True,True,False,0.0
262,abrupt,external_only,24.0,True,True,False,0.0
262,abrupt,internal_only,24.0,True,True,False,0.0
262,abrupt,prism,24.0,True,True,False,0.0
263,abrupt,severity_only,24.0,True,True,False,0.0
263,abrupt,external_only,24.0,True,True,False,0.0
263,abrupt,internal_only,24.0,True,True,False,0.0
263,abrupt,prism,24.0,True,True,False,0.0
264,abrupt,severity_only,24.0,True,True,False,0.0
264,abrupt,external_only,24.0,True,True,False,0.0
264,abrupt,internal_only,24.0,True,True,False,0.0
264,abrupt,prism,23.0,True,True,False,1.0
265,abrupt,severity_only,24.0,True,True,False,0.0
265,abrupt,external_only,24.0,True,True,False,0.0
265,abrupt,internal_only,24.0,True,True,False,0.0
265,abrupt,prism,24.0,True,True,False,0.0
266,abrupt,severity_only,24.0,True,True,False,0.0
266,abrupt,external_only,24.0,True,True,False,0.0
266,abrupt,internal_only,24.0,True,True,False,0.0
266,abrupt,prism,24.0,True,True,False,0.0
267,abrupt,severity_only,24.0,True,True,False,0.0
267,abrupt,external_only,24.0,True,True,False,0.0
267,abrupt,internal_only,24.0,True,True,False,0.0
267,abrupt,prism,24.0,True,True,False,0.0
268,abrupt,severity_only,24.0,True,True,False,0.0
268,abrupt,external_only,24.0,True,True,False,0.0
268,abrupt,internal_only,24.0,True,True,False,0.0
268,abrupt,prism,24.0,True,True,False,0.0
269,abrupt,severity_only,24.0,True,True,False,0.0
269,abrupt,external_only,24.0,True,True,False,0.0
269,abrupt,internal_only,24.0,True,True,False,0.0
269,abrupt,prism,24.0,True,True,False,0.0
270,abrupt,severity_only,24.0,True,True,False,0.0
270,abrupt,external_only,24.0,True,True,False,0.0
270,abrupt,internal_only,24.0,True,True,False,0.0
270,abrupt,prism,24.0,True,True,False,0.0
271,abrupt,severity_only,24.0,True,True,False,0.0
271,abrupt,external_only,24.0,True,True,False,0.0
271,abrupt,internal_only,24.0,True,True,False,0.0
271,abrupt,prism,24.0,True,True,False,0.0
272,abrupt,severity_only,24.0,True,True,False,0.0
272,abrupt,external_only,24.0,True,True,False,0.0
272,abrupt,internal_only,24.0,True,True,False,0.0
272,abrupt,prism,24.0,True,True,False,0.0
273,abrupt,severity_only,24.0,True,True,False,0.0
273,abrupt,external_only,24.0,True,True,False,0.0
273,abrupt,internal_only,24.0,True,True,False,0.0
273,abrupt,prism,24.0,True,True,False,0.0
274,abrupt,severity_only,24.0,True,True,False,0.0
274,abrupt,external_only,24.0,True,True,False,0.0
274,abrupt,internal_only,24.0,True,True,False,0.0
274,abrupt,prism,24.0,True,True,False,0.0
275,abrupt,severity_only,24.0,True,True,False,0.0
275,abrupt,external_only,24.0,True,True,False,0.0
275,abrupt,internal_only,24.0,True,True,False,0.0
275,abrupt,prism,24.0,True,True,False,0.0
276,abrupt,severity_only,24.0,True,True,False,0.0
276,abrupt,external_only,24.0,True,True,False,0.0
276,abrupt,internal_only,24.0,True,True,False,0.0
276,abrupt,prism,24.0,True,True,False,0.0
277,abrupt,severity_only,24.0,True,True,False,0.0
277,abrupt,external_only,24.0,True,True,False,0.0
277,abrupt,internal_only,24.0,True,True,False,0.0
277,abrupt,prism,24.0,True,True,False,0.0
278,abrupt,severity_only,24.0,True,True,False,0.0
278,abrupt,external_only,24.0,True,True,False,0.0
278,abrupt,internal_only,24.0,True,True,False,0.0
278,abrupt,prism,24.0,True,True,False,0.0
279,abrupt,severity_only,24.0,True,True,False,0.0
279,abrupt,external_only,24.0,True,True,False,0.0
279,abrupt,internal_only,24.0,True,True,False,0.0
279,abrupt,prism,24.0,True,True,False,0.0
280,abrupt,severity_only,24.0,True,True,False,0.0
280,abrupt,external_only,24.0,True,True,False,0.0
280,abrupt,internal_only,24.0,True,True,False,0.0
280,abrupt,prism,24.0,True,True,False,0.0
281,abrupt,severity_only,24.0,True,True,False,0.0
281,abrupt,external_only,24.0,True,True,False,0.0
281,abrupt,internal_only,24.0,True,True,False,0.0
281,abrupt,prism,24.0,True,True,False,0.0
282,abrupt,severity_only,24.0,True,True,False,0.0
282,abrupt,external_only,24.0,True,True,False,0.0
282,abrupt,internal_only,24.0,True,True,False,0.0
282,abrupt,prism,24.0,True,True,False,0.0
283,abrupt,severity_only,24.0,True,True,False,0.0
283,abrupt,external_only,24.0,True,True,False,0.0
283,abrupt,internal_only,24.0,True,True,False,0.0
283,abrupt,prism,24.0,True,True,False,0.0
284,abrupt,severity_only,24.0,True,True,False,0.0
284,abrupt,external_only,24.0,True,True,False,0.0
284,abrupt,internal_only,24.0,True,True,False,0.0
284,abrupt,prism,24.0,True,True,False,0.0
285,abrupt,severity_only,24.0,True,True,False,0.0
285,abrupt,external_only,24.0,True,True,False,0.0
285,abrupt,internal_only,24.0,True,True,False,0.0
285,abrupt,prism,24.0,True,True,False,0.0
286,abrupt,severity_only,24.0,True,True,False,0.0
286,abrupt,external_only,24.0,True,True,False,0.0
286,abrupt,internal_only,24.0,True,True,False,0.0
286,abrupt,prism,24.0,True,True,False,0.0
287,abrupt,severity_only,24.0,True,True,False,0.0
287,abrupt,external_only,24.0,True,True,False,0.0
287,abrupt,internal_only,24.0,True,True,False,0.0
287,abrupt,prism,24.0,True,True,False,0.0
288,abrupt,severity_only,24.0,True,True,False,0.0
288,abrupt,external_only,24.0,True,True,False,0.0
288,abrupt,internal_only,24.0,True,True,False,0.0
288,abrupt,prism,24.0,True,True,False,0.0
289,abrupt,severity_only,24.0,True,True,False,0.0
289,abrupt,external_only,24.0,True,True,False,0.0
289,abrupt,internal_only,24.0,True,True,False,0.0
289,abrupt,prism,24.0,True,True,False,0.0
290,abrupt,severity_only,24.0,True,True,False,0.0
290,abrupt,external_only,24.0,True,True,False,0.0
290,abrupt,internal_only,24.0,True,True,False,0.0
290,abrupt,prism,24.0,True,True,False,0.0
291,abrupt,severity_only,24.0,True,True,False,0.0
291,abrupt,external_only,24.0,True,True,False,0.0
291,abrupt,internal_only,24.0,True,True,False,0.0
291,abrupt,prism,24.0,True,True,False,0.0
292,abrupt,severity_only,24.0,True,True,False,0.0
292,abrupt,external_only,24.0,True,True,False,0.0
292,abrupt,internal_only,24.0,True,True,False,0.0
292,abrupt,prism,24.0,True,True,False,0.0
293,abrupt,severity_only,24.0,True,True,False,0.0
293,abrupt,external_only,24.0,True,True,False,0.0
293,abrupt,internal_only,24.0,True,True,False,0.0
293,abrupt,prism,24.0,True,True,False,0.0
294,abrupt,severity_only,24.0,True,True,False,0.0
294,abrupt,external_only,24.0,True,True,False,0.0
294,abrupt,internal_only,22.0,True,True,False,2.0
294,abrupt,prism,22.0,True,True,False,2.0
295,abrupt,severity_only,24.0,True,True,False,0.0
295,abrupt,external_only,24.0,True,True,False,0.0
295,abrupt,internal_only,24.0,True,True,False,0.0
295,abrupt,prism,24.0,True,True,False,0.0
296,abrupt,severity_only,24.0,True,True,False,0.0
296,abrupt,external_only,24.0,True,True,False,0.0
296,abrupt,internal_only,24.0,True,True,False,0.0
296,abrupt,prism,24.0,True,True,False,0.0
297,abrupt,severity_only,24.0,True,True,False,0.0
297,abrupt,external_only,24.0,True,True,False,0.0
297,abrupt,internal_only,24.0,True,True,False,0.0
297,abrupt,prism,24.0,True,True,False,0.0
298,abrupt,severity_only,24.0,True,True,False,0.0
298,abrupt,external_only,24.0,True,True,False,0.0
298,abrupt,internal_only,24.0,True,True,False,0.0
298,abrupt,prism,24.0,True,True,False,0.0
299,abrupt,severity_only,24.0,True,True,False,0.0
299,abrupt,external_only,24.0,True,True,False,0.0
299,abrupt,internal_only,24.0,True,True,False,0.0
299,abrupt,prism,24.0,True,True,False,0.0
300,abrupt,severity_only,24.0,True,True,False,0.0
300,abrupt,external_only,24.0,True,True,False,0.0
300,abrupt,internal_only,24.0,True,True,False,0.0
300,abrupt,prism,24.0,True,True,False,0.0
301,abrupt,severity_only,24.0,True,True,False,0.0
301,abrupt,external_only,24.0,True,True,False,0.0
301,abrupt,internal_only,24.0,True,True,False,0.0
301,abrupt,prism,24.0,True,True,False,0.0
302,abrupt,severity_only,24.0,True,True,False,0.0
302,abrupt,external_only,24.0,True,True,False,0.0
302,abrupt,internal_only,24.0,True,True,False,0.0
302,abrupt,prism,24.0,True,True,False,0.0
303,abrupt,severity_only,24.0,True,True,False,0.0
303,abrupt,external_only,24.0,True,True,False,0.0
303,abrupt,internal_only,24.0,True,True,False,0.0
303,abrupt,prism,24.0,True,True,False,0.0
304,abrupt,severity_only,24.0,True,True,False,0.0
304,abrupt,external_only,24.0,True,True,False,0.0
304,abrupt,internal_only,24.0,True,True,False,0.0
304,abrupt,prism,24.0,True,True,False,0.0
305,abrupt,severity_only,24.0,True,True,False,0.0
305,abrupt,external_only,24.0,True,True,False,0.0
305,abrupt,internal_only,24.0,True,True,False,0.0
305,abrupt,prism,24.0,True,True,False,0.0
306,abrupt,severity_only,24.0,True,True,False,0.0
306,abrupt,external_only,24.0,True,True,False,0.0
306,abrupt,internal_only,24.0,True,True,False,0.0
306,abrupt,prism,24.0,True,True,False,0.0
307,abrupt,severity_only,24.0,True,True,False,0.0
307,abrupt,external_only,24.0,True,True,False,0.0
307,abrupt,internal_only,24.0,True,True,False,0.0
307,abrupt,prism,24.0,True,True,False,0.0
308,abrupt,severity_only,24.0,True,True,False,0.0
308,abrupt,external_only,24.0,True,True,False,0.0
308,abrupt,internal_only,24.0,True,True,False,0.0
308,abrupt,prism,24.0,True,True,False,0.0
309,abrupt,severity_only,24.0,True,True,False,0.0
309,abrupt,external_only,24.0,True,True,False,0.0
309,abrupt,internal_only,24.0,True,True,False,0.0
309,abrupt,prism,24.0,True,True,False,0.0
310,abrupt,severity_only,24.0,True,True,False,0.0
310,abrupt,external_only,24.0,True,True,False,0.0
310,abrupt,internal_only,24.0,True,True,False,0.0
310,abrupt,prism,24.0,True,True,False,0.0
311,abrupt,severity_only,24.0,True,True,False,0.0
311,abrupt,external_only,24.0,True,True,False,0.0
311,abrupt,internal_only,24.0,True,True,False,0.0
311,abrupt,prism,24.0,True,True,False,0.0
312,abrupt,severity_only,24.0,True,True,False,0.0
312,abrupt,external_only,24.0,True,True,False,0.0
312,abrupt,internal_only,24.0,True,True,False,0.0
312,abrupt,prism,24.0,True,True,False,0.0
313,abrupt,severity_only,24.0,True,True,False,0.0
313,abrupt,external_only,24.0,True,True,False,0.0
313,abrupt,internal_only,24.0,True,True,False,0.0
313,abrupt,prism,24.0,True,True,False,0.0
314,abrupt,severity_only,4.0,False,False,True,
314,abrupt,external_only,4.0,False,False,True,
314,abrupt,internal_only,4.0,False,False,True,
314,abrupt,prism,4.0,False,False,True,
315,abrupt,severity_only,24.0,True,True,False,0.0
315,abrupt,external_only,24.0,True,True,False,0.0
315,abrupt,internal_only,24.0,True,True,False,0.0
315,abrupt,prism,24.0,True,True,False,0.0
316,abrupt,severity_only,24.0,True,True,False,0.0
316,abrupt,external_only,24.0,True,True,False,0.0
316,abrupt,internal_only,24.0,True,True,False,0.0
316,abrupt,prism,24.0,True,True,False,0.0
317,abrupt,severity_only,24.0,True,True,False,0.0
317,abrupt,external_only,24.0,True,True,False,0.0
317,abrupt,internal_only,24.0,True,True,False,0.0
317,abrupt,prism,24.0,True,True,False,0.0
318,abrupt,severity_only,24.0,True,True,False,0.0
318,abrupt,external_only,24.0,True,True,False,0.0
318,abrupt,internal_only,24.0,True,True,False,0.0
318,abrupt,prism,24.0,True,True,False,0.0
319,abrupt,severity_only,24.0,True,True,False,0.0
319,abrupt,external_only,24.0,True,True,False,0.0
319,abrupt,internal_only,24.0,True,True,False,0.0
319,abrupt,prism,24.0,True,True,False,0.0
320,abrupt,severity_only,24.0,True,True,False,0.0
320,abrupt,external_only,24.0,True,True,False,0.0
320,abrupt,internal_only,24.0,True,True,False,0.0
320,abrupt,prism,24.0,True,True,False,0.0
321,abrupt,severity_only,24.0,True,True,False,0.0
321,abrupt,external_only,4.0,False,False,True,
321,abrupt,internal_only,24.0,True,True,False,0.0
321,abrupt,prism,4.0,False,False,True,
322,abrupt,severity_only,24.0,True,True,False,0.0
322,abrupt,external_only,24.0,True,True,False,0.0
322,abrupt,internal_only,24.0,True,True,False,0.0
322,abrupt,prism,24.0,True,True,False,0.0
323,abrupt,severity_only,24.0,True,True,False,0.0
323,abrupt,external_only,24.0,True,True,False,0.0
323,abrupt,internal_only,24.0,True,True,False,0.0
323,abrupt,prism,24.0,True,True,False,0.0
324,abrupt,severity_only,24.0,True,True,False,0.0
324,abrupt,external_only,24.0,True,True,False,0.0
324,abrupt,internal_only,24.0,True,True,False,0.0
324,abrupt,prism,24.0,True,True,False,0.0
325,abrupt,severity_only,24.0,True,True,False,0.0
325,abrupt,external_only,24.0,True,True,False,0.0
325,abrupt,internal_only,24.0,True,True,False,0.0
325,abrupt,prism,24.0,True,True,False,0.0
326,abrupt,severity_only,24.0,True,True,False,0.0
326,abrupt,external_only,24.0,True,True,False,0.0
326,abrupt,internal_only,24.0,True,True,False,0.0
326,abrupt,prism,24.0,True,True,False,0.0
327,abrupt,severity_only,24.0,True,True,False,0.0
327,abrupt,external_only,24.0,True,True,False,0.0
327,abrupt,internal_only,24.0,True,True,False,0.0
327,abrupt,prism,24.0,True,True,False,0.0
328,abrupt,severity_only,24.0,True,True,False,0.0
328,abrupt,external_only,24.0,True,True,False,0.0
328,abrupt,internal_only,24.0,True,True,False,0.0
328,abrupt,prism,24.0,True,True,False,0.0
329,abrupt,severity_only,24.0,True,True,False,0.0
329,abrupt,external_only,24.0,True,True,False,0.0
329,abrupt,internal_only,24.0,True,True,False,0.0
329,abrupt,prism,24.0,True,True,False,0.0
330,abrupt,severity_only,24.0,True,True,False,0.0
330,abrupt,external_only,24.0,True,True,False,0.0
330,abrupt,internal_only,24.0,True,True,False,0.0
330,abrupt,prism,24.0,True,True,False,0.0
331,abrupt,severity_only,24.0,True,True,False,0.0
331,abrupt,external_only,24.0,True,True,False,0.0
331,abrupt,internal_only,24.0,True,True,False,0.0
331,abrupt,prism,24.0,True,True,False,0.0
332,abrupt,severity_only,24.0,True,True,False,0.0
332,abrupt,external_only,24.0,True,True,False,0.0
332,abrupt,internal_only,24.0,True,True,False,0.0
332,abrupt,prism,24.0,True,True,False,0.0
333,abrupt,severity_only,24.0,True,True,False,0.0
333,abrupt,external_only,24.0,True,True,False,0.0
333,abrupt,internal_only,24.0,True,True,False,0.0
333,abrupt,prism,24.0,True,True,False,0.0
334,abrupt,severity_only,24.0,True,True,False,0.0
334,abrupt,external_only,24.0,True,True,False,0.0
334,abrupt,internal_only,24.0,True,True,False,0.0
334,abrupt,prism,24.0,True,True,False,0.0
335,abrupt,severity_only,24.0,True,True,False,0.0
335,abrupt,external_only,24.0,True,True,False,0.0
335,abrupt,internal_only,24.0,True,True,False,0.0
335,abrupt,prism,24.0,True,True,False,0.0
336,abrupt,severity_only,24.0,True,True,False,0.0
336,abrupt,external_only,24.0,True,True,False,0.0
336,abrupt,internal_only,24.0,True,True,False,0.0
336,abrupt,prism,24.0,True,True,False,0.0
337,abrupt,severity_only,24.0,True,True,False,0.0
337,abrupt,external_only,24.0,True,True,False,0.0
337,abrupt,internal_only,24.0,True,True,False,0.0
337,abrupt,prism,24.0,True,True,False,0.0
338,abrupt,severity_only,24.0,True,True,False,0.0
338,abrupt,external_only,24.0,True,True,False,0.0
338,abrupt,internal_only,24.0,True,True,False,0.0
338,abrupt,prism,24.0,True,True,False,0.0
339,abrupt,severity_only,24.0,True,True,False,0.0
339,abrupt,external_only,24.0,True,True,False,0.0
339,abrupt,internal_only,24.0,True,True,False,0.0
339,abrupt,prism,24.0,True,True,False,0.0
340,abrupt,severity_only,24.0,True,True,False,0.0
340,abrupt,external_only,24.0,True,True,False,0.0
340,abrupt,internal_only,24.0,True,True,False,0.0
340,abrupt,prism,24.0,True,True,False,0.0
341,abrupt,severity_only,24.0,True,True,False,0.0
341,abrupt,external_only,24.0,True,True,False,0.0
341,abrupt,internal_only,24.0,True,True,False,0.0
341,abrupt,prism,23.0,True,True,False,1.0
342,abrupt,severity_only,24.0,True,True,False,0.0
342,abrupt,external_only,24.0,True,True,False,0.0
342,abrupt,internal_only,24.0,True,True,False,0.0
342,abrupt,prism,24.0,True,True,False,0.0
343,abrupt,severity_only,24.0,True,True,False,0.0
343,abrupt,external_only,24.0,True,True,False,0.0
343,abrupt,internal_only,24.0,True,True,False,0.0
343,abrupt,prism,24.0,True,True,False,0.0
344,abrupt,severity_only,24.0,True,True,False,0.0
344,abrupt,external_only,24.0,True,True,False,0.0
344,abrupt,internal_only,24.0,True,True,False,0.0
344,abrupt,prism,24.0,True,True,False,0.0
345,abrupt,severity_only,24.0,True,True,False,0.0
345,abrupt,external_only,24.0,True,True,False,0.0
345,abrupt,internal_only,24.0,True,True,False,0.0
345,abrupt,prism,24.0,True,True,False,0.0
346,abrupt,severity_only,24.0,True,True,False,0.0
346,abrupt,external_only,24.0,True,True,False,0.0
346,abrupt,internal_only,24.0,True,True,False,0.0
346,abrupt,prism,24.0,True,True,False,0.0
347,abrupt,severity_only,24.0,True,True,False,0.0
347,abrupt,external_only,24.0,True,True,False,0.0
347,abrupt,internal_only,24.0,True,True,False,0.0
347,abrupt,prism,24.0,True,True,False,0.0
348,abrupt,severity_only,24.0,True,True,False,0.0
348,abrupt,external_only,24.0,True,True,False,0.0
348,abrupt,internal_only,24.0,True,True,False,0.0
348,abrupt,prism,24.0,True,True,False,0.0
349,abrupt,severity_only,24.0,True,True,False,0.0
349,abrupt,external_only,24.0,True,True,False,0.0
349,abrupt,internal_only,24.0,True,True,False,0.0
349,abrupt,prism,24.0,True,True,False,0.0
350,abrupt,severity_only,24.0,True,True,False,0.0
350,abrupt,external_only,24.0,True,True,False,0.0
350,abrupt,internal_only,24.0,True,True,False,0.0
350,abrupt,prism,23.0,True,True,False,1.0
351,abrupt,severity_only,24.0,True,True,False,0.0
351,abrupt,external_only,24.0,True,True,False,0.0
351,abrupt,internal_only,24.0,True,True,False,0.0
351,abrupt,prism,24.0,True,True,False,0.0
352,abrupt,severity_only,24.0,True,True,False,0.0
352,abrupt,external_only,24.0,True,True,False,0.0
352,abrupt,internal_only,24.0,True,True,False,0.0
352,abrupt,prism,24.0,True,True,False,0.0
353,abrupt,severity_only,24.0,True,True,False,0.0
353,abrupt,external_only,24.0,True,True,False,0.0
353,abrupt,internal_only,24.0,True,True,False,0.0
353,abrupt,prism,24.0,True,True,False,0.0
354,abrupt,severity_only,24.0,True,True,False,0.0
354,abrupt,external_only,24.0,True,True,False,0.0
354,abrupt,internal_only,24.0,True,True,False,0.0
354,abrupt,prism,24.0,True,True,False,0.0
355,abrupt,severity_only,24.0,True,True,False,0.0
355,abrupt,external_only,24.0,True,True,False,0.0
355,abrupt,internal_only,24.0,True,True,False,0.0
355,abrupt,prism,24.0,True,True,False,0.0
356,abrupt,severity_only,24.0,True,True,False,0.0
356,abrupt,external_only,24.0,True,True,False,0.0
356,abrupt,internal_only,24.0,True,True,False,0.0
356,abrupt,prism,24.0,True,True,False,0.0
357,abrupt,severity_only,24.0,True,True,False,0.0
357,abrupt,external_only,24.0,True,True,False,0.0
357,abrupt,internal_only,24.0,True,True,False,0.0
357,abrupt,prism,24.0,True,True,False,0.0
358,abrupt,severity_only,24.0,True,True,False,0.0
358,abrupt,external_only,24.0,True,True,False,0.0
358,abrupt,internal_only,24.0,True,True,False,0.0
358,abrupt,prism,24.0,True,True,False,0.0
359,abrupt,severity_only,24.0,True,True,False,0.0
359,abrupt,external_only,24.0,True,True,False,0.0
359,abrupt,internal_only,21.0,False,False,False,
359,abrupt,prism,21.0,False,False,False,
360,abrupt,severity_only,24.0,True,True,False,0.0
360,abrupt,external_only,24.0,True,True,False,0.0
360,abrupt,internal_only,24.0,True,True,False,0.0
360,abrupt,prism,24.0,True,True,False,0.0
361,abrupt,severity_only,24.0,True,True,False,0.0
361,abrupt,external_only,24.0,True,True,False,0.0
361,abrupt,internal_only,24.0,True,True,False,0.0
361,abrupt,prism,24.0,True,True,False,0.0
362,abrupt,severity_only,24.0,True,True,False,0.0
362,abrupt,external_only,24.0,True,True,False,0.0
362,abrupt,internal_only,24.0,True,True,False,0.0
362,abrupt,prism,24.0,True,True,False,0.0
363,abrupt,severity_only,24.0,True,True,False,0.0
363,abrupt,external_only,24.0,True,True,False,0.0
363,abrupt,internal_only,24.0,True,True,False,0.0
363,abrupt,prism,24.0,True,True,False,0.0
364,abrupt,severity_only,24.0,True,True,False,0.0
364,abrupt,external_only,24.0,True,True,False,0.0
364,abrupt,internal_only,24.0,True,True,False,0.0
364,abrupt,prism,24.0,True,True,False,0.0
365,abrupt,severity_only,24.0,True,True,False,0.0
365,abrupt,external_only,24.0,True,True,False,0.0
365,abrupt,internal_only,24.0,True,True,False,0.0
365,abrupt,prism,24.0,True,True,False,0.0
366,abrupt,severity_only,24.0,True,True,False,0.0
366,abrupt,external_only,24.0,True,True,False,0.0
366,abrupt,internal_only,24.0,True,True,False,0.0
366,abrupt,prism,24.0,True,True,False,0.0
367,abrupt,severity_only,24.0,True,True,False,0.0
367,abrupt,external_only,24.0,True,True,False,0.0
367,abrupt,internal_only,24.0,True,True,False,0.0
367,abrupt,prism,24.0,True,True,False,0.0
368,abrupt,severity_only,24.0,True,True,False,0.0
368,abrupt,external_only,24.0,True,True,False,0.0
368,abrupt,internal_only,24.0,True,True,False,0.0
368,abrupt,prism,24.0,True,True,False,0.0
369,abrupt,severity_only,24.0,True,True,False,0.0
369,abrupt,external_only,24.0,True,True,False,0.0
369,abrupt,internal_only,24.0,True,True,False,0.0
369,abrupt,prism,24.0,True,True,False,0.0
370,abrupt,severity_only,24.0,True,True,False,0.0
370,abrupt,external_only,24.0,True,True,False,0.0
370,abrupt,internal_only,24.0,True,True,False,0.0
370,abrupt,prism,24.0,True,True,False,0.0
371,abrupt,severity_only,24.0,True,True,False,0.0
371,abrupt,external_only,24.0,True,True,False,0.0
371,abrupt,internal_only,24.0,True,True,False,0.0
371,abrupt,prism,21.0,False,False,False,
372,abrupt,severity_only,24.0,True,True,False,0.0
372,abrupt,external_only,24.0,True,True,False,0.0
372,abrupt,internal_only,24.0,True,True,False,0.0
372,abrupt,prism,24.0,True,True,False,0.0
373,abrupt,severity_only,24.0,True,True,False,0.0
373,abrupt,external_only,24.0,True,True,False,0.0
373,abrupt,internal_only,24.0,True,True,False,0.0
373,abrupt,prism,24.0,True,True,False,0.0
374,abrupt,severity_only,24.0,True,True,False,0.0
374,abrupt,external_only,24.0,True,True,False,0.0
374,abrupt,internal_only,24.0,True,True,False,0.0
374,abrupt,prism,24.0,True,True,False,0.0
375,abrupt,severity_only,24.0,True,True,False,0.0
375,abrupt,external_only,24.0,True,True,False,0.0
375,abrupt,internal_only,24.0,True,True,False,0.0
375,abrupt,prism,24.0,True,True,False,0.0
376,abrupt,severity_only,24.0,True,True,False,0.0
376,abrupt,external_only,24.0,True,True,False,0.0
376,abrupt,internal_only,24.0,True,True,False,0.0
376,abrupt,prism,24.0,True,True,False,0.0
377,abrupt,severity_only,24.0,True,True,False,0.0
377,abrupt,external_only,24.0,True,True,False,0.0
377,abrupt,internal_only,24.0,True,True,False,0.0
377,abrupt,prism,24.0,True,True,False,0.0
378,abrupt,severity_only,24.0,True,True,False,0.0
378,abrupt,external_only,24.0,True,True,False,0.0
378,abrupt,internal_only,24.0,True,True,False,0.0
378,abrupt,prism,24.0,True,True,False,0.0
379,abrupt,severity_only,24.0,True,True,False,0.0
379,abrupt,external_only,24.0,True,True,False,0.0
379,abrupt,internal_only,24.0,True,True,False,0.0
379,abrupt,prism,24.0,True,True,False,0.0
380,abrupt,severity_only,24.0,True,True,False,0.0
380,abrupt,external_only,24.0,True,True,False,0.0
380,abrupt,internal_only,24.0,True,True,False,0.0
380,abrupt,prism,24.0,True,True,False,0.0
381,abrupt,severity_only,24.0,True,True,False,0.0
381,abrupt,external_only,24.0,True,True,False,0.0
381,abrupt,internal_only,24.0,True,True,False,0.0
381,abrupt,prism,24.0,True,True,False,0.0
382,abrupt,severity_only,24.0,True,True,False,0.0
382,abrupt,external_only,24.0,True,True,False,0.0
382,abrupt,internal_only,24.0,True,True,False,0.0
382,abrupt,prism,24.0,True,True,False,0.0
383,abrupt,severity_only,24.0,True,True,False,0.0
383,abrupt,external_only,24.0,True,True,False,0.0
383,abrupt,internal_only,24.0,True,True,False,0.0
383,abrupt,prism,24.0,True,True,False,0.0
384,abrupt,severity_only,24.0,True,True,False,0.0
384,abrupt,external_only,24.0,True,True,False,0.0
384,abrupt,internal_only,24.0,True,True,False,0.0
384,abrupt,prism,24.0,True,True,False,0.0
385,abrupt,severity_only,22.0,True,True,False,2.0
385,abrupt,external_only,22.0,True,True,False,2.0
385,abrupt,internal_only,22.0,True,True,False,2.0
385,abrupt,prism,22.0,True,True,False,2.0
386,abrupt,severity_only,24.0,True,True,False,0.0
386,abrupt,external_only,24.0,True,True,False,0.0
386,abrupt,internal_only,24.0,True,True,False,0.0
386,abrupt,prism,24.0,True,True,False,0.0
387,abrupt,severity_only,13.0,False,False,True,
387,abrupt,external_only,24.0,True,True,False,0.0
387,abrupt,internal_only,13.0,False,False,True,
387,abrupt,prism,24.0,True,True,False,0.0
388,abrupt,severity_only,24.0,True,True,False,0.0
388,abrupt,external_only,24.0,True,True,False,0.0
388,abrupt,internal_only,24.0,True,True,False,0.0
388,abrupt,prism,24.0,True,True,False,0.0
389,abrupt,severity_only,24.0,True,True,False,0.0
389,abrupt,external_only,24.0,True,True,False,0.0
389,abrupt,internal_only,22.0,True,True,False,2.0
389,abrupt,prism,21.0,False,False,False,
390,abrupt,severity_only,24.0,True,True,False,0.0
390,abrupt,external_only,24.0,True,True,False,0.0
390,abrupt,internal_only,24.0,True,True,False,0.0
390,abrupt,prism,24.0,True,True,False,0.0
391,abrupt,severity_only,24.0,True,True,False,0.0
391,abrupt,external_only,24.0,True,True,False,0.0
391,abrupt,internal_only,24.0,True,True,False,0.0
391,abrupt,prism,24.0,True,True,False,0.0
392,abrupt,severity_only,24.0,True,True,False,0.0
392,abrupt,external_only,24.0,True,True,False,0.0
392,abrupt,internal_only,24.0,True,True,False,0.0
392,abrupt,prism,24.0,True,True,False,0.0
393,abrupt,severity_only,24.0,True,True,False,0.0
393,abrupt,external_only,24.0,True,True,False,0.0
393,abrupt,internal_only,24.0,True,True,False,0.0
393,abrupt,prism,24.0,True,True,False,0.0
394,abrupt,severity_only,19.0,False,False,True,
394,abrupt,external_only,19.0,False,False,True,
394,abrupt,internal_only,19.0,False,False,True,
394,abrupt,prism,19.0,False,False,True,
395,abrupt,severity_only,24.0,True,True,False,0.0
395,abrupt,external_only,24.0,True,True,False,0.0
395,abrupt,internal_only,24.0,True,True,False,0.0
395,abrupt,prism,24.0,True,True,False,0.0
396,abrupt,severity_only,24.0,True,True,False,0.0
396,abrupt,external_only,24.0,True,True,False,0.0
396,abrupt,internal_only,24.0,True,True,False,0.0
396,abrupt,prism,24.0,True,True,False,0.0
397,abrupt,severity_only,24.0,True,True,False,0.0
397,abrupt,external_only,24.0,True,True,False,0.0
397,abrupt,internal_only,24.0,True,True,False,0.0
397,abrupt,prism,24.0,True,True,False,0.0
398,abrupt,severity_only,24.0,True,True,False,0.0
398,abrupt,external_only,24.0,True,True,False,0.0
398,abrupt,internal_only,24.0,True,True,False,0.0
398,abrupt,prism,24.0,True,True,False,0.0
399,abrupt,severity_only,24.0,True,True,False,0.0
399,abrupt,external_only,24.0,True,True,False,0.0
399,abrupt,internal_only,24.0,True,True,False,0.0
399,abrupt,prism,24.0,True,True,False,0.0
0,gradual,severity_only,,False,False,False,
0,gradual,external_only,25.0,True,False,False,-1.0
0,gradual,internal_only,33.0,False,False,False,
0,gradual,prism,32.0,False,False,False,
1,gradual,severity_only,,False,False,False,
1,gradual,external_only,,False,False,False,
1,gradual,internal_only,30.0,True,False,False,-6.0
1,gradual,prism,27.0,True,False,False,-3.0
2,gradual,severity_only,,False,False,False,
2,gradual,external_only,,False,False,False,
2,gradual,internal_only,31.0,False,False,False,
2,gradual,prism,31.0,False,False,False,
3,gradual,severity_only,,False,False,False,
3,gradual,external_only,26.0,True,False,False,-2.0
3,gradual,internal_only,32.0,False,False,False,
3,gradual,prism,26.0,True,False,False,-2.0
4,gradual,severity_only,,False,False,False,
4,gradual,external_only,,False,False,False,
4,gradual,internal_only,32.0,False,False,False,
4,gradual,prism,31.0,False,False,False,
5,gradual,severity_only,,False,False,False,
5,gradual,external_only,,False,False,False,
5,gradual,internal_only,32.0,False,False,False,
5,gradual,prism,23.0,True,True,False,1.0
6,gradual,severity_only,,False,False,False,
6,gradual,external_only,,False,False,False,
6,gradual,internal_only,30.0,True,False,False,-6.0
6,gradual,prism,27.0,True,False,False,-3.0
7,gradual,severity_only,,False,False,False,
7,gradual,external_only,,False,False,False,
7,gradual,internal_only,33.0,False,False,False,
7,gradual,prism,28.0,True,False,False,-4.0
8,gradual,severity_only,,False,False,False,
8,gradual,external_only,,False,False,False,
8,gradual,internal_only,31.0,False,False,False,
8,gradual,prism,25.0,True,False,False,-1.0
9,gradual,severity_only,,False,False,False,
9,gradual,external_only,,False,False,False,
9,gradual,internal_only,31.0,False,False,False,
9,gradual,prism,29.0,True,False,False,-5.0
10,gradual,severity_only,,False,False,False,
10,gradual,external_only,,False,False,False,
10,gradual,internal_only,30.0,True,False,False,-6.0
10,gradual,prism,27.0,True,False,False,-3.0
11,gradual,severity_only,,False,False,False,
11,gradual,external_only,,False,False,False,
11,gradual,internal_only,35.0,False,False,False,
11,gradual,prism,22.0,True,True,False,2.0
12,gradual,severity_only,,False,False,False,
12,gradual,external_only,26.0,True,False,False,-2.0
12,gradual,internal_only,33.0,False,False,False,
12,gradual,prism,26.0,True,False,False,-2.0
13,gradual,severity_only,,False,False,False,
13,gradual,external_only,,False,False,False,
13,gradual,internal_only,31.0,False,False,False,
13,gradual,prism,30.0,True,False,False,-6.0
14,gradual,severity_only,,False,False,False,
14,gradual,external_only,,False,False,False,
14,gradual,internal_only,31.0,False,False,False,
14,gradual,prism,26.0,True,False,False,-2.0
15,gradual,severity_only,,False,False,False,
15,gradual,external_only,,False,False,False,
15,gradual,internal_only,33.0,False,False,False,
15,gradual,prism,34.0,False,False,False,
16,gradual,severity_only,,False,False,False,
16,gradual,external_only,26.0,True,False,False,-2.0
16,gradual,internal_only,33.0,False,False,False,
16,gradual,prism,26.0,True,False,False,-2.0
17,gradual,severity_only,,False,False,False,
17,gradual,external_only,,False,False,False,
17,gradual,internal_only,32.0,False,False,False,
17,gradual,prism,25.0,True,False,False,-1.0
18,gradual,severity_only,,False,False,False,
18,gradual,external_only,,False,False,False,
18,gradual,internal_only,31.0,False,False,False,
18,gradual,prism,31.0,False,False,False,
19,gradual,severity_only,,False,False,False,
19,gradual,external_only,,False,False,False,
19,gradual,internal_only,31.0,False,False,False,
19,gradual,prism,30.0,True,False,False,-6.0
20,gradual,severity_only,,False,False,False,
20,gradual,external_only,,False,False,False,
20,gradual,internal_only,32.0,False,False,False,
20,gradual,prism,24.0,True,True,False,0.0
21,gradual,severity_only,,False,False,False,
21,gradual,external_only,,False,False,False,
21,gradual,internal_only,31.0,False,False,False,
21,gradual,prism,19.0,False,False,True,
22,gradual,severity_only,,False,False,False,
22,gradual,external_only,,False,False,False,
22,gradual,internal_only,31.0,False,False,False,
22,gradual,prism,30.0,True,False,False,-6.0
23,gradual,severity_only,,False,False,False,
23,gradual,external_only,,False,False,False,
23,gradual,internal_only,34.0,False,False,False,
23,gradual,prism,35.0,False,False,False,
24,gradual,severity_only,,False,False,False,
24,gradual,external_only,,False,False,False,
24,gradual,internal_only,34.0,False,False,False,
24,gradual,prism,33.0,False,False,False,
25,gradual,severity_only,,False,False,False,
25,gradual,external_only,,False,False,False,
25,gradual,internal_only,34.0,False,False,False,
25,gradual,prism,28.0,True,False,False,-4.0
26,gradual,severity_only,,False,False,False,
26,gradual,external_only,,False,False,False,
26,gradual,internal_only,34.0,False,False,False,
26,gradual,prism,34.0,False,False,False,
27,gradual,severity_only,,False,False,False,
27,gradual,external_only,,False,False,False,
27,gradual,internal_only,33.0,False,False,False,
27,gradual,prism,27.0,True,False,False,-3.0
28,gradual,severity_only,,False,False,False,
28,gradual,external_only,,False,False,False,
28,gradual,internal_only,28.0,True,False,False,-4.0
28,gradual,prism,25.0,True,False,False,-1.0
29,gradual,severity_only,,False,False,False,
29,gradual,external_only,,False,False,False,
29,gradual,internal_only,35.0,False,False,False,
29,gradual,prism,35.0,False,False,False,
30,gradual,severity_only,,False,False,False,
30,gradual,external_only,,False,False,False,
30,gradual,internal_only,32.0,False,False,False,
30,gradual,prism,31.0,False,False,False,
31,gradual,severity_only,,False,False,False,
31,gradual,external_only,,False,False,False,
31,gradual,internal_only,33.0,False,False,False,
31,gradual,prism,31.0,False,False,False,
32,gradual,severity_only,,False,False,False,
32,gradual,external_only,30.0,True,False,False,-6.0
32,gradual,internal_only,34.0,False,False,False,
32,gradual,prism,30.0,True,False,False,-6.0
33,gradual,severity_only,,False,False,False,
33,gradual,external_only,,False,False,False,
33,gradual,internal_only,32.0,False,False,False,
33,gradual,prism,30.0,True,False,False,-6.0
34,gradual,severity_only,,False,False,False,
34,gradual,external_only,,False,False,False,
34,gradual,internal_only,31.0,False,False,False,
34,gradual,prism,28.0,True,False,False,-4.0
35,gradual,severity_only,,False,False,False,
35,gradual,external_only,,False,False,False,
35,gradual,internal_only,33.0,False,False,False,
35,gradual,prism,33.0,False,False,False,
36,gradual,severity_only,,False,False,False,
36,gradual,external_only,,False,False,False,
36,gradual,internal_only,33.0,False,False,False,
36,gradual,prism,34.0,False,False,False,
37,gradual,severity_only,,False,False,False,
37,gradual,external_only,,False,False,False,
37,gradual,internal_only,29.0,True,False,False,-5.0
37,gradual,prism,21.0,False,False,False,
38,gradual,severity_only,,False,False,False,
38,gradual,external_only,,False,False,False,
38,gradual,internal_only,28.0,True,False,False,-4.0
38,gradual,prism,22.0,True,True,False,2.0
39,gradual,severity_only,,False,False,False,
39,gradual,external_only,,False,False,False,
39,gradual,internal_only,34.0,False,False,False,
39,gradual,prism,27.0,True,False,False,-3.0
40,gradual,severity_only,,False,False,False,
40,gradual,external_only,,False,False,False,
40,gradual,internal_only,33.0,False,False,False,
40,gradual,prism,32.0,False,False,False,
41,gradual,severity_only,,False,False,False,
41,gradual,external_only,,False,False,False,
41,gradual,internal_only,33.0,False,False,False,
41,gradual,prism,23.0,True,True,False,1.0
42,gradual,severity_only,,False,False,False,
42,gradual,external_only,,False,False,False,
42,gradual,internal_only,30.0,True,False,False,-6.0
42,gradual,prism,28.0,True,False,False,-4.0
43,gradual,severity_only,,False,False,False,
43,gradual,external_only,25.0,True,False,False,-1.0
43,gradual,internal_only,32.0,False,False,False,
43,gradual,prism,25.0,True,False,False,-1.0
44,gradual,severity_only,,False,False,False,
44,gradual,external_only,,False,False,False,
44,gradual,internal_only,33.0,False,False,False,
44,gradual,prism,32.0,False,False,False,
45,gradual,severity_only,,False,False,False,
45,gradual,external_only,,False,False,False,
45,gradual,internal_only,34.0,False,False,False,
45,gradual,prism,30.0,True,False,False,-6.0
46,gradual,severity_only,,False,False,False,
46,gradual,external_only,28.0,True,False,False,-4.0
46,gradual,internal_only,32.0,False,False,False,
46,gradual,prism,28.0,True,False,False,-4.0
47,gradual,severity_only,,False,False,False,
47,gradual,external_only,,False,False,False,
47,gradual,internal_only,33.0,False,False,False,
47,gradual,prism,31.0,False,False,False,
48,gradual,severity_only,,False,False,False,
48,gradual,external_only,,False,False,False,
48,gradual,internal_only,31.0,False,False,False,
48,gradual,prism,27.0,True,False,False,-3.0
49,gradual,severity_only,,False,False,False,
49,gradual,external_only,,False,False,False,
49,gradual,internal_only,32.0,False,False,False,
49,gradual,prism,32.0,False,False,False,
50,gradual,severity_only,,False,False,False,
50,gradual,external_only,,False,False,False,
50,gradual,internal_only,30.0,True,False,False,-6.0
50,gradual,prism,28.0,True,False,False,-4.0
51,gradual,severity_only,,False,False,False,
51,gradual,external_only,,False,False,False,
51,gradual,internal_only,34.0,False,False,False,
51,gradual,prism,34.0,False,False,False,
52,gradual,severity_only,,False,False,False,
52,gradual,external_only,,False,False,False,
52,gradual,internal_only,30.0,True,False,False,-6.0
52,gradual,prism,30.0,True,False,False,-6.0
53,gradual,severity_only,,False,False,False,
53,gradual,external_only,,False,False,False,
53,gradual,internal_only,31.0,False,False,False,
53,gradual,prism,31.0,False,False,False,
54,gradual,severity_only,,False,False,False,
54,gradual,external_only,26.0,True,False,False,-2.0
54,gradual,internal_only,33.0,False,False,False,
54,gradual,prism,33.0,False,False,False,
55,gradual,severity_only,,False,False,False,
55,gradual,external_only,,False,False,False,
55,gradual,internal_only,33.0,False,False,False,
55,gradual,prism,25.0,True,False,False,-1.0
56,gradual,severity_only,,False,False,False,
56,gradual,external_only,,False,False,False,
56,gradual,internal_only,32.0,False,False,False,
56,gradual,prism,30.0,True,False,False,-6.0
57,gradual,severity_only,,False,False,False,
57,gradual,external_only,,False,False,False,
57,gradual,internal_only,33.0,False,False,False,
57,gradual,prism,29.0,True,False,False,-5.0
58,gradual,severity_only,,False,False,False,
58,gradual,external_only,,False,False,False,
58,gradual,internal_only,31.0,False,False,False,
58,gradual,prism,27.0,True,False,False,-3.0
59,gradual,severity_only,,False,False,False,
59,gradual,external_only,,False,False,False,
59,gradual,internal_only,34.0,False,False,False,
59,gradual,prism,30.0,True,False,False,-6.0
60,gradual,severity_only,,False,False,False,
60,gradual,external_only,,False,False,False,
60,gradual,internal_only,33.0,False,False,False,
60,gradual,prism,31.0,False,False,False,
61,gradual,severity_only,,False,False,False,
61,gradual,external_only,,False,False,False,
61,gradual,internal_only,29.0,True,False,False,-5.0
61,gradual,prism,25.0,True,False,False,-1.0
62,gradual,severity_only,,False,False,False,
62,gradual,external_only,,False,False,False,
62,gradual,internal_only,30.0,True,False,False,-6.0
62,gradual,prism,30.0,True,False,False,-6.0
63,gradual,severity_only,,False,False,False,
63,gradual,external_only,,False,False,False,
63,gradual,internal_only,31.0,False,False,False,
63,gradual,prism,31.0,False,False,False,
64,gradual,severity_only,,False,False,False,
64,gradual,external_only,,False,False,False,
64,gradual,internal_only,33.0,False,False,False,
64,gradual,prism,31.0,False,False,False,
65,gradual,severity_only,,False,False,False,
65,gradual,external_only,,False,False,False,
65,gradual,internal_only,30.0,True,False,False,-6.0
65,gradual,prism,24.0,True,True,False,0.0
66,gradual,severity_only,,False,False,False,
66,gradual,external_only,31.0,False,False,False,
66,gradual,internal_only,31.0,False,False,False,
66,gradual,prism,24.0,True,True,False,0.0
67,gradual,severity_only,,False,False,False,
67,gradual,external_only,,False,False,False,
67,gradual,internal_only,29.0,True,False,False,-5.0
67,gradual,prism,27.0,True,False,False,-3.0
68,gradual,severity_only,,False,False,False,
68,gradual,external_only,,False,False,False,
68,gradual,internal_only,32.0,False,False,False,
68,gradual,prism,30.0,True,False,False,-6.0
69,gradual,severity_only,,False,False,False,
69,gradual,external_only,,False,False,False,
69,gradual,internal_only,33.0,False,False,False,
69,gradual,prism,34.0,False,False,False,
70,gradual,severity_only,,False,False,False,
70,gradual,external_only,,False,False,False,
70,gradual,internal_only,33.0,False,False,False,
70,gradual,prism,34.0,False,False,False,
71,gradual,severity_only,,False,False,False,
71,gradual,external_only,,False,False,False,
71,gradual,internal_only,33.0,False,False,False,
71,gradual,prism,33.0,False,False,False,
72,gradual,severity_only,,False,False,False,
72,gradual,external_only,27.0,True,False,False,-3.0
72,gradual,internal_only,34.0,False,False,False,
72,gradual,prism,27.0,True,False,False,-3.0
73,gradual,severity_only,,False,False,False,
73,gradual,external_only,,False,False,False,
73,gradual,internal_only,31.0,False,False,False,
73,gradual,prism,23.0,True,True,False,1.0
74,gradual,severity_only,,False,False,False,
74,gradual,external_only,,False,False,False,
74,gradual,internal_only,32.0,False,False,False,
74,gradual,prism,27.0,True,False,False,-3.0
75,gradual,severity_only,,False,False,False,
75,gradual,external_only,,False,False,False,
75,gradual,internal_only,34.0,False,False,False,
75,gradual,prism,34.0,False,False,False,
76,gradual,severity_only,,False,False,False,
76,gradual,external_only,,False,False,False,
76,gradual,internal_only,34.0,False,False,False,
76,gradual,prism,35.0,False,False,False,
77,gradual,severity_only,,False,False,False,
77,gradual,external_only,,False,False,False,
77,gradual,internal_only,34.0,False,False,False,
77,gradual,prism,34.0,False,False,False,
78,gradual,severity_only,,False,False,False,
78,gradual,external_only,25.0,True,False,False,-1.0
78,gradual,internal_only,34.0,False,False,False,
78,gradual,prism,34.0,False,False,False,
79,gradual,severity_only,,False,False,False,
79,gradual,external_only,,False,False,False,
79,gradual,internal_only,32.0,False,False,False,
79,gradual,prism,32.0,False,False,False,
80,gradual,severity_only,,False,False,False,
80,gradual,external_only,,False,False,False,
80,gradual,internal_only,31.0,False,False,False,
80,gradual,prism,29.0,True,False,False,-5.0
81,gradual,severity_only,,False,False,False,
81,gradual,external_only,,False,False,False,
81,gradual,internal_only,31.0,False,False,False,
81,gradual,prism,27.0,True,False,False,-3.0
82,gradual,severity_only,,False,False,False,
82,gradual,external_only,,False,False,False,
82,gradual,internal_only,31.0,False,False,False,
82,gradual,prism,29.0,True,False,False,-5.0
83,gradual,severity_only,,False,False,False,
83,gradual,external_only,,False,False,False,
83,gradual,internal_only,30.0,True,False,False,-6.0
83,gradual,prism,28.0,True,False,False,-4.0
84,gradual,severity_only,,False,False,False,
84,gradual,external_only,,False,False,False,
84,gradual,internal_only,30.0,True,False,False,-6.0
84,gradual,prism,29.0,True,False,False,-5.0
85,gradual,severity_only,,False,False,False,
85,gradual,external_only,,False,False,False,
85,gradual,internal_only,30.0,True,False,False,-6.0
85,gradual,prism,22.0,True,True,False,2.0
86,gradual,severity_only,,False,False,False,
86,gradual,external_only,,False,False,False,
86,gradual,internal_only,31.0,False,False,False,
86,gradual,prism,31.0,False,False,False,
87,gradual,severity_only,,False,False,False,
87,gradual,external_only,26.0,True,False,False,-2.0
87,gradual,internal_only,33.0,False,False,False,
87,gradual,prism,25.0,True,False,False,-1.0
88,gradual,severity_only,,False,False,False,
88,gradual,external_only,,False,False,False,
88,gradual,internal_only,33.0,False,False,False,
88,gradual,prism,25.0,True,False,False,-1.0
89,gradual,severity_only,,False,False,False,
89,gradual,external_only,22.0,True,True,False,2.0
89,gradual,internal_only,32.0,False,False,False,
89,gradual,prism,32.0,False,False,False,
90,gradual,severity_only,,False,False,False,
90,gradual,external_only,10.0,False,False,True,
90,gradual,internal_only,33.0,False,False,False,
90,gradual,prism,10.0,False,False,True,
91,gradual,severity_only,,False,False,False,
91,gradual,external_only,,False,False,False,
91,gradual,internal_only,33.0,False,False,False,
91,gradual,prism,34.0,False,False,False,
92,gradual,severity_only,,False,False,False,
92,gradual,external_only,,False,False,False,
92,gradual,internal_only,32.0,False,False,False,
92,gradual,prism,32.0,False,False,False,
93,gradual,severity_only,,False,False,False,
93,gradual,external_only,,False,False,False,
93,gradual,internal_only,33.0,False,False,False,
93,gradual,prism,33.0,False,False,False,
94,gradual,severity_only,,False,False,False,
94,gradual,external_only,27.0,True,False,False,-3.0
94,gradual,internal_only,33.0,False,False,False,
94,gradual,prism,33.0,False,False,False,
95,gradual,severity_only,,False,False,False,
95,gradual,external_only,,False,False,False,
95,gradual,internal_only,34.0,False,False,False,
95,gradual,prism,27.0,True,False,False,-3.0
96,gradual,severity_only,,False,False,False,
96,gradual,external_only,27.0,True,False,False,-3.0
96,gradual,internal_only,35.0,False,False,False,
96,gradual,prism,35.0,False,False,False,
97,gradual,severity_only,,False,False,False,
97,gradual,external_only,,False,False,False,
97,gradual,internal_only,30.0,True,False,False,-6.0
97,gradual,prism,30.0,True,False,False,-6.0
98,gradual,severity_only,,False,False,False,
98,gradual,external_only,,False,False,False,
98,gradual,internal_only,33.0,False,False,False,
98,gradual,prism,33.0,False,False,False,
99,gradual,severity_only,,False,False,False,
99,gradual,external_only,,False,False,False,
99,gradual,internal_only,31.0,False,False,False,
99,gradual,prism,26.0,True,False,False,-2.0
100,gradual,severity_only,,False,False,False,
100,gradual,external_only,,False,False,False,
100,gradual,internal_only,32.0,False,False,False,
100,gradual,prism,32.0,False,False,False,
101,gradual,severity_only,,False,False,False,
101,gradual,external_only,,False,False,False,
101,gradual,internal_only,32.0,False,False,False,
101,gradual,prism,33.0,False,False,False,
102,gradual,severity_only,,False,False,False,
102,gradual,external_only,26.0,True,False,False,-2.0
102,gradual,internal_only,35.0,False,False,False,
102,gradual,prism,35.0,False,False,False,
103,gradual,severity_only,,False,False,False,
103,gradual,external_only,,False,False,False,
103,gradual,internal_only,30.0,True,False,False,-6.0
103,gradual,prism,25.0,True,False,False,-1.0
104,gradual,severity_only,,False,False,False,
104,gradual,external_only,,False,False,False,
104,gradual,internal_only,30.0,True,False,False,-6.0
104,gradual,prism,29.0,True,False,False,-5.0
105,gradual,severity_only,,False,False,False,
105,gradual,external_only,,False,False,False,
105,gradual,internal_only,33.0,False,False,False,
105,gradual,prism,27.0,True,False,False,-3.0
106,gradual,severity_only,,False,False,False,
106,gradual,external_only,,False,False,False,
106,gradual,internal_only,36.0,False,False,False,
106,gradual,prism,35.0,False,False,False,
107,gradual,severity_only,,False,False,False,
107,gradual,external_only,,False,False,False,
107,gradual,internal_only,31.0,False,False,False,
107,gradual,prism,30.0,True,False,False,-6.0
108,gradual,severity_only,,False,False,False,
108,gradual,external_only,,False,False,False,
108,gradual,internal_only,35.0,False,False,False,
108,gradual,prism,35.0,False,False,False,
109,gradual,severity_only,,False,False,False,
109,gradual,external_only,,False,False,False,
109,gradual,internal_only,30.0,True,False,False,-6.0
109,gradual,prism,24.0,True,True,False,0.0
110,gradual,severity_only,,False,False,False,
110,gradual,external_only,,False,False,False,
110,gradual,internal_only,32.0,False,False,False,
110,gradual,prism,24.0,True,True,False,0.0
111,gradual,severity_only,,False,False,False,
111,gradual,external_only,,False,False,False,
111,gradual,internal_only,31.0,False,False,False,
111,gradual,prism,30.0,True,False,False,-6.0
112,gradual,severity_only,,False,False,False,
112,gradual,external_only,,False,False,False,
112,gradual,internal_only,33.0,False,False,False,
112,gradual,prism,32.0,False,False,False,
113,gradual,severity_only,,False,False,False,
113,gradual,external_only,,False,False,False,
113,gradual,internal_only,32.0,False,False,False,
113,gradual,prism,27.0,True,False,False,-3.0
114,gradual,severity_only,,False,False,False,
114,gradual,external_only,,False,False,False,
114,gradual,internal_only,32.0,False,False,False,
114,gradual,prism,31.0,False,False,False,
115,gradual,severity_only,,False,False,False,
115,gradual,external_only,,False,False,False,
115,gradual,internal_only,33.0,False,False,False,
115,gradual,prism,26.0,True,False,False,-2.0
116,gradual,severity_only,,False,False,False,
116,gradual,external_only,,False,False,False,
116,gradual,internal_only,37.0,False,False,False,
116,gradual,prism,37.0,False,False,False,
117,gradual,severity_only,,False,False,False,
117,gradual,external_only,,False,False,False,
117,gradual,internal_only,33.0,False,False,False,
117,gradual,prism,32.0,False,False,False,
118,gradual,severity_only,,False,False,False,
118,gradual,external_only,,False,False,False,
118,gradual,internal_only,34.0,False,False,False,
118,gradual,prism,19.0,False,False,True,
119,gradual,severity_only,,False,False,False,
119,gradual,external_only,,False,False,False,
119,gradual,internal_only,34.0,False,False,False,
119,gradual,prism,30.0,True,False,False,-6.0
120,gradual,severity_only,,False,False,False,
120,gradual,external_only,,False,False,False,
120,gradual,internal_only,32.0,False,False,False,
120,gradual,prism,32.0,False,False,False,
121,gradual,severity_only,,False,False,False,
121,gradual,external_only,,False,False,False,
121,gradual,internal_only,30.0,True,False,False,-6.0
121,gradual,prism,28.0,True,False,False,-4.0
122,gradual,severity_only,,False,False,False,
122,gradual,external_only,,False,False,False,
122,gradual,internal_only,33.0,False,False,False,
122,gradual,prism,32.0,False,False,False,
123,gradual,severity_only,,False,False,False,
123,gradual,external_only,28.0,True,False,False,-4.0
123,gradual,internal_only,34.0,False,False,False,
123,gradual,prism,28.0,True,False,False,-4.0
124,gradual,severity_only,,False,False,False,
124,gradual,external_only,,False,False,False,
124,gradual,internal_only,31.0,False,False,False,
124,gradual,prism,30.0,True,False,False,-6.0
125,gradual,severity_only,,False,False,False,
125,gradual,external_only,,False,False,False,
125,gradual,internal_only,34.0,False,False,False,
125,gradual,prism,34.0,False,False,False,
126,gradual,severity_only,,False,False,False,
126,gradual,external_only,,False,False,False,
126,gradual,internal_only,30.0,True,False,False,-6.0
126,gradual,prism,29.0,True,False,False,-5.0
127,gradual,severity_only,,False,False,False,
127,gradual,external_only,,False,False,False,
127,gradual,internal_only,32.0,False,False,False,
127,gradual,prism,26.0,True,False,False,-2.0
128,gradual,severity_only,,False,False,False,
128,gradual,external_only,,False,False,False,
128,gradual,internal_only,34.0,False,False,False,
128,gradual,prism,34.0,False,False,False,
129,gradual,severity_only,,False,False,False,
129,gradual,external_only,,False,False,False,
129,gradual,internal_only,34.0,False,False,False,
129,gradual,prism,34.0,False,False,False,
130,gradual,severity_only,,False,False,False,
130,gradual,external_only,,False,False,False,
130,gradual,internal_only,31.0,False,False,False,
130,gradual,prism,31.0,False,False,False,
131,gradual,severity_only,,False,False,False,
131,gradual,external_only,,False,False,False,
131,gradual,internal_only,35.0,False,False,False,
131,gradual,prism,34.0,False,False,False,
132,gradual,severity_only,,False,False,False,
132,gradual,external_only,,False,False,False,
132,gradual,internal_only,33.0,False,False,False,
132,gradual,prism,32.0,False,False,False,
133,gradual,severity_only,,False,False,False,
133,gradual,external_only,,False,False,False,
133,gradual,internal_only,30.0,True,False,False,-6.0
133,gradual,prism,27.0,True,False,False,-3.0
134,gradual,severity_only,4.0,False,False,True,
134,gradual,external_only,4.0,False,False,True,
134,gradual,internal_only,4.0,False,False,True,
134,gradual,prism,4.0,False,False,True,
135,gradual,severity_only,,False,False,False,
135,gradual,external_only,,False,False,False,
135,gradual,internal_only,33.0,False,False,False,
135,gradual,prism,33.0,False,False,False,
136,gradual,severity_only,,False,False,False,
136,gradual,external_only,,False,False,False,
136,gradual,internal_only,29.0,True,False,False,-5.0
136,gradual,prism,27.0,True,False,False,-3.0
137,gradual,severity_only,,False,False,False,
137,gradual,external_only,,False,False,False,
137,gradual,internal_only,31.0,False,False,False,
137,gradual,prism,22.0,True,True,False,2.0
138,gradual,severity_only,,False,False,False,
138,gradual,external_only,,False,False,False,
138,gradual,internal_only,31.0,False,False,False,
138,gradual,prism,30.0,True,False,False,-6.0
139,gradual,severity_only,,False,False,False,
139,gradual,external_only,,False,False,False,
139,gradual,internal_only,33.0,False,False,False,
139,gradual,prism,32.0,False,False,False,
140,gradual,severity_only,,False,False,False,
140,gradual,external_only,,False,False,False,
140,gradual,internal_only,31.0,False,False,False,
140,gradual,prism,30.0,True,False,False,-6.0
141,gradual,severity_only,,False,False,False,
141,gradual,external_only,,False,False,False,
141,gradual,internal_only,33.0,False,False,False,
141,gradual,prism,33.0,False,False,False,
142,gradual,severity_only,,False,False,False,
142,gradual,external_only,,False,False,False,
142,gradual,internal_only,32.0,False,False,False,
142,gradual,prism,29.0,True,False,False,-5.0
143,gradual,severity_only,,False,False,False,
143,gradual,external_only,,False,False,False,
143,gradual,internal_only,32.0,False,False,False,
143,gradual,prism,30.0,True,False,False,-6.0
144,gradual,severity_only,,False,False,False,
144,gradual,external_only,,False,False,False,
144,gradual,internal_only,35.0,False,False,False,
144,gradual,prism,35.0,False,False,False,
145,gradual,severity_only,,False,False,False,
145,gradual,external_only,,False,False,False,
145,gradual,internal_only,30.0,True,False,False,-6.0
145,gradual,prism,25.0,True,False,False,-1.0
146,gradual,severity_only,,False,False,False,
146,gradual,external_only,,False,False,False,
146,gradual,internal_only,34.0,False,False,False,
146,gradual,prism,34.0,False,False,False,
147,gradual,severity_only,,False,False,False,
147,gradual,external_only,,False,False,False,
147,gradual,internal_only,33.0,False,False,False,
147,gradual,prism,26.0,True,False,False,-2.0
148,gradual,severity_only,,False,False,False,
148,gradual,external_only,,False,False,False,
148,gradual,internal_only,35.0,False,False,False,
148,gradual,prism,35.0,False,False,False,
149,gradual,severity_only,,False,False,False,
149,gradual,external_only,,False,False,False,
149,gradual,internal_only,31.0,False,False,False,
149,gradual,prism,26.0,True,False,False,-2.0
150,gradual,severity_only,,False,False,False,
150,gradual,external_only,,False,False,False,
150,gradual,internal_only,34.0,False,False,False,
150,gradual,prism,34.0,False,False,False,
151,gradual,severity_only,,False,False,False,
151,gradual,external_only,,False,False,False,
151,gradual,internal_only,33.0,False,False,False,
151,gradual,prism,32.0,False,False,False,
152,gradual,severity_only,,False,False,False,
152,gradual,external_only,,False,False,False,
152,gradual,internal_only,34.0,False,False,False,
152,gradual,prism,33.0,False,False,False,
153,gradual,severity_only,,False,False,False,
153,gradual,external_only,,False,False,False,
153,gradual,internal_only,30.0,True,False,False,-6.0
153,gradual,prism,26.0,True,False,False,-2.0
154,gradual,severity_only,,False,False,False,
154,gradual,external_only,,False,False,False,
154,gradual,internal_only,31.0,False,False,False,
154,gradual,prism,31.0,False,False,False,
155,gradual,severity_only,,False,False,False,
155,gradual,external_only,27.0,True,False,False,-3.0
155,gradual,internal_only,31.0,False,False,False,
155,gradual,prism,29.0,True,False,False,-5.0
156,gradual,severity_only,,False,False,False,
156,gradual,external_only,,False,False,False,
156,gradual,internal_only,37.0,False,False,False,
156,gradual,prism,37.0,False,False,False,
157,gradual,severity_only,,False,False,False,
157,gradual,external_only,,False,False,False,
157,gradual,internal_only,37.0,False,False,False,
157,gradual,prism,32.0,False,False,False,
158,gradual,severity_only,,False,False,False,
158,gradual,external_only,,False,False,False,
158,gradual,internal_only,33.0,False,False,False,
158,gradual,prism,32.0,False,False,False,
159,gradual,severity_only,,False,False,False,
159,gradual,external_only,,False,False,False,
159,gradual,internal_only,32.0,False,False,False,
159,gradual,prism,32.0,False,False,False,
160,gradual,severity_only,,False,False,False,
160,gradual,external_only,,False,False,False,
160,gradual,internal_only,35.0,False,False,False,
160,gradual,prism,34.0,False,False,False,
161,gradual,severity_only,,False,False,False,
161,gradual,external_only,,False,False,False,
161,gradual,internal_only,32.0,False,False,False,
161,gradual,prism,30.0,True,False,False,-6.0
162,gradual,severity_only,,False,False,False,
162,gradual,external_only,,False,False,False,
162,gradual,internal_only,32.0,False,False,False,
162,gradual,prism,28.0,True,False,False,-4.0
163,gradual,severity_only,,False,False,False,
163,gradual,external_only,,False,False,False,
163,gradual,internal_only,31.0,False,False,False,
163,gradual,prism,29.0,True,False,False,-5.0
164,gradual,severity_only,,False,False,False,
164,gradual,external_only,,False,False,False,
164,gradual,internal_only,30.0,True,False,False,-6.0
164,gradual,prism,30.0,True,False,False,-6.0
165,gradual,severity_only,,False,False,False,
165,gradual,external_only,4.0,False,False,True,
165,gradual,internal_only,33.0,False,False,False,
165,gradual,prism,4.0,False,False,True,
166,gradual,severity_only,,False,False,False,
166,gradual,external_only,,False,False,False,
166,gradual,internal_only,37.0,False,False,False,
166,gradual,prism,37.0,False,False,False,
167,gradual,severity_only,,False,False,False,
167,gradual,external_only,,False,False,False,
167,gradual,internal_only,33.0,False,False,False,
167,gradual,prism,32.0,False,False,False,
168,gradual,severity_only,,False,False,False,
168,gradual,external_only,,False,False,False,
168,gradual,internal_only,24.0,True,True,False,0.0
168,gradual,prism,24.0,True,True,False,0.0
169,gradual,severity_only,,False,False,False,
169,gradual,external_only,30.0,True,False,False,-6.0
169,gradual,internal_only,35.0,False,False,False,
169,gradual,prism,30.0,True,False,False,-6.0
170,gradual,severity_only,,False,False,False,
170,gradual,external_only,,False,False,False,
170,gradual,internal_only,32.0,False,False,False,
170,gradual,prism,29.0,True,False,False,-5.0
171,gradual,severity_only,,False,False,False,
171,gradual,external_only,,False,False,False,
171,gradual,internal_only,33.0,False,False,False,
171,gradual,prism,34.0,False,False,False,
172,gradual,severity_only,,False,False,False,
172,gradual,external_only,,False,False,False,
172,gradual,internal_only,30.0,True,False,False,-6.0
172,gradual,prism,24.0,True,True,False,0.0
173,gradual,severity_only,,False,False,False,
173,gradual,external_only,,False,False,False,
173,gradual,internal_only,33.0,False,False,False,
173,gradual,prism,27.0,True,False,False,-3.0
174,gradual,severity_only,,False,False,False,
174,gradual,external_only,,False,False,False,
174,gradual,internal_only,34.0,False,False,False,
174,gradual,prism,34.0,False,False,False,
175,gradual,severity_only,,False,False,False,
175,gradual,external_only,,False,False,False,
175,gradual,internal_only,34.0,False,False,False,
175,gradual,prism,34.0,False,False,False,
176,gradual,severity_only,28.0,True,False,False,-4.0
176,gradual,external_only,28.0,True,False,False,-4.0
176,gradual,internal_only,33.0,False,False,False,
176,gradual,prism,33.0,False,False,False,
177,gradual,severity_only,,False,False,False,
177,gradual,external_only,,False,False,False,
177,gradual,internal_only,33.0,False,False,False,
177,gradual,prism,34.0,False,False,False,
178,gradual,severity_only,,False,False,False,
178,gradual,external_only,,False,False,False,
178,gradual,internal_only,33.0,False,False,False,
178,gradual,prism,21.0,False,False,False,
179,gradual,severity_only,,False,False,False,
179,gradual,external_only,,False,False,False,
179,gradual,internal_only,32.0,False,False,False,
179,gradual,prism,27.0,True,False,False,-3.0
180,gradual,severity_only,,False,False,False,
180,gradual,external_only,,False,False,False,
180,gradual,internal_only,31.0,False,False,False,
180,gradual,prism,30.0,True,False,False,-6.0
181,gradual,severity_only,,False,False,False,
181,gradual,external_only,,False,False,False,
181,gradual,internal_only,32.0,False,False,False,
181,gradual,prism,32.0,False,False,False,
182,gradual,severity_only,,False,False,False,
182,gradual,external_only,,False,False,False,
182,gradual,internal_only,31.0,False,False,False,
182,gradual,prism,30.0,True,False,False,-6.0
183,gradual,severity_only,,False,False,False,
183,gradual,external_only,,False,False,False,
183,gradual,internal_only,32.0,False,False,False,
183,gradual,prism,31.0,False,False,False,
184,gradual,severity_only,,False,False,False,
184,gradual,external_only,,False,False,False,
184,gradual,internal_only,31.0,False,False,False,
184,gradual,prism,30.0,True,False,False,-6.0
185,gradual,severity_only,,False,False,False,
185,gradual,external_only,,False,False,False,
185,gradual,internal_only,31.0,False,False,False,
185,gradual,prism,27.0,True,False,False,-3.0
186,gradual,severity_only,,False,False,False,
186,gradual,external_only,,False,False,False,
186,gradual,internal_only,32.0,False,False,False,
186,gradual,prism,30.0,True,False,False,-6.0
187,gradual,severity_only,,False,False,False,
187,gradual,external_only,,False,False,False,
187,gradual,internal_only,32.0,False,False,False,
187,gradual,prism,31.0,False,False,False,
188,gradual,severity_only,,False,False,False,
188,gradual,external_only,,False,False,False,
188,gradual,internal_only,32.0,False,False,False,
188,gradual,prism,29.0,True,False,False,-5.0
189,gradual,severity_only,,False,False,False,
189,gradual,external_only,,False,False,False,
189,gradual,internal_only,33.0,False,False,False,
189,gradual,prism,33.0,False,False,False,
190,gradual,severity_only,,False,False,False,
190,gradual,external_only,24.0,True,True,False,0.0
190,gradual,internal_only,30.0,True,False,False,-6.0
190,gradual,prism,30.0,True,False,False,-6.0
191,gradual,severity_only,,False,False,False,
191,gradual,external_only,26.0,True,False,False,-2.0
191,gradual,internal_only,32.0,False,False,False,
191,gradual,prism,26.0,True,False,False,-2.0
192,gradual,severity_only,,False,False,False,
192,gradual,external_only,,False,False,False,
192,gradual,internal_only,35.0,False,False,False,
192,gradual,prism,31.0,False,False,False,
193,gradual,severity_only,,False,False,False,
193,gradual,external_only,,False,False,False,
193,gradual,internal_only,34.0,False,False,False,
193,gradual,prism,34.0,False,False,False,
194,gradual,severity_only,,False,False,False,
194,gradual,external_only,,False,False,False,
194,gradual,internal_only,31.0,False,False,False,
194,gradual,prism,25.0,True,False,False,-1.0
195,gradual,severity_only,,False,False,False,
195,gradual,external_only,,False,False,False,
195,gradual,internal_only,33.0,False,False,False,
195,gradual,prism,33.0,False,False,False,
196,gradual,severity_only,,False,False,False,
196,gradual,external_only,,False,False,False,
196,gradual,internal_only,32.0,False,False,False,
196,gradual,prism,25.0,True,False,False,-1.0
197,gradual,severity_only,,False,False,False,
197,gradual,external_only,,False,False,False,
197,gradual,internal_only,34.0,False,False,False,
197,gradual,prism,30.0,True,False,False,-6.0
198,gradual,severity_only,,False,False,False,
198,gradual,external_only,,False,False,False,
198,gradual,internal_only,32.0,False,False,False,
198,gradual,prism,31.0,False,False,False,
199,gradual,severity_only,,False,False,False,
199,gradual,external_only,26.0,True,False,False,-2.0
199,gradual,internal_only,26.0,True,False,False,-2.0
199,gradual,prism,25.0,True,False,False,-1.0
200,gradual,severity_only,,False,False,False,
200,gradual,external_only,,False,False,False,
200,gradual,internal_only,31.0,False,False,False,
200,gradual,prism,31.0,False,False,False,
201,gradual,severity_only,,False,False,False,
201,gradual,external_only,,False,False,False,
201,gradual,internal_only,32.0,False,False,False,
201,gradual,prism,33.0,False,False,False,
202,gradual,severity_only,,False,False,False,
202,gradual,external_only,,False,False,False,
202,gradual,internal_only,32.0,False,False,False,
202,gradual,prism,31.0,False,False,False,
203,gradual,severity_only,,False,False,False,
203,gradual,external_only,,False,False,False,
203,gradual,internal_only,34.0,False,False,False,
203,gradual,prism,34.0,False,False,False,
204,gradual,severity_only,,False,False,False,
204,gradual,external_only,,False,False,False,
204,gradual,internal_only,35.0,False,False,False,
204,gradual,prism,35.0,False,False,False,
205,gradual,severity_only,,False,False,False,
205,gradual,external_only,,False,False,False,
205,gradual,internal_only,33.0,False,False,False,
205,gradual,prism,32.0,False,False,False,
206,gradual,severity_only,4.0,False,False,True,
206,gradual,external_only,4.0,False,False,True,
206,gradual,internal_only,4.0,False,False,True,
206,gradual,prism,4.0,False,False,True,
207,gradual,severity_only,,False,False,False,
207,gradual,external_only,,False,False,False,
207,gradual,internal_only,31.0,False,False,False,
207,gradual,prism,25.0,True,False,False,-1.0
208,gradual,severity_only,,False,False,False,
208,gradual,external_only,,False,False,False,
208,gradual,internal_only,34.0,False,False,False,
208,gradual,prism,34.0,False,False,False,
209,gradual,severity_only,,False,False,False,
209,gradual,external_only,,False,False,False,
209,gradual,internal_only,33.0,False,False,False,
209,gradual,prism,24.0,True,True,False,0.0
210,gradual,severity_only,,False,False,False,
210,gradual,external_only,,False,False,False,
210,gradual,internal_only,29.0,True,False,False,-5.0
210,gradual,prism,27.0,True,False,False,-3.0
211,gradual,severity_only,,False,False,False,
211,gradual,external_only,,False,False,False,
211,gradual,internal_only,31.0,False,False,False,
211,gradual,prism,31.0,False,False,False,
212,gradual,severity_only,,False,False,False,
212,gradual,external_only,,False,False,False,
212,gradual,internal_only,34.0,False,False,False,
212,gradual,prism,33.0,False,False,False,
213,gradual,severity_only,,False,False,False,
213,gradual,external_only,,False,False,False,
213,gradual,internal_only,32.0,False,False,False,
213,gradual,prism,29.0,True,False,False,-5.0
214,gradual,severity_only,,False,False,False,
214,gradual,external_only,,False,False,False,
214,gradual,internal_only,34.0,False,False,False,
214,gradual,prism,34.0,False,False,False,
215,gradual,severity_only,,False,False,False,
215,gradual,external_only,,False,False,False,
215,gradual,internal_only,32.0,False,False,False,
215,gradual,prism,33.0,False,False,False,
216,gradual,severity_only,,False,False,False,
216,gradual,external_only,,False,False,False,
216,gradual,internal_only,31.0,False,False,False,
216,gradual,prism,21.0,False,False,False,
217,gradual,severity_only,,False,False,False,
217,gradual,external_only,,False,False,False,
217,gradual,internal_only,29.0,True,False,False,-5.0
217,gradual,prism,27.0,True,False,False,-3.0
218,gradual,severity_only,,False,False,False,
218,gradual,external_only,,False,False,False,
218,gradual,internal_only,26.0,True,False,False,-2.0
218,gradual,prism,24.0,True,True,False,0.0
219,gradual,severity_only,,False,False,False,
219,gradual,external_only,,False,False,False,
219,gradual,internal_only,33.0,False,False,False,
219,gradual,prism,32.0,False,False,False,
220,gradual,severity_only,,False,False,False,
220,gradual,external_only,,False,False,False,
220,gradual,internal_only,30.0,True,False,False,-6.0
220,gradual,prism,24.0,True,True,False,0.0
221,gradual,severity_only,,False,False,False,
221,gradual,external_only,,False,False,False,
221,gradual,internal_only,31.0,False,False,False,
221,gradual,prism,32.0,False,False,False,
222,gradual,severity_only,,False,False,False,
222,gradual,external_only,,False,False,False,
222,gradual,internal_only,32.0,False,False,False,
222,gradual,prism,26.0,True,False,False,-2.0
223,gradual,severity_only,5.0,False,False,True,
223,gradual,external_only,5.0,False,False,True,
223,gradual,internal_only,5.0,False,False,True,
223,gradual,prism,5.0,False,False,True,
224,gradual,severity_only,,False,False,False,
224,gradual,external_only,,False,False,False,
224,gradual,internal_only,27.0,True,False,False,-3.0
224,gradual,prism,24.0,True,True,False,0.0
225,gradual,severity_only,,False,False,False,
225,gradual,external_only,26.0,True,False,False,-2.0
225,gradual,internal_only,33.0,False,False,False,
225,gradual,prism,20.0,False,False,True,
226,gradual,severity_only,,False,False,False,
226,gradual,external_only,,False,False,False,
226,gradual,internal_only,34.0,False,False,False,
226,gradual,prism,31.0,False,False,False,
227,gradual,severity_only,,False,False,False,
227,gradual,external_only,27.0,True,False,False,-3.0
227,gradual,internal_only,32.0,False,False,False,
227,gradual,prism,27.0,True,False,False,-3.0
228,gradual,severity_only,,False,False,False,
228,gradual,external_only,25.0,True,False,False,-1.0
228,gradual,internal_only,36.0,False,False,False,
228,gradual,prism,25.0,True,False,False,-1.0
229,gradual,severity_only,,False,False,False,
229,gradual,external_only,,False,False,False,
229,gradual,internal_only,33.0,False,False,False,
229,gradual,prism,31.0,False,False,False,
230,gradual,severity_only,,False,False,False,
230,gradual,external_only,,False,False,False,
230,gradual,internal_only,32.0,False,False,False,
230,gradual,prism,29.0,True,False,False,-5.0
231,gradual,severity_only,,False,False,False,
231,gradual,external_only,,False,False,False,
231,gradual,internal_only,33.0,False,False,False,
231,gradual,prism,29.0,True,False,False,-5.0
232,gradual,severity_only,,False,False,False,
232,gradual,external_only,,False,False,False,
232,gradual,internal_only,32.0,False,False,False,
232,gradual,prism,29.0,True,False,False,-5.0
233,gradual,severity_only,,False,False,False,
233,gradual,external_only,,False,False,False,
233,gradual,internal_only,32.0,False,False,False,
233,gradual,prism,31.0,False,False,False,
234,gradual,severity_only,,False,False,False,
234,gradual,external_only,,False,False,False,
234,gradual,internal_only,30.0,True,False,False,-6.0
234,gradual,prism,29.0,True,False,False,-5.0
235,gradual,severity_only,,False,False,False,
235,gradual,external_only,,False,False,False,
235,gradual,internal_only,33.0,False,False,False,
235,gradual,prism,24.0,True,True,False,0.0
236,gradual,severity_only,,False,False,False,
236,gradual,external_only,17.0,False,False,True,
236,gradual,internal_only,33.0,False,False,False,
236,gradual,prism,17.0,False,False,True,
237,gradual,severity_only,,False,False,False,
237,gradual,external_only,25.0,True,False,False,-1.0
237,gradual,internal_only,35.0,False,False,False,
237,gradual,prism,34.0,False,False,False,
238,gradual,severity_only,32.0,False,False,False,
238,gradual,external_only,32.0,False,False,False,
238,gradual,internal_only,32.0,False,False,False,
238,gradual,prism,26.0,True,False,False,-2.0
239,gradual,severity_only,,False,False,False,
239,gradual,external_only,,False,False,False,
239,gradual,internal_only,32.0,False,False,False,
239,gradual,prism,29.0,True,False,False,-5.0
240,gradual,severity_only,,False,False,False,
240,gradual,external_only,,False,False,False,
240,gradual,internal_only,33.0,False,False,False,
240,gradual,prism,32.0,False,False,False,
241,gradual,severity_only,,False,False,False,
241,gradual,external_only,,False,False,False,
241,gradual,internal_only,32.0,False,False,False,
241,gradual,prism,27.0,True,False,False,-3.0
242,gradual,severity_only,,False,False,False,
242,gradual,external_only,,False,False,False,
242,gradual,internal_only,32.0,False,False,False,
242,gradual,prism,25.0,True,False,False,-1.0
243,gradual,severity_only,,False,False,False,
243,gradual,external_only,,False,False,False,
243,gradual,internal_only,30.0,True,False,False,-6.0
243,gradual,prism,29.0,True,False,False,-5.0
244,gradual,severity_only,,False,False,False,
244,gradual,external_only,,False,False,False,
244,gradual,internal_only,34.0,False,False,False,
244,gradual,prism,33.0,False,False,False,
245,gradual,severity_only,,False,False,False,
245,gradual,external_only,,False,False,False,
245,gradual,internal_only,33.0,False,False,False,
245,gradual,prism,25.0,True,False,False,-1.0
246,gradual,severity_only,,False,False,False,
246,gradual,external_only,,False,False,False,
246,gradual,internal_only,29.0,True,False,False,-5.0
246,gradual,prism,28.0,True,False,False,-4.0
247,gradual,severity_only,,False,False,False,
247,gradual,external_only,,False,False,False,
247,gradual,internal_only,34.0,False,False,False,
247,gradual,prism,33.0,False,False,False,
248,gradual,severity_only,,False,False,False,
248,gradual,external_only,,False,False,False,
248,gradual,internal_only,31.0,False,False,False,
248,gradual,prism,29.0,True,False,False,-5.0
249,gradual,severity_only,,False,False,False,
249,gradual,external_only,,False,False,False,
249,gradual,internal_only,33.0,False,False,False,
249,gradual,prism,34.0,False,False,False,
250,gradual,severity_only,,False,False,False,
250,gradual,external_only,,False,False,False,
250,gradual,internal_only,33.0,False,False,False,
250,gradual,prism,30.0,True,False,False,-6.0
251,gradual,severity_only,,False,False,False,
251,gradual,external_only,,False,False,False,
251,gradual,internal_only,29.0,True,False,False,-5.0
251,gradual,prism,27.0,True,False,False,-3.0
252,gradual,severity_only,,False,False,False,
252,gradual,external_only,,False,False,False,
252,gradual,internal_only,31.0,False,False,False,
252,gradual,prism,28.0,True,False,False,-4.0
253,gradual,severity_only,,False,False,False,
253,gradual,external_only,,False,False,False,
253,gradual,internal_only,32.0,False,False,False,
253,gradual,prism,32.0,False,False,False,
254,gradual,severity_only,,False,False,False,
254,gradual,external_only,29.0,True,False,False,-5.0
254,gradual,internal_only,35.0,False,False,False,
254,gradual,prism,33.0,False,False,False,
255,gradual,severity_only,,False,False,False,
255,gradual,external_only,29.0,True,False,False,-5.0
255,gradual,internal_only,33.0,False,False,False,
255,gradual,prism,33.0,False,False,False,
256,gradual,severity_only,,False,False,False,
256,gradual,external_only,,False,False,False,
256,gradual,internal_only,32.0,False,False,False,
256,gradual,prism,32.0,False,False,False,
257,gradual,severity_only,,False,False,False,
257,gradual,external_only,,False,False,False,
257,gradual,internal_only,32.0,False,False,False,
257,gradual,prism,31.0,False,False,False,
258,gradual,severity_only,,False,False,False,
258,gradual,external_only,,False,False,False,
258,gradual,internal_only,32.0,False,False,False,
258,gradual,prism,32.0,False,False,False,
259,gradual,severity_only,,False,False,False,
259,gradual,external_only,,False,False,False,
259,gradual,internal_only,29.0,True,False,False,-5.0
259,gradual,prism,27.0,True,False,False,-3.0
260,gradual,severity_only,,False,False,False,
260,gradual,external_only,,False,False,False,
260,gradual,internal_only,32.0,False,False,False,
260,gradual,prism,32.0,False,False,False,
261,gradual,severity_only,,False,False,False,
261,gradual,external_only,27.0,True,False,False,-3.0
261,gradual,internal_only,34.0,False,False,False,
261,gradual,prism,33.0,False,False,False,
262,gradual,severity_only,,False,False,False,
262,gradual,external_only,,False,False,False,
262,gradual,internal_only,35.0,False,False,False,
262,gradual,prism,35.0,False,False,False,
263,gradual,severity_only,,False,False,False,
263,gradual,external_only,28.0,True,False,False,-4.0
263,gradual,internal_only,34.0,False,False,False,
263,gradual,prism,29.0,True,False,False,-5.0
264,gradual,severity_only,,False,False,False,
264,gradual,external_only,,False,False,False,
264,gradual,internal_only,29.0,True,False,False,-5.0
264,gradual,prism,27.0,True,False,False,-3.0
265,gradual,severity_only,,False,False,False,
265,gradual,external_only,,False,False,False,
265,gradual,internal_only,31.0,False,False,False,
265,gradual,prism,29.0,True,False,False,-5.0
266,gradual,severity_only,,False,False,False,
266,gradual,external_only,26.0,True,False,False,-2.0
266,gradual,internal_only,33.0,False,False,False,
266,gradual,prism,26.0,True,False,False,-2.0
267,gradual,severity_only,,False,False,False,
267,gradual,external_only,,False,False,False,
267,gradual,internal_only,32.0,False,False,False,
267,gradual,prism,31.0,False,False,False,
268,gradual,severity_only,,False,False,False,
268,gradual,external_only,,False,False,False,
268,gradual,internal_only,29.0,True,False,False,-5.0
268,gradual,prism,27.0,True,False,False,-3.0
269,gradual,severity_only,,False,False,False,
269,gradual,external_only,,False,False,False,
269,gradual,internal_only,31.0,False,False,False,
269,gradual,prism,26.0,True,False,False,-2.0
270,gradual,severity_only,,False,False,False,
270,gradual,external_only,,False,False,False,
270,gradual,internal_only,34.0,False,False,False,
270,gradual,prism,33.0,False,False,False,
271,gradual,severity_only,,False,False,False,
271,gradual,external_only,,False,False,False,
271,gradual,internal_only,33.0,False,False,False,
271,gradual,prism,33.0,False,False,False,
272,gradual,severity_only,,False,False,False,
272,gradual,external_only,,False,False,False,
272,gradual,internal_only,33.0,False,False,False,
272,gradual,prism,26.0,True,False,False,-2.0
273,gradual,severity_only,,False,False,False,
273,gradual,external_only,,False,False,False,
273,gradual,internal_only,32.0,False,False,False,
273,gradual,prism,32.0,False,False,False,
274,gradual,severity_only,,False,False,False,
274,gradual,external_only,,False,False,False,
274,gradual,internal_only,33.0,False,False,False,
274,gradual,prism,20.0,False,False,True,
275,gradual,severity_only,,False,False,False,
275,gradual,external_only,,False,False,False,
275,gradual,internal_only,35.0,False,False,False,
275,gradual,prism,34.0,False,False,False,
276,gradual,severity_only,,False,False,False,
276,gradual,external_only,,False,False,False,
276,gradual,internal_only,30.0,True,False,False,-6.0
276,gradual,prism,29.0,True,False,False,-5.0
277,gradual,severity_only,,False,False,False,
277,gradual,external_only,,False,False,False,
277,gradual,internal_only,34.0,False,False,False,
277,gradual,prism,34.0,False,False,False,
278,gradual,severity_only,,False,False,False,
278,gradual,external_only,,False,False,False,
278,gradual,internal_only,30.0,True,False,False,-6.0
278,gradual,prism,28.0,True,False,False,-4.0
279,gradual,severity_only,,False,False,False,
279,gradual,external_only,,False,False,False,
279,gradual,internal_only,33.0,False,False,False,
279,gradual,prism,25.0,True,False,False,-1.0
280,gradual,severity_only,,False,False,False,
280,gradual,external_only,,False,False,False,
280,gradual,internal_only,31.0,False,False,False,
280,gradual,prism,28.0,True,False,False,-4.0
281,gradual,severity_only,,False,False,False,
281,gradual,external_only,,False,False,False,
281,gradual,internal_only,31.0,False,False,False,
281,gradual,prism,30.0,True,False,False,-6.0
282,gradual,severity_only,,False,False,False,
282,gradual,external_only,,False,False,False,
282,gradual,internal_only,34.0,False,False,False,
282,gradual,prism,18.0,False,False,True,
283,gradual,severity_only,,False,False,False,
283,gradual,external_only,,False,False,False,
283,gradual,internal_only,30.0,True,False,False,-6.0
283,gradual,prism,27.0,True,False,False,-3.0
284,gradual,severity_only,,False,False,False,
284,gradual,external_only,,False,False,False,
284,gradual,internal_only,30.0,True,False,False,-6.0
284,gradual,prism,29.0,True,False,False,-5.0
285,gradual,severity_only,,False,False,False,
285,gradual,external_only,,False,False,False,
285,gradual,internal_only,35.0,False,False,False,
285,gradual,prism,32.0,False,False,False,
286,gradual,severity_only,,False,False,False,
286,gradual,external_only,26.0,True,False,False,-2.0
286,gradual,internal_only,32.0,False,False,False,
286,gradual,prism,26.0,True,False,False,-2.0
287,gradual,severity_only,,False,False,False,
287,gradual,external_only,,False,False,False,
287,gradual,internal_only,32.0,False,False,False,
287,gradual,prism,29.0,True,False,False,-5.0
288,gradual,severity_only,,False,False,False,
288,gradual,external_only,25.0,True,False,False,-1.0
288,gradual,internal_only,34.0,False,False,False,
288,gradual,prism,25.0,True,False,False,-1.0
289,gradual,severity_only,,False,False,False,
289,gradual,external_only,,False,False,False,
289,gradual,internal_only,33.0,False,False,False,
289,gradual,prism,25.0,True,False,False,-1.0
290,gradual,severity_only,,False,False,False,
290,gradual,external_only,,False,False,False,
290,gradual,internal_only,33.0,False,False,False,
290,gradual,prism,30.0,True,False,False,-6.0
291,gradual,severity_only,,False,False,False,
291,gradual,external_only,,False,False,False,
291,gradual,internal_only,34.0,False,False,False,
291,gradual,prism,32.0,False,False,False,
292,gradual,severity_only,,False,False,False,
292,gradual,external_only,,False,False,False,
292,gradual,internal_only,33.0,False,False,False,
292,gradual,prism,26.0,True,False,False,-2.0
293,gradual,severity_only,,False,False,False,
293,gradual,external_only,,False,False,False,
293,gradual,internal_only,34.0,False,False,False,
293,gradual,prism,33.0,False,False,False,
294,gradual,severity_only,,False,False,False,
294,gradual,external_only,,False,False,False,
294,gradual,internal_only,31.0,False,False,False,
294,gradual,prism,31.0,False,False,False,
295,gradual,severity_only,,False,False,False,
295,gradual,external_only,,False,False,False,
295,gradual,internal_only,33.0,False,False,False,
295,gradual,prism,31.0,False,False,False,
296,gradual,severity_only,,False,False,False,
296,gradual,external_only,,False,False,False,
296,gradual,internal_only,35.0,False,False,False,
296,gradual,prism,35.0,False,False,False,
297,gradual,severity_only,,False,False,False,
297,gradual,external_only,28.0,True,False,False,-4.0
297,gradual,internal_only,33.0,False,False,False,
297,gradual,prism,27.0,True,False,False,-3.0
298,gradual,severity_only,,False,False,False,
298,gradual,external_only,4.0,False,False,True,
298,gradual,internal_only,34.0,False,False,False,
298,gradual,prism,4.0,False,False,True,
299,gradual,severity_only,,False,False,False,
299,gradual,external_only,,False,False,False,
299,gradual,internal_only,31.0,False,False,False,
299,gradual,prism,29.0,True,False,False,-5.0
300,gradual,severity_only,,False,False,False,
300,gradual,external_only,,False,False,False,
300,gradual,internal_only,35.0,False,False,False,
300,gradual,prism,27.0,True,False,False,-3.0
301,gradual,severity_only,,False,False,False,
301,gradual,external_only,,False,False,False,
301,gradual,internal_only,33.0,False,False,False,
301,gradual,prism,24.0,True,True,False,0.0
302,gradual,severity_only,,False,False,False,
302,gradual,external_only,,False,False,False,
302,gradual,internal_only,31.0,False,False,False,
302,gradual,prism,31.0,False,False,False,
303,gradual,severity_only,,False,False,False,
303,gradual,external_only,,False,False,False,
303,gradual,internal_only,33.0,False,False,False,
303,gradual,prism,34.0,False,False,False,
304,gradual,severity_only,,False,False,False,
304,gradual,external_only,26.0,True,False,False,-2.0
304,gradual,internal_only,31.0,False,False,False,
304,gradual,prism,29.0,True,False,False,-5.0
305,gradual,severity_only,,False,False,False,
305,gradual,external_only,28.0,True,False,False,-4.0
305,gradual,internal_only,33.0,False,False,False,
305,gradual,prism,28.0,True,False,False,-4.0
306,gradual,severity_only,,False,False,False,
306,gradual,external_only,,False,False,False,
306,gradual,internal_only,35.0,False,False,False,
306,gradual,prism,34.0,False,False,False,
307,gradual,severity_only,,False,False,False,
307,gradual,external_only,,False,False,False,
307,gradual,internal_only,33.0,False,False,False,
307,gradual,prism,33.0,False,False,False,
308,gradual,severity_only,,False,False,False,
308,gradual,external_only,,False,False,False,
308,gradual,internal_only,32.0,False,False,False,
308,gradual,prism,32.0,False,False,False,
309,gradual,severity_only,,False,False,False,
309,gradual,external_only,,False,False,False,
309,gradual,internal_only,33.0,False,False,False,
309,gradual,prism,33.0,False,False,False,
310,gradual,severity_only,,False,False,False,
310,gradual,external_only,27.0,True,False,False,-3.0
310,gradual,internal_only,32.0,False,False,False,
310,gradual,prism,25.0,True,False,False,-1.0
311,gradual,severity_only,,False,False,False,
311,gradual,external_only,,False,False,False,
311,gradual,internal_only,33.0,False,False,False,
311,gradual,prism,33.0,False,False,False,
312,gradual,severity_only,,False,False,False,
312,gradual,external_only,,False,False,False,
312,gradual,internal_only,32.0,False,False,False,
312,gradual,prism,33.0,False,False,False,
313,gradual,severity_only,,False,False,False,
313,gradual,external_only,25.0,True,False,False,-1.0
313,gradual,internal_only,31.0,False,False,False,
313,gradual,prism,24.0,True,True,False,0.0
314,gradual,severity_only,,False,False,False,
314,gradual,external_only,,False,False,False,
314,gradual,internal_only,33.0,False,False,False,
314,gradual,prism,32.0,False,False,False,
315,gradual,severity_only,,False,False,False,
315,gradual,external_only,,False,False,False,
315,gradual,internal_only,34.0,False,False,False,
315,gradual,prism,34.0,False,False,False,
316,gradual,severity_only,,False,False,False,
316,gradual,external_only,28.0,True,False,False,-4.0
316,gradual,internal_only,33.0,False,False,False,
316,gradual,prism,28.0,True,False,False,-4.0
317,gradual,severity_only,,False,False,False,
317,gradual,external_only,,False,False,False,
317,gradual,internal_only,32.0,False,False,False,
317,gradual,prism,31.0,False,False,False,
318,gradual,severity_only,,False,False,False,
318,gradual,external_only,,False,False,False,
318,gradual,internal_only,34.0,False,False,False,
318,gradual,prism,35.0,False,False,False,
319,gradual,severity_only,,False,False,False,
319,gradual,external_only,,False,False,False,
319,gradual,internal_only,34.0,False,False,False,
319,gradual,prism,30.0,True,False,False,-6.0
320,gradual,severity_only,,False,False,False,
320,gradual,external_only,27.0,True,False,False,-3.0
320,gradual,internal_only,33.0,False,False,False,
320,gradual,prism,27.0,True,False,False,-3.0
321,gradual,severity_only,,False,False,False,
321,gradual,external_only,28.0,True,False,False,-4.0
321,gradual,internal_only,32.0,False,False,False,
321,gradual,prism,28.0,True,False,False,-4.0
322,gradual,severity_only,,False,False,False,
322,gradual,external_only,,False,False,False,
322,gradual,internal_only,34.0,False,False,False,
322,gradual,prism,34.0,False,False,False,
323,gradual,severity_only,,False,False,False,
323,gradual,external_only,,False,False,False,
323,gradual,internal_only,33.0,False,False,False,
323,gradual,prism,33.0,False,False,False,
324,gradual,severity_only,,False,False,False,
324,gradual,external_only,14.0,False,False,True,
324,gradual,internal_only,32.0,False,False,False,
324,gradual,prism,14.0,False,False,True,
325,gradual,severity_only,,False,False,False,
325,gradual,external_only,,False,False,False,
325,gradual,internal_only,36.0,False,False,False,
325,gradual,prism,36.0,False,False,False,
326,gradual,severity_only,,False,False,False,
326,gradual,external_only,,False,False,False,
326,gradual,internal_only,32.0,False,False,False,
326,gradual,prism,33.0,False,False,False,
327,gradual,severity_only,,False,False,False,
327,gradual,external_only,,False,False,False,
327,gradual,internal_only,32.0,False,False,False,
327,gradual,prism,25.0,True,False,False,-1.0
328,gradual,severity_only,,False,False,False,
328,gradual,external_only,,False,False,False,
328,gradual,internal_only,35.0,False,False,False,
328,gradual,prism,35.0,False,False,False,
329,gradual,severity_only,,False,False,False,
329,gradual,external_only,,False,False,False,
329,gradual,internal_only,32.0,False,False,False,
329,gradual,prism,27.0,True,False,False,-3.0
330,gradual,severity_only,,False,False,False,
330,gradual,external_only,,False,False,False,
330,gradual,internal_only,33.0,False,False,False,
330,gradual,prism,33.0,False,False,False,
331,gradual,severity_only,,False,False,False,
331,gradual,external_only,,False,False,False,
331,gradual,internal_only,23.0,True,True,False,1.0
331,gradual,prism,18.0,False,False,True,
332,gradual,severity_only,20.0,False,False,True,
332,gradual,external_only,,False,False,False,
332,gradual,internal_only,20.0,False,False,True,
332,gradual,prism,35.0,False,False,False,
333,gradual,severity_only,,False,False,False,
333,gradual,external_only,,False,False,False,
333,gradual,internal_only,30.0,True,False,False,-6.0
333,gradual,prism,29.0,True,False,False,-5.0
334,gradual,severity_only,,False,False,False,
334,gradual,external_only,,False,False,False,
334,gradual,internal_only,32.0,False,False,False,
334,gradual,prism,28.0,True,False,False,-4.0
335,gradual,severity_only,,False,False,False,
335,gradual,external_only,28.0,True,False,False,-4.0
335,gradual,internal_only,33.0,False,False,False,
335,gradual,prism,28.0,True,False,False,-4.0
336,gradual,severity_only,,False,False,False,
336,gradual,external_only,,False,False,False,
336,gradual,internal_only,33.0,False,False,False,
336,gradual,prism,33.0,False,False,False,
337,gradual,severity_only,,False,False,False,
337,gradual,external_only,26.0,True,False,False,-2.0
337,gradual,internal_only,33.0,False,False,False,
337,gradual,prism,24.0,True,True,False,0.0
338,gradual,severity_only,,False,False,False,
338,gradual,external_only,,False,False,False,
338,gradual,internal_only,34.0,False,False,False,
338,gradual,prism,34.0,False,False,False,
339,gradual,severity_only,,False,False,False,
339,gradual,external_only,,False,False,False,
339,gradual,internal_only,32.0,False,False,False,
339,gradual,prism,28.0,True,False,False,-4.0
340,gradual,severity_only,,False,False,False,
340,gradual,external_only,,False,False,False,
340,gradual,internal_only,34.0,False,False,False,
340,gradual,prism,33.0,False,False,False,
341,gradual,severity_only,,False,False,False,
341,gradual,external_only,,False,False,False,
341,gradual,internal_only,33.0,False,False,False,
341,gradual,prism,32.0,False,False,False,
342,gradual,severity_only,,False,False,False,
342,gradual,external_only,,False,False,False,
342,gradual,internal_only,32.0,False,False,False,
342,gradual,prism,32.0,False,False,False,
343,gradual,severity_only,,False,False,False,
343,gradual,external_only,,False,False,False,
343,gradual,internal_only,31.0,False,False,False,
343,gradual,prism,31.0,False,False,False,
344,gradual,severity_only,,False,False,False,
344,gradual,external_only,30.0,True,False,False,-6.0
344,gradual,internal_only,32.0,False,False,False,
344,gradual,prism,25.0,True,False,False,-1.0
345,gradual,severity_only,,False,False,False,
345,gradual,external_only,36.0,False,False,False,
345,gradual,internal_only,32.0,False,False,False,
345,gradual,prism,31.0,False,False,False,
346,gradual,severity_only,,False,False,False,
346,gradual,external_only,,False,False,False,
346,gradual,internal_only,30.0,True,False,False,-6.0
346,gradual,prism,25.0,True,False,False,-1.0
347,gradual,severity_only,,False,False,False,
347,gradual,external_only,,False,False,False,
347,gradual,internal_only,33.0,False,False,False,
347,gradual,prism,24.0,True,True,False,0.0
348,gradual,severity_only,,False,False,False,
348,gradual,external_only,,False,False,False,
348,gradual,internal_only,32.0,False,False,False,
348,gradual,prism,29.0,True,False,False,-5.0
349,gradual,severity_only,,False,False,False,
349,gradual,external_only,,False,False,False,
349,gradual,internal_only,30.0,True,False,False,-6.0
349,gradual,prism,27.0,True,False,False,-3.0
350,gradual,severity_only,,False,False,False,
350,gradual,external_only,,False,False,False,
350,gradual,internal_only,34.0,False,False,False,
350,gradual,prism,29.0,True,False,False,-5.0
351,gradual,severity_only,,False,False,False,
351,gradual,external_only,25.0,True,False,False,-1.0
351,gradual,internal_only,32.0,False,False,False,
351,gradual,prism,25.0,True,False,False,-1.0
352,gradual,severity_only,,False,False,False,
352,gradual,external_only,,False,False,False,
352,gradual,internal_only,32.0,False,False,False,
352,gradual,prism,31.0,False,False,False,
353,gradual,severity_only,,False,False,False,
353,gradual,external_only,,False,False,False,
353,gradual,internal_only,32.0,False,False,False,
353,gradual,prism,27.0,True,False,False,-3.0
354,gradual,severity_only,,False,False,False,
354,gradual,external_only,,False,False,False,
354,gradual,internal_only,30.0,True,False,False,-6.0
354,gradual,prism,30.0,True,False,False,-6.0
355,gradual,severity_only,,False,False,False,
355,gradual,external_only,,False,False,False,
355,gradual,internal_only,35.0,False,False,False,
355,gradual,prism,33.0,False,False,False,
356,gradual,severity_only,,False,False,False,
356,gradual,external_only,,False,False,False,
356,gradual,internal_only,31.0,False,False,False,
356,gradual,prism,29.0,True,False,False,-5.0
357,gradual,severity_only,,False,False,False,
357,gradual,external_only,,False,False,False,
357,gradual,internal_only,32.0,False,False,False,
357,gradual,prism,32.0,False,False,False,
358,gradual,severity_only,,False,False,False,
358,gradual,external_only,,False,False,False,
358,gradual,internal_only,33.0,False,False,False,
358,gradual,prism,32.0,False,False,False,
359,gradual,severity_only,,False,False,False,
359,gradual,external_only,,False,False,False,
359,gradual,internal_only,31.0,False,False,False,
359,gradual,prism,31.0,False,False,False,
360,gradual,severity_only,,False,False,False,
360,gradual,external_only,,False,False,False,
360,gradual,internal_only,31.0,False,False,False,
360,gradual,prism,31.0,False,False,False,
361,gradual,severity_only,,False,False,False,
361,gradual,external_only,,False,False,False,
361,gradual,internal_only,32.0,False,False,False,
361,gradual,prism,27.0,True,False,False,-3.0
362,gradual,severity_only,,False,False,False,
362,gradual,external_only,,False,False,False,
362,gradual,internal_only,33.0,False,False,False,
362,gradual,prism,27.0,True,False,False,-3.0
363,gradual,severity_only,,False,False,False,
363,gradual,external_only,,False,False,False,
363,gradual,internal_only,32.0,False,False,False,
363,gradual,prism,27.0,True,False,False,-3.0
364,gradual,severity_only,,False,False,False,
364,gradual,external_only,,False,False,False,
364,gradual,internal_only,30.0,True,False,False,-6.0
364,gradual,prism,28.0,True,False,False,-4.0
365,gradual,severity_only,,False,False,False,
365,gradual,external_only,,False,False,False,
365,gradual,internal_only,31.0,False,False,False,
365,gradual,prism,31.0,False,False,False,
366,gradual,severity_only,,False,False,False,
366,gradual,external_only,,False,False,False,
366,gradual,internal_only,32.0,False,False,False,
366,gradual,prism,31.0,False,False,False,
367,gradual,severity_only,,False,False,False,
367,gradual,external_only,,False,False,False,
367,gradual,internal_only,29.0,True,False,False,-5.0
367,gradual,prism,28.0,True,False,False,-4.0
368,gradual,severity_only,,False,False,False,
368,gradual,external_only,,False,False,False,
368,gradual,internal_only,34.0,False,False,False,
368,gradual,prism,25.0,True,False,False,-1.0
369,gradual,severity_only,,False,False,False,
369,gradual,external_only,,False,False,False,
369,gradual,internal_only,35.0,False,False,False,
369,gradual,prism,35.0,False,False,False,
370,gradual,severity_only,,False,False,False,
370,gradual,external_only,,False,False,False,
370,gradual,internal_only,33.0,False,False,False,
370,gradual,prism,33.0,False,False,False,
371,gradual,severity_only,,False,False,False,
371,gradual,external_only,,False,False,False,
371,gradual,internal_only,33.0,False,False,False,
371,gradual,prism,34.0,False,False,False,
372,gradual,severity_only,,False,False,False,
372,gradual,external_only,,False,False,False,
372,gradual,internal_only,32.0,False,False,False,
372,gradual,prism,28.0,True,False,False,-4.0
373,gradual,severity_only,,False,False,False,
373,gradual,external_only,,False,False,False,
373,gradual,internal_only,33.0,False,False,False,
373,gradual,prism,33.0,False,False,False,
374,gradual,severity_only,,False,False,False,
374,gradual,external_only,,False,False,False,
374,gradual,internal_only,32.0,False,False,False,
374,gradual,prism,25.0,True,False,False,-1.0
375,gradual,severity_only,,False,False,False,
375,gradual,external_only,,False,False,False,
375,gradual,internal_only,32.0,False,False,False,
375,gradual,prism,31.0,False,False,False,
376,gradual,severity_only,,False,False,False,
376,gradual,external_only,25.0,True,False,False,-1.0
376,gradual,internal_only,33.0,False,False,False,
376,gradual,prism,25.0,True,False,False,-1.0
377,gradual,severity_only,,False,False,False,
377,gradual,external_only,,False,False,False,
377,gradual,internal_only,30.0,True,False,False,-6.0
377,gradual,prism,28.0,True,False,False,-4.0
378,gradual,severity_only,,False,False,False,
378,gradual,external_only,,False,False,False,
378,gradual,internal_only,33.0,False,False,False,
378,gradual,prism,34.0,False,False,False,
379,gradual,severity_only,,False,False,False,
379,gradual,external_only,,False,False,False,
379,gradual,internal_only,33.0,False,False,False,
379,gradual,prism,29.0,True,False,False,-5.0
380,gradual,severity_only,,False,False,False,
380,gradual,external_only,,False,False,False,
380,gradual,internal_only,34.0,False,False,False,
380,gradual,prism,34.0,False,False,False,
381,gradual,severity_only,,False,False,False,
381,gradual,external_only,,False,False,False,
381,gradual,internal_only,32.0,False,False,False,
381,gradual,prism,32.0,False,False,False,
382,gradual,severity_only,,False,False,False,
382,gradual,external_only,,False,False,False,
382,gradual,internal_only,33.0,False,False,False,
382,gradual,prism,33.0,False,False,False,
383,gradual,severity_only,,False,False,False,
383,gradual,external_only,,False,False,False,
383,gradual,internal_only,35.0,False,False,False,
383,gradual,prism,26.0,True,False,False,-2.0
384,gradual,severity_only,,False,False,False,
384,gradual,external_only,,False,False,False,
384,gradual,internal_only,33.0,False,False,False,
384,gradual,prism,33.0,False,False,False,
385,gradual,severity_only,,False,False,False,
385,gradual,external_only,,False,False,False,
385,gradual,internal_only,30.0,True,False,False,-6.0
385,gradual,prism,22.0,True,True,False,2.0
386,gradual,severity_only,,False,False,False,
386,gradual,external_only,,False,False,False,
386,gradual,internal_only,33.0,False,False,False,
386,gradual,prism,30.0,True,False,False,-6.0
387,gradual,severity_only,,False,False,False,
387,gradual,external_only,,False,False,False,
387,gradual,internal_only,32.0,False,False,False,
387,gradual,prism,31.0,False,False,False,
388,gradual,severity_only,,False,False,False,
388,gradual,external_only,,False,False,False,
388,gradual,internal_only,32.0,False,False,False,
388,gradual,prism,31.0,False,False,False,
389,gradual,severity_only,,False,False,False,
389,gradual,external_only,,False,False,False,
389,gradual,internal_only,31.0,False,False,False,
389,gradual,prism,28.0,True,False,False,-4.0
390,gradual,severity_only,,False,False,False,
390,gradual,external_only,,False,False,False,
390,gradual,internal_only,32.0,False,False,False,
390,gradual,prism,27.0,True,False,False,-3.0
391,gradual,severity_only,,False,False,False,
391,gradual,external_only,,False,False,False,
391,gradual,internal_only,35.0,False,False,False,
391,gradual,prism,34.0,False,False,False,
392,gradual,severity_only,,False,False,False,
392,gradual,external_only,,False,False,False,
392,gradual,internal_only,32.0,False,False,False,
392,gradual,prism,32.0,False,False,False,
393,gradual,severity_only,,False,False,False,
393,gradual,external_only,,False,False,False,
393,gradual,internal_only,35.0,False,False,False,
393,gradual,prism,32.0,False,False,False,
394,gradual,severity_only,,False,False,False,
394,gradual,external_only,,False,False,False,
394,gradual,internal_only,31.0,False,False,False,
394,gradual,prism,31.0,False,False,False,
395,gradual,severity_only,,False,False,False,
395,gradual,external_only,,False,False,False,
395,gradual,internal_only,31.0,False,False,False,
395,gradual,prism,31.0,False,False,False,
396,gradual,severity_only,,False,False,False,
396,gradual,external_only,,False,False,False,
396,gradual,internal_only,33.0,False,False,False,
396,gradual,prism,25.0,True,False,False,-1.0
397,gradual,severity_only,,False,False,False,
397,gradual,external_only,,False,False,False,
397,gradual,internal_only,32.0,False,False,False,
397,gradual,prism,30.0,True,False,False,-6.0
398,gradual,severity_only,,False,False,False,
398,gradual,external_only,,False,False,False,
398,gradual,internal_only,33.0,False,False,False,
398,gradual,prism,32.0,False,False,False,
399,gradual,severity_only,,False,False,False,
399,gradual,external_only,,False,False,False,
399,gradual,internal_only,34.0,False,False,False,
399,gradual,prism,27.0,True,False,False,-3.0
