run,scenario,channel,variant,first,detect,early,false,lead
0,abrupt,severity,severity_only,24.0,True,True,False,0.0
0,abrupt,severity,external_only,24.0,True,True,False,0.0
0,abrupt,severity,internal_only,24.0,True,True,False,0.0
0,abrupt,severity,prism,24.0,True,True,False,0.0
1,abrupt,severity,severity_only,24.0,True,True,False,0.0
1,abrupt,severity,external_only,24.0,True,True,False,0.0
1,abrupt,severity,internal_only,24.0,True,True,False,0.0
1,abrupt,severity,prism,24.0,True,True,False,0.0
2,abrupt,severity,severity_only,24.0,True,True,False,0.0
2,abrupt,severity,external_only,24.0,True,True,False,0.0
2,abrupt,severity,internal_only,24.0,True,True,False,0.0
2,abrupt,severity,prism,24.0,True,True,False,0.0
3,abrupt,severity,severity_only,24.0,True,True,False,0.0
3,abrupt,severity,external_only,24.0,True,True,False,0.0
3,abrupt,severity,internal_only,24.0,True,True,False,0.0
3,abrupt,severity,prism,24.0,True,True,False,0.0
4,abrupt,severity,severity_only,24.0,True,True,False,0.0
4,abrupt,severity,external_only,24.0,True,True,False,0.0
4,abrupt,severity,internal_only,24.0,True,True,False,0.0
4,abrupt,severity,prism,24.0,True,True,False,0.0
5,abrupt,severity,severity_only,24.0,True,True,False,0.0
5,abrupt,severity,external_only,24.0,True,True,False,0.0
5,abrupt,severity,internal_only,24.0,True,True,False,0.0
5,abrupt,severity,prism,24.0,True,True,False,0.0
6,abrupt,severity,severity_only,24.0,True,True,False,0.0
6,abrupt,severity,external_only,24.0,True,True,False,0.0
6,abrupt,severity,internal_only,24.0,True,True,False,0.0
6,abrupt,severity,prism,24.0,True,True,False,0.0
7,abrupt,severity,severity_only,24.0,True,True,False,0.0
7,abrupt,severity,external_only,24.0,True,True,False,0.0
7,abrupt,severity,internal_only,24.0,True,True,False,0.0
7,abrupt,severity,prism,24.0,True,True,False,0.0
8,abrupt,severity,severity_only,24.0,True,True,False,0.0
8,abrupt,severity,external_only,24.0,True,True,False,0.0
8,abrupt,severity,internal_only,24.0,True,True,False,0.0
8,abrupt,severity,prism,24.0,True,True,False,0.0
9,abrupt,severity,severity_only,24.0,True,True,False,0.0
9,abrupt,severity,external_only,24.0,True,True,False,0.0
9,abrupt,severity,internal_only,24.0,True,True,False,0.0
9,abrupt,severity,prism,24.0,True,True,False,0.0
10,abrupt,severity,severity_only,24.0,True,True,False,0.0
10,abrupt,severity,external_only,22.0,True,True,False,2.0
10,abrupt,severity,internal_only,22.0,True,True,False,2.0
10,abrupt,severity,prism,22.0,True,True,False,2.0
11,abrupt,severity,severity_only,24.0,True,True,False,0.0
11,abrupt,severity,external_only,24.0,True,True,False,0.0
11,abrupt,severity,internal_only,24.0,True,True,False,0.0
11,abrupt,severity,prism,24.0,True,True,False,0.0
12,abrupt,severity,severity_only,24.0,True,True,False,0.0
12,abrupt,severity,external_only,24.0,True,True,False,0.0
12,abrupt,severity,internal_only,24.0,True,True,False,0.0
12,abrupt,severity,prism,24.0,True,True,False,0.0
13,abrupt,severity,severity_only,24.0,True,True,False,0.0
13,abrupt,severity,external_only,19.0,False,False,True,
13,abrupt,severity,internal_only,19.0,False,False,True,
13,abrupt,severity,prism,19.0,False,False,True,
14,abrupt,severity,severity_only,24.0,True,True,False,0.0
14,abrupt,severity,external_only,24.0,True,True,False,0.0
14,abrupt,severity,internal_only,24.0,True,True,False,0.0
14,abrupt,severity,prism,24.0,True,True,False,0.0
15,abrupt,severity,severity_only,24.0,True,True,False,0.0
15,abrupt,severity,external_only,24.0,True,True,False,0.0
15,abrupt,severity,internal_only,24.0,True,True,False,0.0
15,abrupt,severity,prism,24.0,True,True,False,0.0
16,abrupt,severity,severity_only,24.0,True,True,False,0.0
16,abrupt,severity,external_only,24.0,True,True,False,0.0
16,abrupt,severity,internal_only,24.0,True,True,False,0.0
16,abrupt,severity,prism,24.0,True,True,False,0.0
17,abrupt,severity,severity_only,24.0,True,True,False,0.0
17,abrupt,severity,external_only,24.0,True,True,False,0.0
17,abrupt,severity,internal_only,24.0,True,True,False,0.0
17,abrupt,severity,prism,24.0,True,True,False,0.0
18,abrupt,severity,severity_only,24.0,True,True,False,0.0
18,abrupt,severity,external_only,24.0,True,True,False,0.0
18,abrupt,severity,internal_only,24.0,True,True,False,0.0
18,abrupt,severity,prism,24.0,True,True,False,0.0
19,abrupt,severity,severity_only,24.0,True,True,False,0.0
19,abrupt,severity,external_only,24.0,True,True,False,0.0
19,abrupt,severity,internal_only,24.0,True,True,False,0.0
19,abrupt,severity,prism,24.0,True,True,False,0.0
20,abrupt,severity,severity_only,24.0,True,True,False,0.0
20,abrupt,severity,external_only,24.0,True,True,False,0.0
20,abrupt,severity,internal_only,24.0,True,True,False,0.0
20,abrupt,severity,prism,24.0,True,True,False,0.0
21,abrupt,severity,severity_only,24.0,True,True,False,0.0
21,abrupt,severity,external_only,24.0,True,True,False,0.0
21,abrupt,severity,internal_only,24.0,True,True,False,0.0
21,abrupt,severity,prism,24.0,True,True,False,0.0
22,abrupt,severity,severity_only,24.0,True,True,False,0.0
22,abrupt,severity,external_only,24.0,True,True,False,0.0
22,abrupt,severity,internal_only,24.0,True,True,False,0.0
22,abrupt,severity,prism,24.0,True,True,False,0.0
23,abrupt,severity,severity_only,24.0,True,True,False,0.0
23,abrupt,severity,external_only,24.0,True,True,False,0.0
23,abrupt,severity,internal_only,24.0,True,True,False,0.0
23,abrupt,severity,prism,24.0,True,True,False,0.0
24,abrupt,severity,severity_only,24.0,True,True,False,0.0
24,abrupt,severity,external_only,24.0,True,True,False,0.0
24,abrupt,severity,internal_only,24.0,True,True,False,0.0
24,abrupt,severity,prism,24.0,True,True,False,0.0
25,abrupt,severity,severity_only,24.0,True,True,False,0.0
25,abrupt,severity,external_only,24.0,True,True,False,0.0
25,abrupt,severity,internal_only,24.0,True,True,False,0.0
25,abrupt,severity,prism,24.0,True,True,False,0.0
26,abrupt,severity,severity_only,24.0,True,True,False,0.0
26,abrupt,severity,external_only,24.0,True,True,False,0.0
26,abrupt,severity,internal_only,24.0,True,True,False,0.0
26,abrupt,severity,prism,24.0,True,True,False,0.0
27,abrupt,severity,severity_only,24.0,True,True,False,0.0
27,abrupt,severity,external_only,24.0,True,True,False,0.0
27,abrupt,severity,internal_only,24.0,True,True,False,0.0
27,abrupt,severity,prism,24.0,True,True,False,0.0
28,abrupt,severity,severity_only,6.0,False,False,True,
28,abrupt,severity,external_only,24.0,True,True,False,0.0
28,abrupt,severity,internal_only,6.0,False,False,True,
28,abrupt,severity,prism,24.0,True,True,False,0.0
29,abrupt,severity,severity_only,24.0,True,True,False,0.0
29,abrupt,severity,external_only,24.0,True,True,False,0.0
29,abrupt,severity,internal_only,24.0,True,True,False,0.0
29,abrupt,severity,prism,24.0,True,True,False,0.0
30,abrupt,severity,severity_only,24.0,True,True,False,0.0
30,abrupt,severity,external_only,24.0,True,True,False,0.0
30,abrupt,severity,internal_only,24.0,True,True,False,0.0
30,abrupt,severity,prism,24.0,True,True,False,0.0
31,abrupt,severity,severity_only,24.0,True,True,False,0.0
31,abrupt,severity,external_only,24.0,True,True,False,0.0
31,abrupt,severity,internal_only,24.0,True,True,False,0.0
31,abrupt,severity,prism,24.0,True,True,False,0.0
32,abrupt,severity,severity_only,24.0,True,True,False,0.0
32,abrupt,severity,external_only,24.0,True,True,False,0.0
32,abrupt,severity,internal_only,24.0,True,True,False,0.0
32,abrupt,severity,prism,24.0,True,True,False,0.0
33,abrupt,severity,severity_only,24.0,True,True,False,0.0
33,abrupt,severity,external_only,24.0,True,True,False,0.0
33,abrupt,severity,internal_only,,False,False,False,
33,abrupt,severity,prism,24.0,True,True,False,0.0
34,abrupt,severity,severity_only,22.0,True,True,False,2.0
34,abrupt,severity,external_only,22.0,True,True,False,2.0
34,abrupt,severity,internal_only,22.0,True,True,False,2.0
34,abrupt,severity,prism,22.0,True,True,False,2.0
35,abrupt,severity,severity_only,24.0,True,True,False,0.0
35,abrupt,severity,external_only,24.0,True,True,False,0.0
35,abrupt,severity,internal_only,24.0,True,True,False,0.0
35,abrupt,severity,prism,24.0,True,True,False,0.0
36,abrupt,severity,severity_only,24.0,True,True,False,0.0
36,abrupt,severity,external_only,24.0,True,True,False,0.0
36,abrupt,severity,internal_only,,False,False,False,
36,abrupt,severity,prism,,False,False,False,
37,abrupt,severity,severity_only,24.0,True,True,False,0.0
37,abrupt,severity,external_only,24.0,True,True,False,0.0
37,abrupt,severity,internal_only,24.0,True,True,False,0.0
37,abrupt,severity,prism,24.0,True,True,False,0.0
38,abrupt,severity,severity_only,24.0,True,True,False,0.0
38,abrupt,severity,external_only,24.0,True,True,False,0.0
38,abrupt,severity,internal_only,24.0,True,True,False,0.0
38,abrupt,severity,prism,24.0,True,True,False,0.0
39,abrupt,severity,severity_only,24.0,True,True,False,0.0
39,abrupt,severity,external_only,10.0,False,False,True,
39,abrupt,severity,internal_only,24.0,True,True,False,0.0
39,abrupt,severity,prism,10.0,False,False,True,
40,abrupt,severity,severity_only,,False,False,False,
40,abrupt,severity,external_only,24.0,True,True,False,0.0
40,abrupt,severity,internal_only,24.0,True,True,False,0.0
40,abrupt,severity,prism,24.0,True,True,False,0.0
41,abrupt,severity,severity_only,24.0,True,True,False,0.0
41,abrupt,severity,external_only,24.0,True,True,False,0.0
41,abrupt,severity,internal_only,24.0,True,True,False,0.0
41,abrupt,severity,prism,24.0,True,True,False,0.0
42,abrupt,severity,severity_only,24.0,True,True,False,0.0
42,abrupt,severity,external_only,24.0,True,True,False,0.0
42,abrupt,severity,internal_only,24.0,True,True,False,0.0
42,abrupt,severity,prism,24.0,True,True,False,0.0
43,abrupt,severity,severity_only,24.0,True,True,False,0.0
43,abrupt,severity,external_only,24.0,True,True,False,0.0
43,abrupt,severity,internal_only,24.0,True,True,False,0.0
43,abrupt,severity,prism,24.0,True,True,False,0.0
44,abrupt,severity,severity_only,24.0,True,True,False,0.0
44,abrupt,severity,external_only,24.0,True,True,False,0.0
44,abrupt,severity,internal_only,24.0,True,True,False,0.0
44,abrupt,severity,prism,24.0,True,True,False,0.0
45,abrupt,severity,severity_only,24.0,True,True,False,0.0
45,abrupt,severity,external_only,24.0,True,True,False,0.0
45,abrupt,severity,internal_only,30.0,True,False,False,-6.0
45,abrupt,severity,prism,24.0,True,True,False,0.0
46,abrupt,severity,severity_only,24.0,True,True,False,0.0
46,abrupt,severity,external_only,24.0,True,True,False,0.0
46,abrupt,severity,internal_only,24.0,True,True,False,0.0
46,abrupt,severity,prism,24.0,True,True,False,0.0
47,abrupt,severity,severity_only,24.0,True,True,False,0.0
47,abrupt,severity,external_only,20.0,False,False,True,
47,abrupt,severity,internal_only,24.0,True,True,False,0.0
47,abrupt,severity,prism,24.0,True,True,False,0.0
48,abrupt,severity,severity_only,24.0,True,True,False,0.0
48,abrupt,severity,external_only,24.0,True,True,False,0.0
48,abrupt,severity,internal_only,24.0,True,True,False,0.0
48,abrupt,severity,prism,24.0,True,True,False,0.0
49,abrupt,severity,severity_only,24.0,True,True,False,0.0
49,abrupt,severity,external_only,24.0,True,True,False,0.0
49,abrupt,severity,internal_only,24.0,True,True,False,0.0
49,abrupt,severity,prism,24.0,True,True,False,0.0
50,abrupt,severity,severity_only,,False,False,False,
50,abrupt,severity,external_only,24.0,True,True,False,0.0
50,abrupt,severity,internal_only,22.0,True,True,False,2.0
50,abrupt,severity,prism,22.0,True,True,False,2.0
51,abrupt,severity,severity_only,24.0,True,True,False,0.0
51,abrupt,severity,external_only,24.0,True,True,False,0.0
51,abrupt,severity,internal_only,24.0,True,True,False,0.0
51,abrupt,severity,prism,24.0,True,True,False,0.0
52,abrupt,severity,severity_only,24.0,True,True,False,0.0
52,abrupt,severity,external_only,24.0,True,True,False,0.0
52,abrupt,severity,internal_only,24.0,True,True,False,0.0
52,abrupt,severity,prism,24.0,True,True,False,0.0
53,abrupt,severity,severity_only,24.0,True,True,False,0.0
53,abrupt,severity,external_only,24.0,True,True,False,0.0
53,abrupt,severity,internal_only,24.0,True,True,False,0.0
53,abrupt,severity,prism,24.0,True,True,False,0.0
54,abrupt,severity,severity_only,24.0,True,True,False,0.0
54,abrupt,severity,external_only,24.0,True,True,False,0.0
54,abrupt,severity,internal_only,24.0,True,True,False,0.0
54,abrupt,severity,prism,24.0,True,True,False,0.0
55,abrupt,severity,severity_only,24.0,True,True,False,0.0
55,abrupt,severity,external_only,24.0,True,True,False,0.0
55,abrupt,severity,internal_only,24.0,True,True,False,0.0
55,abrupt,severity,prism,24.0,True,True,False,0.0
56,abrupt,severity,severity_only,24.0,True,True,False,0.0
56,abrupt,severity,external_only,24.0,True,True,False,0.0
56,abrupt,severity,internal_only,24.0,True,True,False,0.0
56,abrupt,severity,prism,24.0,True,True,False,0.0
57,abrupt,severity,severity_only,24.0,True,True,False,0.0
57,abrupt,severity,external_only,24.0,True,True,False,0.0
57,abrupt,severity,internal_only,24.0,True,True,False,0.0
57,abrupt,severity,prism,24.0,True,True,False,0.0
58,abrupt,severity,severity_only,24.0,True,True,False,0.0
58,abrupt,severity,external_only,24.0,True,True,False,0.0
58,abrupt,severity,internal_only,24.0,True,True,False,0.0
58,abrupt,severity,prism,24.0,True,True,False,0.0
59,abrupt,severity,severity_only,24.0,True,True,False,0.0
59,abrupt,severity,external_only,24.0,True,True,False,0.0
59,abrupt,severity,internal_only,19.0,False,False,True,
59,abrupt,severity,prism,19.0,False,False,True,
60,abrupt,severity,severity_only,24.0,True,True,False,0.0
60,abrupt,severity,external_only,24.0,True,True,False,0.0
60,abrupt,severity,internal_only,24.0,True,True,False,0.0
60,abrupt,severity,prism,22.0,True,True,False,2.0
61,abrupt,severity,severity_only,24.0,True,True,False,0.0
61,abrupt,severity,external_only,24.0,True,True,False,0.0
61,abrupt,severity,internal_only,24.0,True,True,False,0.0
61,abrupt,severity,prism,24.0,True,True,False,0.0
62,abrupt,severity,severity_only,24.0,True,True,False,0.0
62,abrupt,severity,external_only,24.0,True,True,False,0.0
62,abrupt,severity,internal_only,24.0,True,True,False,0.0
62,abrupt,severity,prism,24.0,True,True,False,0.0
63,abrupt,severity,severity_only,24.0,True,True,False,0.0
63,abrupt,severity,external_only,24.0,True,True,False,0.0
63,abrupt,severity,internal_only,24.0,True,True,False,0.0
63,abrupt,severity,prism,24.0,True,True,False,0.0
64,abrupt,severity,severity_only,21.0,False,False,False,
64,abrupt,severity,external_only,21.0,False,False,False,
64,abrupt,severity,internal_only,21.0,False,False,False,
64,abrupt,severity,prism,21.0,False,False,False,
65,abrupt,severity,severity_only,31.0,False,False,False,
65,abrupt,severity,external_only,24.0,True,True,False,0.0
65,abrupt,severity,internal_only,31.0,False,False,False,
65,abrupt,severity,prism,30.0,True,False,False,-6.0
66,abrupt,severity,severity_only,24.0,True,True,False,0.0
66,abrupt,severity,external_only,24.0,True,True,False,0.0
66,abrupt,severity,internal_only,24.0,True,True,False,0.0
66,abrupt,severity,prism,24.0,True,True,False,0.0
67,abrupt,severity,severity_only,24.0,True,True,False,0.0
67,abrupt,severity,external_only,24.0,True,True,False,0.0
67,abrupt,severity,internal_only,24.0,True,True,False,0.0
67,abrupt,severity,prism,24.0,True,True,False,0.0
68,abrupt,severity,severity_only,24.0,True,True,False,0.0
68,abrupt,severity,external_only,24.0,True,True,False,0.0
68,abrupt,severity,internal_only,24.0,True,True,False,0.0
68,abrupt,severity,prism,24.0,True,True,False,0.0
69,abrupt,severity,severity_only,24.0,True,True,False,0.0
69,abrupt,severity,external_only,15.0,False,False,True,
69,abrupt,severity,internal_only,24.0,True,True,False,0.0
69,abrupt,severity,prism,15.0,False,False,True,
70,abrupt,severity,severity_only,24.0,True,True,False,0.0
70,abrupt,severity,external_only,24.0,True,True,False,0.0
70,abrupt,severity,internal_only,24.0,True,True,False,0.0
70,abrupt,severity,prism,24.0,True,True,False,0.0
71,abrupt,severity,severity_only,24.0,True,True,False,0.0
71,abrupt,severity,external_only,24.0,True,True,False,0.0
71,abrupt,severity,internal_only,24.0,True,True,False,0.0
71,abrupt,severity,prism,24.0,True,True,False,0.0
72,abrupt,severity,severity_only,24.0,True,True,False,0.0
72,abrupt,severity,external_only,24.0,True,True,False,0.0
72,abrupt,severity,internal_only,24.0,True,True,False,0.0
72,abrupt,severity,prism,24.0,True,True,False,0.0
73,abrupt,severity,severity_only,24.0,True,True,False,0.0
73,abrupt,severity,external_only,24.0,True,True,False,0.0
73,abrupt,severity,internal_only,24.0,True,True,False,0.0
73,abrupt,severity,prism,24.0,True,True,False,0.0
74,abrupt,severity,severity_only,24.0,True,True,False,0.0
74,abrupt,severity,external_only,24.0,True,True,False,0.0
74,abrupt,severity,internal_only,24.0,True,True,False,0.0
74,abrupt,severity,prism,24.0,True,True,False,0.0
75,abrupt,severity,severity_only,24.0,True,True,False,0.0
75,abrupt,severity,external_only,24.0,True,True,False,0.0
75,abrupt,severity,internal_only,28.0,True,False,False,-4.0
75,abrupt,severity,prism,24.0,True,True,False,0.0
76,abrupt,severity,severity_only,24.0,True,True,False,0.0
76,abrupt,severity,external_only,24.0,True,True,False,0.0
76,abrupt,severity,internal_only,24.0,True,True,False,0.0
76,abrupt,severity,prism,24.0,True,True,False,0.0
77,abrupt,severity,severity_only,24.0,True,True,False,0.0
77,abrupt,severity,external_only,24.0,True,True,False,0.0
77,abrupt,severity,internal_only,24.0,True,True,False,0.0
77,abrupt,severity,prism,24.0,True,True,False,0.0
78,abrupt,severity,severity_only,24.0,True,True,False,0.0
78,abrupt,severity,external_only,22.0,True,True,False,2.0
78,abrupt,severity,internal_only,24.0,True,True,False,0.0
78,abrupt,severity,prism,24.0,True,True,False,0.0
79,abrupt,severity,severity_only,24.0,True,True,False,0.0
79,abrupt,severity,external_only,24.0,True,True,False,0.0
79,abrupt,severity,internal_only,24.0,True,True,False,0.0
79,abrupt,severity,prism,24.0,True,True,False,0.0
80,abrupt,severity,severity_only,24.0,True,True,False,0.0
80,abrupt,severity,external_only,24.0,True,True,False,0.0
80,abrupt,severity,internal_only,24.0,True,True,False,0.0
80,abrupt,severity,prism,24.0,True,True,False,0.0
81,abrupt,severity,severity_only,24.0,True,True,False,0.0
81,abrupt,severity,external_only,24.0,True,True,False,0.0
81,abrupt,severity,internal_only,24.0,True,True,False,0.0
81,abrupt,severity,prism,24.0,True,True,False,0.0
82,abrupt,severity,severity_only,24.0,True,True,False,0.0
82,abrupt,severity,external_only,24.0,True,True,False,0.0
82,abrupt,severity,internal_only,24.0,True,True,False,0.0
82,abrupt,severity,prism,24.0,True,True,False,0.0
83,abrupt,severity,severity_only,24.0,True,True,False,0.0
83,abrupt,severity,external_only,24.0,True,True,False,0.0
83,abrupt,severity,internal_only,24.0,True,True,False,0.0
83,abrupt,severity,prism,24.0,True,True,False,0.0
84,abrupt,severity,severity_only,24.0,True,True,False,0.0
84,abrupt,severity,external_only,24.0,True,True,False,0.0
84,abrupt,severity,internal_only,24.0,True,True,False,0.0
84,abrupt,severity,prism,24.0,True,True,False,0.0
85,abrupt,severity,severity_only,24.0,True,True,False,0.0
85,abrupt,severity,external_only,24.0,True,True,False,0.0
85,abrupt,severity,internal_only,24.0,True,True,False,0.0
85,abrupt,severity,prism,24.0,True,True,False,0.0
86,abrupt,severity,severity_only,24.0,True,True,False,0.0
86,abrupt,severity,external_only,24.0,True,True,False,0.0
86,abrupt,severity,internal_only,24.0,True,True,False,0.0
86,abrupt,severity,prism,24.0,True,True,False,0.0
87,abrupt,severity,severity_only,24.0,True,True,False,0.0
87,abrupt,severity,external_only,24.0,True,True,False,0.0
87,abrupt,severity,internal_only,24.0,True,True,False,0.0
87,abrupt,severity,prism,24.0,True,True,False,0.0
88,abrupt,severity,severity_only,24.0,True,True,False,0.0
88,abrupt,severity,external_only,24.0,True,True,False,0.0
88,abrupt,severity,internal_only,24.0,True,True,False,0.0
88,abrupt,severity,prism,22.0,True,True,False,2.0
89,abrupt,severity,severity_only,24.0,True,True,False,0.0
89,abrupt,severity,external_only,24.0,True,True,False,0.0
89,abrupt,severity,internal_only,24.0,True,True,False,0.0
89,abrupt,severity,prism,18.0,False,False,True,
90,abrupt,severity,severity_only,24.0,True,True,False,0.0
90,abrupt,severity,external_only,24.0,True,True,False,0.0
90,abrupt,severity,internal_only,24.0,True,True,False,0.0
90,abrupt,severity,prism,24.0,True,True,False,0.0
91,abrupt,severity,severity_only,24.0,True,True,False,0.0
91,abrupt,severity,external_only,24.0,True,True,False,0.0
91,abrupt,severity,internal_only,24.0,True,True,False,0.0
91,abrupt,severity,prism,24.0,True,True,False,0.0
92,abrupt,severity,severity_only,21.0,False,False,False,
92,abrupt,severity,external_only,21.0,False,False,False,
92,abrupt,severity,internal_only,24.0,True,True,False,0.0
92,abrupt,severity,prism,24.0,True,True,False,0.0
93,abrupt,severity,severity_only,24.0,True,True,False,0.0
93,abrupt,severity,external_only,24.0,True,True,False,0.0
93,abrupt,severity,internal_only,24.0,True,True,False,0.0
93,abrupt,severity,prism,24.0,True,True,False,0.0
94,abrupt,severity,severity_only,,False,False,False,
94,abrupt,severity,external_only,25.0,True,False,False,-1.0
94,abrupt,severity,internal_only,24.0,True,True,False,0.0
94,abrupt,severity,prism,24.0,True,True,False,0.0
95,abrupt,severity,severity_only,24.0,True,True,False,0.0
95,abrupt,severity,external_only,24.0,True,True,False,0.0
95,abrupt,severity,internal_only,24.0,True,True,False,0.0
95,abrupt,severity,prism,24.0,True,True,False,0.0
96,abrupt,severity,severity_only,24.0,True,True,False,0.0
96,abrupt,severity,external_only,24.0,True,True,False,0.0
96,abrupt,severity,internal_only,24.0,True,True,False,0.0
96,abrupt,severity,prism,24.0,True,True,False,0.0
97,abrupt,severity,severity_only,24.0,True,True,False,0.0
97,abrupt,severity,external_only,24.0,True,True,False,0.0
97,abrupt,severity,internal_only,24.0,True,True,False,0.0
97,abrupt,severity,prism,24.0,True,True,False,0.0
98,abrupt,severity,severity_only,24.0,True,True,False,0.0
98,abrupt,severity,external_only,24.0,True,True,False,0.0
98,abrupt,severity,internal_only,24.0,True,True,False,0.0
98,abrupt,severity,prism,24.0,True,True,False,0.0
99,abrupt,severity,severity_only,24.0,True,True,False,0.0
99,abrupt,severity,external_only,24.0,True,True,False,0.0
99,abrupt,severity,internal_only,24.0,True,True,False,0.0
99,abrupt,severity,prism,24.0,True,True,False,0.0
100,abrupt,severity,severity_only,24.0,True,True,False,0.0
100,abrupt,severity,external_only,24.0,True,True,False,0.0
100,abrupt,severity,internal_only,24.0,True,True,False,0.0
100,abrupt,severity,prism,24.0,True,True,False,0.0
101,abrupt,severity,severity_only,24.0,True,True,False,0.0
101,abrupt,severity,external_only,24.0,True,True,False,0.0
101,abrupt,severity,internal_only,24.0,True,True,False,0.0
101,abrupt,severity,prism,24.0,True,True,False,0.0
102,abrupt,severity,severity_only,24.0,True,True,False,0.0
102,abrupt,severity,external_only,24.0,True,True,False,0.0
102,abrupt,severity,internal_only,24.0,True,True,False,0.0
102,abrupt,severity,prism,24.0,True,True,False,0.0
103,abrupt,severity,severity_only,24.0,True,True,False,0.0
103,abrupt,severity,external_only,24.0,True,True,False,0.0
103,abrupt,severity,internal_only,24.0,True,True,False,0.0
103,abrupt,severity,prism,24.0,True,True,False,0.0
104,abrupt,severity,severity_only,24.0,True,True,False,0.0
104,abrupt,severity,external_only,24.0,True,True,False,0.0
104,abrupt,severity,internal_only,24.0,True,True,False,0.0
104,abrupt,severity,prism,24.0,True,True,False,0.0
105,abrupt,severity,severity_only,24.0,True,True,False,0.0
105,abrupt,severity,external_only,24.0,True,True,False,0.0
105,abrupt,severity,internal_only,24.0,True,True,False,0.0
105,abrupt,severity,prism,24.0,True,True,False,0.0
106,abrupt,severity,severity_only,24.0,True,True,False,0.0
106,abrupt,severity,external_only,24.0,True,True,False,0.0
106,abrupt,severity,internal_only,24.0,True,True,False,0.0
106,abrupt,severity,prism,24.0,True,True,False,0.0
107,abrupt,severity,severity_only,24.0,True,True,False,0.0
107,abrupt,severity,external_only,24.0,True,True,False,0.0
107,abrupt,severity,internal_only,24.0,True,True,False,0.0
107,abrupt,severity,prism,24.0,True,True,False,0.0
108,abrupt,severity,severity_only,24.0,True,True,False,0.0
108,abrupt,severity,external_only,24.0,True,True,False,0.0
108,abrupt,severity,internal_only,27.0,True,False,False,-3.0
108,abrupt,severity,prism,24.0,True,True,False,0.0
109,abrupt,severity,severity_only,24.0,True,True,False,0.0
109,abrupt,severity,external_only,24.0,True,True,False,0.0
109,abrupt,severity,internal_only,24.0,True,True,False,0.0
109,abrupt,severity,prism,24.0,True,True,False,0.0
110,abrupt,severity,severity_only,24.0,True,True,False,0.0
110,abrupt,severity,external_only,24.0,True,True,False,0.0
110,abrupt,severity,internal_only,20.0,False,False,True,
110,abrupt,severity,prism,20.0,False,False,True,
111,abrupt,severity,severity_only,24.0,True,True,False,0.0
111,abrupt,severity,external_only,24.0,True,True,False,0.0
111,abrupt,severity,internal_only,24.0,True,True,False,0.0
111,abrupt,severity,prism,24.0,True,True,False,0.0
112,abrupt,severity,severity_only,24.0,True,True,False,0.0
112,abrupt,severity,external_only,24.0,True,True,False,0.0
112,abrupt,severity,internal_only,24.0,True,True,False,0.0
112,abrupt,severity,prism,24.0,True,True,False,0.0
113,abrupt,severity,severity_only,24.0,True,True,False,0.0
113,abrupt,severity,external_only,24.0,True,True,False,0.0
113,abrupt,severity,internal_only,24.0,True,True,False,0.0
113,abrupt,severity,prism,24.0,True,True,False,0.0
114,abrupt,severity,severity_only,24.0,True,True,False,0.0
114,abrupt,severity,external_only,24.0,True,True,False,0.0
114,abrupt,severity,internal_only,24.0,True,True,False,0.0
114,abrupt,severity,prism,24.0,True,True,False,0.0
115,abrupt,severity,severity_only,24.0,True,True,False,0.0
115,abrupt,severity,external_only,24.0,True,True,False,0.0
115,abrupt,severity,internal_only,24.0,True,True,False,0.0
115,abrupt,severity,prism,24.0,True,True,False,0.0
116,abrupt,severity,severity_only,8.0,False,False,True,
116,abrupt,severity,external_only,7.0,False,False,True,
116,abrupt,severity,internal_only,8.0,False,False,True,
116,abrupt,severity,prism,7.0,False,False,True,
117,abrupt,severity,severity_only,24.0,True,True,False,0.0
117,abrupt,severity,external_only,24.0,True,True,False,0.0
117,abrupt,severity,internal_only,24.0,True,True,False,0.0
117,abrupt,severity,prism,24.0,True,True,False,0.0
118,abrupt,severity,severity_only,24.0,True,True,False,0.0
118,abrupt,severity,external_only,24.0,True,True,False,0.0
118,abrupt,severity,internal_only,24.0,True,True,False,0.0
118,abrupt,severity,prism,24.0,True,True,False,0.0
119,abrupt,severity,severity_only,24.0,True,True,False,0.0
119,abrupt,severity,external_only,24.0,True,True,False,0.0
119,abrupt,severity,internal_only,24.0,True,True,False,0.0
119,abrupt,severity,prism,24.0,True,True,False,0.0
120,abrupt,severity,severity_only,24.0,True,True,False,0.0
120,abrupt,severity,external_only,24.0,True,True,False,0.0
120,abrupt,severity,internal_only,24.0,True,True,False,0.0
120,abrupt,severity,prism,24.0,True,True,False,0.0
121,abrupt,severity,severity_only,24.0,True,True,False,0.0
121,abrupt,severity,external_only,24.0,True,True,False,0.0
121,abrupt,severity,internal_only,24.0,True,True,False,0.0
121,abrupt,severity,prism,24.0,True,True,False,0.0
122,abrupt,severity,severity_only,7.0,False,False,True,
122,abrupt,severity,external_only,6.0,False,False,True,
122,abrupt,severity,internal_only,7.0,False,False,True,
122,abrupt,severity,prism,6.0,False,False,True,
123,abrupt,severity,severity_only,24.0,True,True,False,0.0
123,abrupt,severity,external_only,24.0,True,True,False,0.0
123,abrupt,severity,internal_only,24.0,True,True,False,0.0
123,abrupt,severity,prism,24.0,True,True,False,0.0
124,abrupt,severity,severity_only,24.0,True,True,False,0.0
124,abrupt,severity,external_only,24.0,True,True,False,0.0
124,abrupt,severity,internal_only,24.0,True,True,False,0.0
124,abrupt,severity,prism,24.0,True,True,False,0.0
125,abrupt,severity,severity_only,24.0,True,True,False,0.0
125,abrupt,severity,external_only,24.0,True,True,False,0.0
125,abrupt,severity,internal_only,24.0,True,True,False,0.0
125,abrupt,severity,prism,24.0,True,True,False,0.0
126,abrupt,severity,severity_only,24.0,True,True,False,0.0
126,abrupt,severity,external_only,24.0,True,True,False,0.0
126,abrupt,severity,internal_only,24.0,True,True,False,0.0
126,abrupt,severity,prism,24.0,True,True,False,0.0
127,abrupt,severity,severity_only,24.0,True,True,False,0.0
127,abrupt,severity,external_only,24.0,True,True,False,0.0
127,abrupt,severity,internal_only,24.0,True,True,False,0.0
127,abrupt,severity,prism,24.0,True,True,False,0.0
128,abrupt,severity,severity_only,24.0,True,True,False,0.0
128,abrupt,severity,external_only,24.0,True,True,False,0.0
128,abrupt,severity,internal_only,24.0,True,True,False,0.0
128,abrupt,severity,prism,24.0,True,True,False,0.0
129,abrupt,severity,severity_only,24.0,True,True,False,0.0
129,abrupt,severity,external_only,24.0,True,True,False,0.0
129,abrupt,severity,internal_only,24.0,True,True,False,0.0
129,abrupt,severity,prism,24.0,True,True,False,0.0
130,abrupt,severity,severity_only,24.0,True,True,False,0.0
130,abrupt,severity,external_only,24.0,True,True,False,0.0
130,abrupt,severity,internal_only,24.0,True,True,False,0.0
130,abrupt,severity,prism,24.0,True,True,False,0.0
131,abrupt,severity,severity_only,24.0,True,True,False,0.0
131,abrupt,severity,external_only,24.0,True,True,False,0.0
131,abrupt,severity,internal_only,24.0,True,True,False,0.0
131,abrupt,severity,prism,24.0,True,True,False,0.0
132,abrupt,severity,severity_only,24.0,True,True,False,0.0
132,abrupt,severity,external_only,24.0,True,True,False,0.0
132,abrupt,severity,internal_only,24.0,True,True,False,0.0
132,abrupt,severity,prism,24.0,True,True,False,0.0
133,abrupt,severity,severity_only,24.0,True,True,False,0.0
133,abrupt,severity,external_only,24.0,True,True,False,0.0
133,abrupt,severity,internal_only,24.0,True,True,False,0.0
133,abrupt,severity,prism,24.0,True,True,False,0.0
134,abrupt,severity,severity_only,24.0,True,True,False,0.0
134,abrupt,severity,external_only,24.0,True,True,False,0.0
134,abrupt,severity,internal_only,24.0,True,True,False,0.0
134,abrupt,severity,prism,24.0,True,True,False,0.0
135,abrupt,severity,severity_only,24.0,True,True,False,0.0
135,abrupt,severity,external_only,24.0,True,True,False,0.0
135,abrupt,severity,internal_only,24.0,True,True,False,0.0
135,abrupt,severity,prism,24.0,True,True,False,0.0
136,abrupt,severity,severity_only,24.0,True,True,False,0.0
136,abrupt,severity,external_only,24.0,True,True,False,0.0
136,abrupt,severity,internal_only,24.0,True,True,False,0.0
136,abrupt,severity,prism,24.0,True,True,False,0.0
137,abrupt,severity,severity_only,24.0,True,True,False,0.0
137,abrupt,severity,external_only,24.0,True,True,False,0.0
137,abrupt,severity,internal_only,24.0,True,True,False,0.0
137,abrupt,severity,prism,24.0,True,True,False,0.0
138,abrupt,severity,severity_only,12.0,False,False,True,
138,abrupt,severity,external_only,12.0,False,False,True,
138,abrupt,severity,internal_only,12.0,False,False,True,
138,abrupt,severity,prism,12.0,False,False,True,
139,abrupt,severity,severity_only,24.0,True,True,False,0.0
139,abrupt,severity,external_only,24.0,True,True,False,0.0
139,abrupt,severity,internal_only,24.0,True,True,False,0.0
139,abrupt,severity,prism,24.0,True,True,False,0.0
140,abrupt,severity,severity_only,24.0,True,True,False,0.0
140,abrupt,severity,external_only,24.0,True,True,False,0.0
140,abrupt,severity,internal_only,24.0,True,True,False,0.0
140,abrupt,severity,prism,24.0,True,True,False,0.0
141,abrupt,severity,severity_only,24.0,True,True,False,0.0
141,abrupt,severity,external_only,24.0,True,True,False,0.0
141,abrupt,severity,internal_only,24.0,True,True,False,0.0
141,abrupt,severity,prism,24.0,True,True,False,0.0
142,abrupt,severity,severity_only,24.0,True,True,False,0.0
142,abrupt,severity,external_only,24.0,True,True,False,0.0
142,abrupt,severity,internal_only,24.0,True,True,False,0.0
142,abrupt,severity,prism,24.0,True,True,False,0.0
143,abrupt,severity,severity_only,24.0,True,True,False,0.0
143,abrupt,severity,external_only,24.0,True,True,False,0.0
143,abrupt,severity,internal_only,24.0,True,True,False,0.0
143,abrupt,severity,prism,24.0,True,True,False,0.0
144,abrupt,severity,severity_only,24.0,True,True,False,0.0
144,abrupt,severity,external_only,24.0,True,True,False,0.0
144,abrupt,severity,internal_only,24.0,True,True,False,0.0
144,abrupt,severity,prism,24.0,True,True,False,0.0
145,abrupt,severity,severity_only,24.0,True,True,False,0.0
145,abrupt,severity,external_only,12.0,False,False,True,
145,abrupt,severity,internal_only,24.0,True,True,False,0.0
145,abrupt,severity,prism,12.0,False,False,True,
146,abrupt,severity,severity_only,24.0,True,True,False,0.0
146,abrupt,severity,external_only,24.0,True,True,False,0.0
146,abrupt,severity,internal_only,24.0,True,True,False,0.0
146,abrupt,severity,prism,24.0,True,True,False,0.0
147,abrupt,severity,severity_only,24.0,True,True,False,0.0
147,abrupt,severity,external_only,24.0,True,True,False,0.0
147,abrupt,severity,internal_only,24.0,True,True,False,0.0
147,abrupt,severity,prism,24.0,True,True,False,0.0
148,abrupt,severity,severity_only,24.0,True,True,False,0.0
148,abrupt,severity,external_only,24.0,True,True,False,0.0
148,abrupt,severity,internal_only,24.0,True,True,False,0.0
148,abrupt,severity,prism,24.0,True,True,False,0.0
149,abrupt,severity,severity_only,24.0,True,True,False,0.0
149,abrupt,severity,external_only,24.0,True,True,False,0.0
149,abrupt,severity,internal_only,24.0,True,True,False,0.0
149,abrupt,severity,prism,24.0,True,True,False,0.0
150,abrupt,severity,severity_only,24.0,True,True,False,0.0
150,abrupt,severity,external_only,24.0,True,True,False,0.0
150,abrupt,severity,internal_only,24.0,True,True,False,0.0
150,abrupt,severity,prism,24.0,True,True,False,0.0
151,abrupt,severity,severity_only,24.0,True,True,False,0.0
151,abrupt,severity,external_only,24.0,True,True,False,0.0
151,abrupt,severity,internal_only,24.0,True,True,False,0.0
151,abrupt,severity,prism,24.0,True,True,False,0.0
152,abrupt,severity,severity_only,24.0,True,True,False,0.0
152,abrupt,severity,external_only,24.0,True,True,False,0.0
152,abrupt,severity,internal_only,24.0,True,True,False,0.0
152,abrupt,severity,prism,24.0,True,True,False,0.0
153,abrupt,severity,severity_only,24.0,True,True,False,0.0
153,abrupt,severity,external_only,24.0,True,True,False,0.0
153,abrupt,severity,internal_only,24.0,True,True,False,0.0
153,abrupt,severity,prism,24.0,True,True,False,0.0
154,abrupt,severity,severity_only,24.0,True,True,False,0.0
154,abrupt,severity,external_only,24.0,True,True,False,0.0
154,abrupt,severity,internal_only,24.0,True,True,False,0.0
154,abrupt,severity,prism,24.0,True,True,False,0.0
155,abrupt,severity,severity_only,24.0,True,True,False,0.0
155,abrupt,severity,external_only,24.0,True,True,False,0.0
155,abrupt,severity,internal_only,24.0,True,True,False,0.0
155,abrupt,severity,prism,24.0,True,True,False,0.0
156,abrupt,severity,severity_only,24.0,True,True,False,0.0
156,abrupt,severity,external_only,24.0,True,True,False,0.0
156,abrupt,severity,internal_only,24.0,True,True,False,0.0
156,abrupt,severity,prism,24.0,True,True,False,0.0
157,abrupt,severity,severity_only,24.0,True,True,False,0.0
157,abrupt,severity,external_only,24.0,True,True,False,0.0
157,abrupt,severity,internal_only,24.0,True,True,False,0.0
157,abrupt,severity,prism,24.0,True,True,False,0.0
158,abrupt,severity,severity_only,24.0,True,True,False,0.0
158,abrupt,severity,external_only,24.0,True,True,False,0.0
158,abrupt,severity,internal_only,24.0,True,True,False,0.0
158,abrupt,severity,prism,24.0,True,True,False,0.0
159,abrupt,severity,severity_only,24.0,True,True,False,0.0
159,abrupt,severity,external_only,24.0,True,True,False,0.0
159,abrupt,severity,internal_only,24.0,True,True,False,0.0
159,abrupt,severity,prism,24.0,True,True,False,0.0
160,abrupt,severity,severity_only,,False,False,False,
160,abrupt,severity,external_only,,False,False,False,
160,abrupt,severity,internal_only,24.0,True,True,False,0.0
160,abrupt,severity,prism,23.0,True,True,False,1.0
161,abrupt,severity,severity_only,24.0,True,True,False,0.0
161,abrupt,severity,external_only,24.0,True,True,False,0.0
161,abrupt,severity,internal_only,24.0,True,True,False,0.0
161,abrupt,severity,prism,24.0,True,True,False,0.0
162,abrupt,severity,severity_only,24.0,True,True,False,0.0
162,abrupt,severity,external_only,24.0,True,True,False,0.0
162,abrupt,severity,internal_only,24.0,True,True,False,0.0
162,abrupt,severity,prism,24.0,True,True,False,0.0
163,abrupt,severity,severity_only,,False,False,False,
163,abrupt,severity,external_only,,False,False,False,
163,abrupt,severity,internal_only,24.0,True,True,False,0.0
163,abrupt,severity,prism,24.0,True,True,False,0.0
164,abrupt,severity,severity_only,23.0,True,True,False,1.0
164,abrupt,severity,external_only,24.0,True,True,False,0.0
164,abrupt,severity,internal_only,23.0,True,True,False,1.0
164,abrupt,severity,prism,23.0,True,True,False,1.0
165,abrupt,severity,severity_only,24.0,True,True,False,0.0
165,abrupt,severity,external_only,24.0,True,True,False,0.0
165,abrupt,severity,internal_only,24.0,True,True,False,0.0
165,abrupt,severity,prism,24.0,True,True,False,0.0
166,abrupt,severity,severity_only,24.0,True,True,False,0.0
166,abrupt,severity,external_only,24.0,True,True,False,0.0
166,abrupt,severity,internal_only,24.0,True,True,False,0.0
166,abrupt,severity,prism,24.0,True,True,False,0.0
167,abrupt,severity,severity_only,24.0,True,True,False,0.0
167,abrupt,severity,external_only,24.0,True,True,False,0.0
167,abrupt,severity,internal_only,24.0,True,True,False,0.0
167,abrupt,severity,prism,24.0,True,True,False,0.0
168,abrupt,severity,severity_only,24.0,True,True,False,0.0
168,abrupt,severity,external_only,24.0,True,True,False,0.0
168,abrupt,severity,internal_only,24.0,True,True,False,0.0
168,abrupt,severity,prism,24.0,True,True,False,0.0
169,abrupt,severity,severity_only,24.0,True,True,False,0.0
169,abrupt,severity,external_only,24.0,True,True,False,0.0
169,abrupt,severity,internal_only,24.0,True,True,False,0.0
169,abrupt,severity,prism,24.0,True,True,False,0.0
170,abrupt,severity,severity_only,24.0,True,True,False,0.0
170,abrupt,severity,external_only,24.0,True,True,False,0.0
170,abrupt,severity,internal_only,24.0,True,True,False,0.0
170,abrupt,severity,prism,24.0,True,True,False,0.0
171,abrupt,severity,severity_only,24.0,True,True,False,0.0
171,abrupt,severity,external_only,24.0,True,True,False,0.0
171,abrupt,severity,internal_only,24.0,True,True,False,0.0
171,abrupt,severity,prism,24.0,True,True,False,0.0
172,abrupt,severity,severity_only,24.0,True,True,False,0.0
172,abrupt,severity,external_only,24.0,True,True,False,0.0
172,abrupt,severity,internal_only,24.0,True,True,False,0.0
172,abrupt,severity,prism,24.0,True,True,False,0.0
173,abrupt,severity,severity_only,24.0,True,True,False,0.0
173,abrupt,severity,external_only,24.0,True,True,False,0.0
173,abrupt,severity,internal_only,24.0,True,True,False,0.0
173,abrupt,severity,prism,24.0,True,True,False,0.0
174,abrupt,severity,severity_only,24.0,True,True,False,0.0
174,abrupt,severity,external_only,24.0,True,True,False,0.0
174,abrupt,severity,internal_only,24.0,True,True,False,0.0
174,abrupt,severity,prism,24.0,True,True,False,0.0
175,abrupt,severity,severity_only,10.0,False,False,True,
175,abrupt,severity,external_only,10.0,False,False,True,
175,abrupt,severity,internal_only,10.0,False,False,True,
175,abrupt,severity,prism,10.0,False,False,True,
176,abrupt,severity,severity_only,24.0,True,True,False,0.0
176,abrupt,severity,external_only,24.0,True,True,False,0.0
176,abrupt,severity,internal_only,24.0,True,True,False,0.0
176,abrupt,severity,prism,24.0,True,True,False,0.0
177,abrupt,severity,severity_only,24.0,True,True,False,0.0
177,abrupt,severity,external_only,24.0,True,True,False,0.0
177,abrupt,severity,internal_only,24.0,True,True,False,0.0
177,abrupt,severity,prism,24.0,True,True,False,0.0
178,abrupt,severity,severity_only,24.0,True,True,False,0.0
178,abrupt,severity,external_only,20.0,False,False,True,
178,abrupt,severity,internal_only,24.0,True,True,False,0.0
178,abrupt,severity,prism,20.0,False,False,True,
179,abrupt,severity,severity_only,24.0,True,True,False,0.0
179,abrupt,severity,external_only,24.0,True,True,False,0.0
179,abrupt,severity,internal_only,24.0,True,True,False,0.0
179,abrupt,severity,prism,24.0,True,True,False,0.0
180,abrupt,severity,severity_only,24.0,True,True,False,0.0
180,abrupt,severity,external_only,24.0,True,True,False,0.0
180,abrupt,severity,internal_only,24.0,True,True,False,0.0
180,abrupt,severity,prism,24.0,True,True,False,0.0
181,abrupt,severity,severity_only,24.0,True,True,False,0.0
181,abrupt,severity,external_only,24.0,True,True,False,0.0
181,abrupt,severity,internal_only,24.0,True,True,False,0.0
181,abrupt,severity,prism,24.0,True,True,False,0.0
182,abrupt,severity,severity_only,24.0,True,True,False,0.0
182,abrupt,severity,external_only,24.0,True,True,False,0.0
182,abrupt,severity,internal_only,24.0,True,True,False,0.0
182,abrupt,severity,prism,24.0,True,True,False,0.0
183,abrupt,severity,severity_only,24.0,True,True,False,0.0
183,abrupt,severity,external_only,24.0,True,True,False,0.0
183,abrupt,severity,internal_only,24.0,True,True,False,0.0
183,abrupt,severity,prism,24.0,True,True,False,0.0
184,abrupt,severity,severity_only,24.0,True,True,False,0.0
184,abrupt,severity,external_only,24.0,True,True,False,0.0
184,abrupt,severity,internal_only,24.0,True,True,False,0.0
184,abrupt,severity,prism,24.0,True,True,False,0.0
185,abrupt,severity,severity_only,24.0,True,True,False,0.0
185,abrupt,severity,external_only,24.0,True,True,False,0.0
185,abrupt,severity,internal_only,21.0,False,False,False,
185,abrupt,severity,prism,24.0,True,True,False,0.0
186,abrupt,severity,severity_only,24.0,True,True,False,0.0
186,abrupt,severity,external_only,24.0,True,True,False,0.0
186,abrupt,severity,internal_only,24.0,True,True,False,0.0
186,abrupt,severity,prism,24.0,True,True,False,0.0
187,abrupt,severity,severity_only,24.0,True,True,False,0.0
187,abrupt,severity,external_only,24.0,True,True,False,0.0
187,abrupt,severity,internal_only,24.0,True,True,False,0.0
187,abrupt,severity,prism,24.0,True,True,False,0.0
188,abrupt,severity,severity_only,24.0,True,True,False,0.0
188,abrupt,severity,external_only,7.0,False,False,True,
188,abrupt,severity,internal_only,24.0,True,True,False,0.0
188,abrupt,severity,prism,7.0,False,False,True,
189,abrupt,severity,severity_only,24.0,True,True,False,0.0
189,abrupt,severity,external_only,24.0,True,True,False,0.0
189,abrupt,severity,internal_only,24.0,True,True,False,0.0
189,abrupt,severity,prism,24.0,True,True,False,0.0
190,abrupt,severity,severity_only,,False,False,False,
190,abrupt,severity,external_only,24.0,True,True,False,0.0
190,abrupt,severity,internal_only,,False,False,False,
190,abrupt,severity,prism,,False,False,False,
191,abrupt,severity,severity_only,,False,False,False,
191,abrupt,severity,external_only,24.0,True,True,False,0.0
191,abrupt,severity,internal_only,,False,False,False,
191,abrupt,severity,prism,24.0,True,True,False,0.0
192,abrupt,severity,severity_only,24.0,True,True,False,0.0
192,abrupt,severity,external_only,24.0,True,True,False,0.0
192,abrupt,severity,internal_only,24.0,True,True,False,0.0
192,abrupt,severity,prism,24.0,True,True,False,0.0
193,abrupt,severity,severity_only,24.0,True,True,False,0.0
193,abrupt,severity,external_only,24.0,True,True,False,0.0
193,abrupt,severity,internal_only,24.0,True,True,False,0.0
193,abrupt,severity,prism,24.0,True,True,False,0.0
194,abrupt,severity,severity_only,24.0,True,True,False,0.0
194,abrupt,severity,external_only,24.0,True,True,False,0.0
194,abrupt,severity,internal_only,24.0,True,True,False,0.0
194,abrupt,severity,prism,24.0,True,True,False,0.0
195,abrupt,severity,severity_only,24.0,True,True,False,0.0
195,abrupt,severity,external_only,24.0,True,True,False,0.0
195,abrupt,severity,internal_only,24.0,True,True,False,0.0
195,abrupt,severity,prism,24.0,True,True,False,0.0
196,abrupt,severity,severity_only,24.0,True,True,False,0.0
196,abrupt,severity,external_only,24.0,True,True,False,0.0
196,abrupt,severity,internal_only,24.0,True,True,False,0.0
196,abrupt,severity,prism,24.0,True,True,False,0.0
197,abrupt,severity,severity_only,24.0,True,True,False,0.0
197,abrupt,severity,external_only,24.0,True,True,False,0.0
197,abrupt,severity,internal_only,24.0,True,True,False,0.0
197,abrupt,severity,prism,24.0,True,True,False,0.0
198,abrupt,severity,severity_only,24.0,True,True,False,0.0
198,abrupt,severity,external_only,24.0,True,True,False,0.0
198,abrupt,severity,internal_only,24.0,True,True,False,0.0
198,abrupt,severity,prism,24.0,True,True,False,0.0
199,abrupt,severity,severity_only,24.0,True,True,False,0.0
199,abrupt,severity,external_only,24.0,True,True,False,0.0
199,abrupt,severity,internal_only,24.0,True,True,False,0.0
199,abrupt,severity,prism,24.0,True,True,False,0.0
200,abrupt,severity,severity_only,24.0,True,True,False,0.0
200,abrupt,severity,external_only,24.0,True,True,False,0.0
200,abrupt,severity,internal_only,24.0,True,True,False,0.0
200,abrupt,severity,prism,24.0,True,True,False,0.0
201,abrupt,severity,severity_only,24.0,True,True,False,0.0
201,abrupt,severity,external_only,24.0,True,True,False,0.0
201,abrupt,severity,internal_only,24.0,True,True,False,0.0
201,abrupt,severity,prism,24.0,True,True,False,0.0
202,abrupt,severity,severity_only,24.0,True,True,False,0.0
202,abrupt,severity,external_only,24.0,True,True,False,0.0
202,abrupt,severity,internal_only,24.0,True,True,False,0.0
202,abrupt,severity,prism,24.0,True,True,False,0.0
203,abrupt,severity,severity_only,24.0,True,True,False,0.0
203,abrupt,severity,external_only,24.0,True,True,False,0.0
203,abrupt,severity,internal_only,24.0,True,True,False,0.0
203,abrupt,severity,prism,24.0,True,True,False,0.0
204,abrupt,severity,severity_only,24.0,True,True,False,0.0
204,abrupt,severity,external_only,24.0,True,True,False,0.0
204,abrupt,severity,internal_only,24.0,True,True,False,0.0
204,abrupt,severity,prism,24.0,True,True,False,0.0
205,abrupt,severity,severity_only,24.0,True,True,False,0.0
205,abrupt,severity,external_only,22.0,True,True,False,2.0
205,abrupt,severity,internal_only,24.0,True,True,False,0.0
205,abrupt,severity,prism,22.0,True,True,False,2.0
206,abrupt,severity,severity_only,24.0,True,True,False,0.0
206,abrupt,severity,external_only,24.0,True,True,False,0.0
206,abrupt,severity,internal_only,24.0,True,True,False,0.0
206,abrupt,severity,prism,24.0,True,True,False,0.0
207,abrupt,severity,severity_only,24.0,True,True,False,0.0
207,abrupt,severity,external_only,24.0,True,True,False,0.0
207,abrupt,severity,internal_only,24.0,True,True,False,0.0
207,abrupt,severity,prism,24.0,True,True,False,0.0
208,abrupt,severity,severity_only,24.0,True,True,False,0.0
208,abrupt,severity,external_only,24.0,True,True,False,0.0
208,abrupt,severity,internal_only,24.0,True,True,False,0.0
208,abrupt,severity,prism,24.0,True,True,False,0.0
209,abrupt,severity,severity_only,24.0,True,True,False,0.0
209,abrupt,severity,external_only,24.0,True,True,False,0.0
209,abrupt,severity,internal_only,24.0,True,True,False,0.0
209,abrupt,severity,prism,24.0,True,True,False,0.0
210,abrupt,severity,severity_only,24.0,True,True,False,0.0
210,abrupt,severity,external_only,24.0,True,True,False,0.0
210,abrupt,severity,internal_only,24.0,True,True,False,0.0
210,abrupt,severity,prism,24.0,True,True,False,0.0
211,abrupt,severity,severity_only,24.0,True,True,False,0.0
211,abrupt,severity,external_only,8.0,False,False,True,
211,abrupt,severity,internal_only,24.0,True,True,False,0.0
211,abrupt,severity,prism,8.0,False,False,True,
212,abrupt,severity,severity_only,24.0,True,True,False,0.0
212,abrupt,severity,external_only,24.0,True,True,False,0.0
212,abrupt,severity,internal_only,24.0,True,True,False,0.0
212,abrupt,severity,prism,24.0,True,True,False,0.0
213,abrupt,severity,severity_only,24.0,True,True,False,0.0
213,abrupt,severity,external_only,24.0,True,True,False,0.0
213,abrupt,severity,internal_only,24.0,True,True,False,0.0
213,abrupt,severity,prism,24.0,True,True,False,0.0
214,abrupt,severity,severity_only,24.0,True,True,False,0.0
214,abrupt,severity,external_only,24.0,True,True,False,0.0
214,abrupt,severity,internal_only,24.0,True,True,False,0.0
214,abrupt,severity,prism,24.0,True,True,False,0.0
215,abrupt,severity,severity_only,24.0,True,True,False,0.0
215,abrupt,severity,external_only,24.0,True,True,False,0.0
215,abrupt,severity,internal_only,24.0,True,True,False,0.0
215,abrupt,severity,prism,24.0,True,True,False,0.0
216,abrupt,severity,severity_only,24.0,True,True,False,0.0
216,abrupt,severity,external_only,24.0,True,True,False,0.0
216,abrupt,severity,internal_only,24.0,True,True,False,0.0
216,abrupt,severity,prism,24.0,True,True,False,0.0
217,abrupt,severity,severity_only,,False,False,False,
217,abrupt,severity,external_only,24.0,True,True,False,0.0
217,abrupt,severity,internal_only,24.0,True,True,False,0.0
217,abrupt,severity,prism,24.0,True,True,False,0.0
218,abrupt,severity,severity_only,24.0,True,True,False,0.0
218,abrupt,severity,external_only,24.0,True,True,False,0.0
218,abrupt,severity,internal_only,24.0,True,True,False,0.0
218,abrupt,severity,prism,24.0,True,True,False,0.0
219,abrupt,severity,severity_only,24.0,True,True,False,0.0
219,abrupt,severity,external_only,24.0,True,True,False,0.0
219,abrupt,severity,internal_only,24.0,True,True,False,0.0
219,abrupt,severity,prism,22.0,True,True,False,2.0
220,abrupt,severity,severity_only,24.0,True,True,False,0.0
220,abrupt,severity,external_only,24.0,True,True,False,0.0
220,abrupt,severity,internal_only,24.0,True,True,False,0.0
220,abrupt,severity,prism,24.0,True,True,False,0.0
221,abrupt,severity,severity_only,24.0,True,True,False,0.0
221,abrupt,severity,external_only,24.0,True,True,False,0.0
221,abrupt,severity,internal_only,24.0,True,True,False,0.0
221,abrupt,severity,prism,24.0,True,True,False,0.0
222,abrupt,severity,severity_only,14.0,False,False,True,
222,abrupt,severity,external_only,24.0,True,True,False,0.0
222,abrupt,severity,internal_only,14.0,False,False,True,
222,abrupt,severity,prism,26.0,True,False,False,-2.0
223,abrupt,severity,severity_only,24.0,True,True,False,0.0
223,abrupt,severity,external_only,24.0,True,True,False,0.0
223,abrupt,severity,internal_only,24.0,True,True,False,0.0
223,abrupt,severity,prism,24.0,True,True,False,0.0
224,abrupt,severity,severity_only,24.0,True,True,False,0.0
224,abrupt,severity,external_only,24.0,True,True,False,0.0
224,abrupt,severity,internal_only,24.0,True,True,False,0.0
224,abrupt,severity,prism,24.0,True,True,False,0.0
225,abrupt,severity,severity_only,24.0,True,True,False,0.0
225,abrupt,severity,external_only,24.0,True,True,False,0.0
225,abrupt,severity,internal_only,24.0,True,True,False,0.0
225,abrupt,severity,prism,24.0,True,True,False,0.0
226,abrupt,severity,severity_only,24.0,True,True,False,0.0
226,abrupt,severity,external_only,24.0,True,True,False,0.0
226,abrupt,severity,internal_only,24.0,True,True,False,0.0
226,abrupt,severity,prism,24.0,True,True,False,0.0
227,abrupt,severity,severity_only,24.0,True,True,False,0.0
227,abrupt,severity,external_only,24.0,True,True,False,0.0
227,abrupt,severity,internal_only,24.0,True,True,False,0.0
227,abrupt,severity,prism,24.0,True,True,False,0.0
228,abrupt,severity,severity_only,21.0,False,False,False,
228,abrupt,severity,external_only,24.0,True,True,False,0.0
228,abrupt,severity,internal_only,21.0,False,False,False,
228,abrupt,severity,prism,21.0,False,False,False,
229,abrupt,severity,severity_only,24.0,True,True,False,0.0
229,abrupt,severity,external_only,24.0,True,True,False,0.0
229,abrupt,severity,internal_only,24.0,True,True,False,0.0
229,abrupt,severity,prism,24.0,True,True,False,0.0
230,abrupt,severity,severity_only,24.0,True,True,False,0.0
230,abrupt,severity,external_only,25.0,True,False,False,-1.0
230,abrupt,severity,internal_only,24.0,True,True,False,0.0
230,abrupt,severity,prism,24.0,True,True,False,0.0
231,abrupt,severity,severity_only,24.0,True,True,False,0.0
231,abrupt,severity,external_only,24.0,True,True,False,0.0
231,abrupt,severity,internal_only,24.0,True,True,False,0.0
231,abrupt,severity,prism,24.0,True,True,False,0.0
232,abrupt,severity,severity_only,24.0,True,True,False,0.0
232,abrupt,severity,external_only,24.0,True,True,False,0.0
232,abrupt,severity,internal_only,24.0,True,True,False,0.0
232,abrupt,severity,prism,24.0,True,True,False,0.0
233,abrupt,severity,severity_only,17.0,False,False,True,
233,abrupt,severity,external_only,17.0,False,False,True,
233,abrupt,severity,internal_only,17.0,False,False,True,
233,abrupt,severity,prism,17.0,False,False,True,
234,abrupt,severity,severity_only,24.0,True,True,False,0.0
234,abrupt,severity,external_only,24.0,True,True,False,0.0
234,abrupt,severity,internal_only,24.0,True,True,False,0.0
234,abrupt,severity,prism,24.0,True,True,False,0.0
235,abrupt,severity,severity_only,24.0,True,True,False,0.0
235,abrupt,severity,external_only,24.0,True,True,False,0.0
235,abrupt,severity,internal_only,24.0,True,True,False,0.0
235,abrupt,severity,prism,24.0,True,True,False,0.0
236,abrupt,severity,severity_only,24.0,True,True,False,0.0
236,abrupt,severity,external_only,24.0,True,True,False,0.0
236,abrupt,severity,internal_only,24.0,True,True,False,0.0
236,abrupt,severity,prism,24.0,True,True,False,0.0
237,abrupt,severity,severity_only,24.0,True,True,False,0.0
237,abrupt,severity,external_only,24.0,True,True,False,0.0
237,abrupt,severity,internal_only,24.0,True,True,False,0.0
237,abrupt,severity,prism,24.0,True,True,False,0.0
238,abrupt,severity,severity_only,24.0,True,True,False,0.0
238,abrupt,severity,external_only,24.0,True,True,False,0.0
238,abrupt,severity,internal_only,24.0,True,True,False,0.0
238,abrupt,severity,prism,24.0,True,True,False,0.0
239,abrupt,severity,severity_only,24.0,True,True,False,0.0
239,abrupt,severity,external_only,24.0,True,True,False,0.0
239,abrupt,severity,internal_only,24.0,True,True,False,0.0
239,abrupt,severity,prism,24.0,True,True,False,0.0
240,abrupt,severity,severity_only,24.0,True,True,False,0.0
240,abrupt,severity,external_only,24.0,True,True,False,0.0
240,abrupt,severity,internal_only,24.0,True,True,False,0.0
240,abrupt,severity,prism,24.0,True,True,False,0.0
241,abrupt,severity,severity_only,26.0,True,False,False,-2.0
241,abrupt,severity,external_only,24.0,True,True,False,0.0
241,abrupt,severity,internal_only,24.0,True,True,False,0.0
241,abrupt,severity,prism,24.0,True,True,False,0.0
242,abrupt,severity,severity_only,24.0,True,True,False,0.0
242,abrupt,severity,external_only,24.0,True,True,False,0.0
242,abrupt,severity,internal_only,24.0,True,True,False,0.0
242,abrupt,severity,prism,24.0,True,True,False,0.0
243,abrupt,severity,severity_only,24.0,True,True,False,0.0
243,abrupt,severity,external_only,24.0,True,True,False,0.0
243,abrupt,severity,internal_only,24.0,True,True,False,0.0
243,abrupt,severity,prism,24.0,True,True,False,0.0
244,abrupt,severity,severity_only,6.0,False,False,True,
244,abrupt,severity,external_only,6.0,False,False,True,
244,abrupt,severity,internal_only,6.0,False,False,True,
244,abrupt,severity,prism,6.0,False,False,True,
245,abrupt,severity,severity_only,24.0,True,True,False,0.0
245,abrupt,severity,external_only,24.0,True,True,False,0.0
245,abrupt,severity,internal_only,24.0,True,True,False,0.0
245,abrupt,severity,prism,24.0,True,True,False,0.0
246,abrupt,severity,severity_only,24.0,True,True,False,0.0
246,abrupt,severity,external_only,23.0,True,True,False,1.0
246,abrupt,severity,internal_only,24.0,True,True,False,0.0
246,abrupt,severity,prism,24.0,True,True,False,0.0
247,abrupt,severity,severity_only,24.0,True,True,False,0.0
247,abrupt,severity,external_only,24.0,True,True,False,0.0
247,abrupt,severity,internal_only,24.0,True,True,False,0.0
247,abrupt,severity,prism,24.0,True,True,False,0.0
248,abrupt,severity,severity_only,24.0,True,True,False,0.0
248,abrupt,severity,external_only,24.0,True,True,False,0.0
248,abrupt,severity,internal_only,24.0,True,True,False,0.0
248,abrupt,severity,prism,24.0,True,True,False,0.0
249,abrupt,severity,severity_only,24.0,True,True,False,0.0
249,abrupt,severity,external_only,22.0,True,True,False,2.0
249,abrupt,severity,internal_only,24.0,True,True,False,0.0
249,abrupt,severity,prism,22.0,True,True,False,2.0
250,abrupt,severity,severity_only,24.0,True,True,False,0.0
250,abrupt,severity,external_only,24.0,True,True,False,0.0
250,abrupt,severity,internal_only,24.0,True,True,False,0.0
250,abrupt,severity,prism,24.0,True,True,False,0.0
251,abrupt,severity,severity_only,24.0,True,True,False,0.0
251,abrupt,severity,external_only,24.0,True,True,False,0.0
251,abrupt,severity,internal_only,24.0,True,True,False,0.0
251,abrupt,severity,prism,24.0,True,True,False,0.0
252,abrupt,severity,severity_only,11.0,False,False,True,
252,abrupt,severity,external_only,11.0,False,False,True,
252,abrupt,severity,internal_only,11.0,False,False,True,
252,abrupt,severity,prism,11.0,False,False,True,
253,abrupt,severity,severity_only,24.0,True,True,False,0.0
253,abrupt,severity,external_only,24.0,True,True,False,0.0
253,abrupt,severity,internal_only,24.0,True,True,False,0.0
253,abrupt,severity,prism,24.0,True,True,False,0.0
254,abrupt,severity,severity_only,24.0,True,True,False,0.0
254,abrupt,severity,external_only,24.0,True,True,False,0.0
254,abrupt,severity,internal_only,24.0,True,True,False,0.0
254,abrupt,severity,prism,24.0,True,True,False,0.0
255,abrupt,severity,severity_only,24.0,True,True,False,0.0
255,abrupt,severity,external_only,24.0,True,True,False,0.0
255,abrupt,severity,internal_only,24.0,True,True,False,0.0
255,abrupt,severity,prism,24.0,True,True,False,0.0
256,abrupt,severity,severity_only,24.0,True,True,False,0.0
256,abrupt,severity,external_only,24.0,True,True,False,0.0
256,abrupt,severity,internal_only,24.0,True,True,False,0.0
256,abrupt,severity,prism,24.0,True,True,False,0.0
257,abrupt,severity,severity_only,24.0,True,True,False,0.0
257,abrupt,severity,external_only,24.0,True,True,False,0.0
257,abrupt,severity,internal_only,24.0,True,True,False,0.0
257,abrupt,severity,prism,24.0,True,True,False,0.0
258,abrupt,severity,severity_only,24.0,True,True,False,0.0
258,abrupt,severity,external_only,24.0,True,True,False,0.0
258,abrupt,severity,internal_only,24.0,True,True,False,0.0
258,abrupt,severity,prism,24.0,True,True,False,0.0
259,abrupt,severity,severity_only,24.0,True,True,False,0.0
259,abrupt,severity,external_only,24.0,True,True,False,0.0
259,abrupt,severity,internal_only,24.0,True,True,False,0.0
259,abrupt,severity,prism,24.0,True,True,False,0.0
260,abrupt,severity,severity_only,24.0,True,True,False,0.0
260,abrupt,severity,external_only,24.0,True,True,False,0.0
260,abrupt,severity,internal_only,24.0,True,True,False,0.0
260,abrupt,severity,prism,24.0,True,True,False,0.0
261,abrupt,severity,severity_only,24.0,True,True,False,0.0
261,abrupt,severity,external_only,24.0,True,True,False,0.0
261,abrupt,severity,internal_only,24.0,True,True,False,0.0
261,abrupt,severity,prism,24.0,True,True,False,0.0
262,abrupt,severity,severity_only,24.0,True,True,False,0.0
262,abrupt,severity,external_only,24.0,True,True,False,0.0
262,abrupt,severity,internal_only,24.0,True,True,False,0.0
262,abrupt,severity,prism,24.0,True,True,False,0.0
263,abrupt,severity,severity_only,24.0,True,True,False,0.0
263,abrupt,severity,external_only,24.0,True,True,False,0.0
263,abrupt,severity,internal_only,24.0,True,True,False,0.0
263,abrupt,severity,prism,24.0,True,True,False,0.0
264,abrupt,severity,severity_only,24.0,True,True,False,0.0
264,abrupt,severity,external_only,24.0,True,True,False,0.0
264,abrupt,severity,internal_only,24.0,True,True,False,0.0
264,abrupt,severity,prism,24.0,True,True,False,0.0
265,abrupt,severity,severity_only,24.0,True,True,False,0.0
265,abrupt,severity,external_only,24.0,True,True,False,0.0
265,abrupt,severity,internal_only,24.0,True,True,False,0.0
265,abrupt,severity,prism,24.0,True,True,False,0.0
266,abrupt,severity,severity_only,24.0,True,True,False,0.0
266,abrupt,severity,external_only,24.0,True,True,False,0.0
266,abrupt,severity,internal_only,29.0,True,False,False,-5.0
266,abrupt,severity,prism,24.0,True,True,False,0.0
267,abrupt,severity,severity_only,24.0,True,True,False,0.0
267,abrupt,severity,external_only,24.0,True,True,False,0.0
267,abrupt,severity,internal_only,24.0,True,True,False,0.0
267,abrupt,severity,prism,24.0,True,True,False,0.0
268,abrupt,severity,severity_only,24.0,True,True,False,0.0
268,abrupt,severity,external_only,24.0,True,True,False,0.0
268,abrupt,severity,internal_only,24.0,True,True,False,0.0
268,abrupt,severity,prism,24.0,True,True,False,0.0
269,abrupt,severity,severity_only,24.0,True,True,False,0.0
269,abrupt,severity,external_only,24.0,True,True,False,0.0
269,abrupt,severity,internal_only,24.0,True,True,False,0.0
269,abrupt,severity,prism,24.0,True,True,False,0.0
270,abrupt,severity,severity_only,24.0,True,True,False,0.0
270,abrupt,severity,external_only,24.0,True,True,False,0.0
270,abrupt,severity,internal_only,21.0,False,False,False,
270,abrupt,severity,prism,21.0,False,False,False,
271,abrupt,severity,severity_only,24.0,True,True,False,0.0
271,abrupt,severity,external_only,24.0,True,True,False,0.0
271,abrupt,severity,internal_only,24.0,True,True,False,0.0
271,abrupt,severity,prism,24.0,True,True,False,0.0
272,abrupt,severity,severity_only,24.0,True,True,False,0.0
272,abrupt,severity,external_only,23.0,True,True,False,1.0
272,abrupt,severity,internal_only,24.0,True,True,False,0.0
272,abrupt,severity,prism,22.0,True,True,False,2.0
273,abrupt,severity,severity_only,24.0,True,True,False,0.0
273,abrupt,severity,external_only,10.0,False,False,True,
273,abrupt,severity,internal_only,24.0,True,True,False,0.0
273,abrupt,severity,prism,10.0,False,False,True,
274,abrupt,severity,severity_only,24.0,True,True,False,0.0
274,abrupt,severity,external_only,24.0,True,True,False,0.0
274,abrupt,severity,internal_only,24.0,True,True,False,0.0
274,abrupt,severity,prism,24.0,True,True,False,0.0
275,abrupt,severity,severity_only,24.0,True,True,False,0.0
275,abrupt,severity,external_only,24.0,True,True,False,0.0
275,abrupt,severity,internal_only,24.0,True,True,False,0.0
275,abrupt,severity,prism,24.0,True,True,False,0.0
276,abrupt,severity,severity_only,24.0,True,True,False,0.0
276,abrupt,severity,external_only,24.0,True,True,False,0.0
276,abrupt,severity,internal_only,24.0,True,True,False,0.0
276,abrupt,severity,prism,24.0,True,True,False,0.0
277,abrupt,severity,severity_only,24.0,True,True,False,0.0
277,abrupt,severity,external_only,24.0,True,True,False,0.0
277,abrupt,severity,internal_only,24.0,True,True,False,0.0
277,abrupt,severity,prism,24.0,True,True,False,0.0
278,abrupt,severity,severity_only,7.0,False,False,True,
278,abrupt,severity,external_only,7.0,False,False,True,
278,abrupt,severity,internal_only,7.0,False,False,True,
278,abrupt,severity,prism,7.0,False,False,True,
279,abrupt,severity,severity_only,24.0,True,True,False,0.0
279,abrupt,severity,external_only,6.0,False,False,True,
279,abrupt,severity,internal_only,24.0,True,True,False,0.0
279,abrupt,severity,prism,6.0,False,False,True,
280,abrupt,severity,severity_only,24.0,True,True,False,0.0
280,abrupt,severity,external_only,24.0,True,True,False,0.0
280,abrupt,severity,internal_only,24.0,True,True,False,0.0
280,abrupt,severity,prism,24.0,True,True,False,0.0
281,abrupt,severity,severity_only,24.0,True,True,False,0.0
281,abrupt,severity,external_only,24.0,True,True,False,0.0
281,abrupt,severity,internal_only,24.0,True,True,False,0.0
281,abrupt,severity,prism,24.0,True,True,False,0.0
282,abrupt,severity,severity_only,24.0,True,True,False,0.0
282,abrupt,severity,external_only,24.0,True,True,False,0.0
282,abrupt,severity,internal_only,24.0,True,True,False,0.0
282,abrupt,severity,prism,24.0,True,True,False,0.0
283,abrupt,severity,severity_only,24.0,True,True,False,0.0
283,abrupt,severity,external_only,24.0,True,True,False,0.0
283,abrupt,severity,internal_only,24.0,True,True,False,0.0
283,abrupt,severity,prism,24.0,True,True,False,0.0
284,abrupt,severity,severity_only,24.0,True,True,False,0.0
284,abrupt,severity,external_only,24.0,True,True,False,0.0
284,abrupt,severity,internal_only,24.0,True,True,False,0.0
284,abrupt,severity,prism,24.0,True,True,False,0.0
285,abrupt,severity,severity_only,24.0,True,True,False,0.0
285,abrupt,severity,external_only,24.0,True,True,False,0.0
285,abrupt,severity,internal_only,24.0,True,True,False,0.0
285,abrupt,severity,prism,24.0,True,True,False,0.0
286,abrupt,severity,severity_only,24.0,True,True,False,0.0
286,abrupt,severity,external_only,24.0,True,True,False,0.0
286,abrupt,severity,internal_only,24.0,True,True,False,0.0
286,abrupt,severity,prism,24.0,True,True,False,0.0
287,abrupt,severity,severity_only,24.0,True,True,False,0.0
287,abrupt,severity,external_only,24.0,True,True,False,0.0
287,abrupt,severity,internal_only,24.0,True,True,False,0.0
287,abrupt,severity,prism,24.0,True,True,False,0.0
288,abrupt,severity,severity_only,24.0,True,True,False,0.0
288,abrupt,severity,external_only,24.0,True,True,False,0.0
288,abrupt,severity,internal_only,24.0,True,True,False,0.0
288,abrupt,severity,prism,24.0,True,True,False,0.0
289,abrupt,severity,severity_only,24.0,True,True,False,0.0
289,abrupt,severity,external_only,24.0,True,True,False,0.0
289,abrupt,severity,internal_only,24.0,True,True,False,0.0
289,abrupt,severity,prism,24.0,True,True,False,0.0
290,abrupt,severity,severity_only,,False,False,False,
290,abrupt,severity,external_only,24.0,True,True,False,0.0
290,abrupt,severity,internal_only,24.0,True,True,False,0.0
290,abrupt,severity,prism,24.0,True,True,False,0.0
291,abrupt,severity,severity_only,24.0,True,True,False,0.0
291,abrupt,severity,external_only,24.0,True,True,False,0.0
291,abrupt,severity,internal_only,24.0,True,True,False,0.0
291,abrupt,severity,prism,24.0,True,True,False,0.0
292,abrupt,severity,severity_only,,False,False,False,
292,abrupt,severity,external_only,24.0,True,True,False,0.0
292,abrupt,severity,internal_only,24.0,True,True,False,0.0
292,abrupt,severity,prism,24.0,True,True,False,0.0
293,abrupt,severity,severity_only,24.0,True,True,False,0.0
293,abrupt,severity,external_only,24.0,True,True,False,0.0
293,abrupt,severity,internal_only,24.0,True,True,False,0.0
293,abrupt,severity,prism,24.0,True,True,False,0.0
294,abrupt,severity,severity_only,24.0,True,True,False,0.0
294,abrupt,severity,external_only,24.0,True,True,False,0.0
294,abrupt,severity,internal_only,24.0,True,True,False,0.0
294,abrupt,severity,prism,24.0,True,True,False,0.0
295,abrupt,severity,severity_only,24.0,True,True,False,0.0
295,abrupt,severity,external_only,24.0,True,True,False,0.0
295,abrupt,severity,internal_only,24.0,True,True,False,0.0
295,abrupt,severity,prism,24.0,True,True,False,0.0
296,abrupt,severity,severity_only,24.0,True,True,False,0.0
296,abrupt,severity,external_only,24.0,True,True,False,0.0
296,abrupt,severity,internal_only,24.0,True,True,False,0.0
296,abrupt,severity,prism,24.0,True,True,False,0.0
297,abrupt,severity,severity_only,24.0,True,True,False,0.0
297,abrupt,severity,external_only,24.0,True,True,False,0.0
297,abrupt,severity,internal_only,24.0,True,True,False,0.0
297,abrupt,severity,prism,24.0,True,True,False,0.0
298,abrupt,severity,severity_only,24.0,True,True,False,0.0
298,abrupt,severity,external_only,24.0,True,True,False,0.0
298,abrupt,severity,internal_only,24.0,True,True,False,0.0
298,abrupt,severity,prism,24.0,True,True,False,0.0
299,abrupt,severity,severity_only,24.0,True,True,False,0.0
299,abrupt,severity,external_only,24.0,True,True,False,0.0
299,abrupt,severity,internal_only,24.0,True,True,False,0.0
299,abrupt,severity,prism,24.0,True,True,False,0.0
300,abrupt,severity,severity_only,24.0,True,True,False,0.0
300,abrupt,severity,external_only,24.0,True,True,False,0.0
300,abrupt,severity,internal_only,24.0,True,True,False,0.0
300,abrupt,severity,prism,24.0,True,True,False,0.0
301,abrupt,severity,severity_only,24.0,True,True,False,0.0
301,abrupt,severity,external_only,24.0,True,True,False,0.0
301,abrupt,severity,internal_only,24.0,True,True,False,0.0
301,abrupt,severity,prism,24.0,True,True,False,0.0
302,abrupt,severity,severity_only,24.0,True,True,False,0.0
302,abrupt,severity,external_only,24.0,True,True,False,0.0
302,abrupt,severity,internal_only,24.0,True,True,False,0.0
302,abrupt,severity,prism,24.0,True,True,False,0.0
303,abrupt,severity,severity_only,24.0,True,True,False,0.0
303,abrupt,severity,external_only,24.0,True,True,False,0.0
303,abrupt,severity,internal_only,24.0,True,True,False,0.0
303,abrupt,severity,prism,24.0,True,True,False,0.0
304,abrupt,severity,severity_only,24.0,True,True,False,0.0
304,abrupt,severity,external_only,24.0,True,True,False,0.0
304,abrupt,severity,internal_only,24.0,True,True,False,0.0
304,abrupt,severity,prism,24.0,True,True,False,0.0
305,abrupt,severity,severity_only,24.0,True,True,False,0.0
305,abrupt,severity,external_only,24.0,True,True,False,0.0
305,abrupt,severity,internal_only,24.0,True,True,False,0.0
305,abrupt,severity,prism,24.0,True,True,False,0.0
306,abrupt,severity,severity_only,24.0,True,True,False,0.0
306,abrupt,severity,external_only,24.0,True,True,False,0.0
306,abrupt,severity,internal_only,24.0,True,True,False,0.0
306,abrupt,severity,prism,24.0,True,True,False,0.0
307,abrupt,severity,severity_only,24.0,True,True,False,0.0
307,abrupt,severity,external_only,24.0,True,True,False,0.0
307,abrupt,severity,internal_only,24.0,True,True,False,0.0
307,abrupt,severity,prism,24.0,True,True,False,0.0
308,abrupt,severity,severity_only,24.0,True,True,False,0.0
308,abrupt,severity,external_only,24.0,True,True,False,0.0
308,abrupt,severity,internal_only,24.0,True,True,False,0.0
308,abrupt,severity,prism,24.0,True,True,False,0.0
309,abrupt,severity,severity_only,24.0,True,True,False,0.0
309,abrupt,severity,external_only,24.0,True,True,False,0.0
309,abrupt,severity,internal_only,24.0,True,True,False,0.0
309,abrupt,severity,prism,24.0,True,True,False,0.0
310,abrupt,severity,severity_only,24.0,True,True,False,0.0
310,abrupt,severity,external_only,24.0,True,True,False,0.0
310,abrupt,severity,internal_only,24.0,True,True,False,0.0
310,abrupt,severity,prism,22.0,True,True,False,2.0
311,abrupt,severity,severity_only,24.0,True,True,False,0.0
311,abrupt,severity,external_only,24.0,True,True,False,0.0
311,abrupt,severity,internal_only,24.0,True,True,False,0.0
311,abrupt,severity,prism,24.0,True,True,False,0.0
312,abrupt,severity,severity_only,24.0,True,True,False,0.0
312,abrupt,severity,external_only,4.0,False,False,True,
312,abrupt,severity,internal_only,24.0,True,True,False,0.0
312,abrupt,severity,prism,4.0,False,False,True,
313,abrupt,severity,severity_only,24.0,True,True,False,0.0
313,abrupt,severity,external_only,24.0,True,True,False,0.0
313,abrupt,severity,internal_only,24.0,True,True,False,0.0
313,abrupt,severity,prism,24.0,True,True,False,0.0
314,abrupt,severity,severity_only,4.0,False,False,True,
314,abrupt,severity,external_only,4.0,False,False,True,
314,abrupt,severity,internal_only,4.0,False,False,True,
314,abrupt,severity,prism,4.0,False,False,True,
315,abrupt,severity,severity_only,24.0,True,True,False,0.0
315,abrupt,severity,external_only,24.0,True,True,False,0.0
315,abrupt,severity,internal_only,24.0,True,True,False,0.0
315,abrupt,severity,prism,24.0,True,True,False,0.0
316,abrupt,severity,severity_only,24.0,True,True,False,0.0
316,abrupt,severity,external_only,24.0,True,True,False,0.0
316,abrupt,severity,internal_only,24.0,True,True,False,0.0
316,abrupt,severity,prism,24.0,True,True,False,0.0
317,abrupt,severity,severity_only,24.0,True,True,False,0.0
317,abrupt,severity,external_only,24.0,True,True,False,0.0
317,abrupt,severity,internal_only,24.0,True,True,False,0.0
317,abrupt,severity,prism,24.0,True,True,False,0.0
318,abrupt,severity,severity_only,24.0,True,True,False,0.0
318,abrupt,severity,external_only,24.0,True,True,False,0.0
318,abrupt,severity,internal_only,24.0,True,True,False,0.0
318,abrupt,severity,prism,24.0,True,True,False,0.0
319,abrupt,severity,severity_only,24.0,True,True,False,0.0
319,abrupt,severity,external_only,24.0,True,True,False,0.0
319,abrupt,severity,internal_only,24.0,True,True,False,0.0
319,abrupt,severity,prism,24.0,True,True,False,0.0
320,abrupt,severity,severity_only,24.0,True,True,False,0.0
320,abrupt,severity,external_only,24.0,True,True,False,0.0
320,abrupt,severity,internal_only,24.0,True,True,False,0.0
320,abrupt,severity,prism,24.0,True,True,False,0.0
321,abrupt,severity,severity_only,24.0,True,True,False,0.0
321,abrupt,severity,external_only,24.0,True,True,False,0.0
321,abrupt,severity,internal_only,24.0,True,True,False,0.0
321,abrupt,severity,prism,20.0,False,False,True,
322,abrupt,severity,severity_only,22.0,True,True,False,2.0
322,abrupt,severity,external_only,22.0,True,True,False,2.0
322,abrupt,severity,internal_only,22.0,True,True,False,2.0
322,abrupt,severity,prism,22.0,True,True,False,2.0
323,abrupt,severity,severity_only,24.0,True,True,False,0.0
323,abrupt,severity,external_only,24.0,True,True,False,0.0
323,abrupt,severity,internal_only,24.0,True,True,False,0.0
323,abrupt,severity,prism,24.0,True,True,False,0.0
324,abrupt,severity,severity_only,24.0,True,True,False,0.0
324,abrupt,severity,external_only,24.0,True,True,False,0.0
324,abrupt,severity,internal_only,24.0,True,True,False,0.0
324,abrupt,severity,prism,24.0,True,True,False,0.0
325,abrupt,severity,severity_only,24.0,True,True,False,0.0
325,abrupt,severity,external_only,24.0,True,True,False,0.0
325,abrupt,severity,internal_only,24.0,True,True,False,0.0
325,abrupt,severity,prism,24.0,True,True,False,0.0
326,abrupt,severity,severity_only,24.0,True,True,False,0.0
326,abrupt,severity,external_only,24.0,True,True,False,0.0
326,abrupt,severity,internal_only,24.0,True,True,False,0.0
326,abrupt,severity,prism,24.0,True,True,False,0.0
327,abrupt,severity,severity_only,24.0,True,True,False,0.0
327,abrupt,severity,external_only,24.0,True,True,False,0.0
327,abrupt,severity,internal_only,24.0,True,True,False,0.0
327,abrupt,severity,prism,24.0,True,True,False,0.0
328,abrupt,severity,severity_only,24.0,True,True,False,0.0
328,abrupt,severity,external_only,20.0,False,False,True,
328,abrupt,severity,internal_only,24.0,True,True,False,0.0
328,abrupt,severity,prism,20.0,False,False,True,
329,abrupt,severity,severity_only,24.0,True,True,False,0.0
329,abrupt,severity,external_only,24.0,True,True,False,0.0
329,abrupt,severity,internal_only,24.0,True,True,False,0.0
329,abrupt,severity,prism,24.0,True,True,False,0.0
330,abrupt,severity,severity_only,24.0,True,True,False,0.0
330,abrupt,severity,external_only,24.0,True,True,False,0.0
330,abrupt,severity,internal_only,24.0,True,True,False,0.0
330,abrupt,severity,prism,24.0,True,True,False,0.0
331,abrupt,severity,severity_only,24.0,True,True,False,0.0
331,abrupt,severity,external_only,24.0,True,True,False,0.0
331,abrupt,severity,internal_only,24.0,True,True,False,0.0
331,abrupt,severity,prism,24.0,True,True,False,0.0
332,abrupt,severity,severity_only,24.0,True,True,False,0.0
332,abrupt,severity,external_only,24.0,True,True,False,0.0
332,abrupt,severity,internal_only,24.0,True,True,False,0.0
332,abrupt,severity,prism,24.0,True,True,False,0.0
333,abrupt,severity,severity_only,10.0,False,False,True,
333,abrupt,severity,external_only,10.0,False,False,True,
333,abrupt,severity,internal_only,10.0,False,False,True,
333,abrupt,severity,prism,10.0,False,False,True,
334,abrupt,severity,severity_only,24.0,True,True,False,0.0
334,abrupt,severity,external_only,24.0,True,True,False,0.0
334,abrupt,severity,internal_only,24.0,True,True,False,0.0
334,abrupt,severity,prism,24.0,True,True,False,0.0
335,abrupt,severity,severity_only,24.0,True,True,False,0.0
335,abrupt,severity,external_only,24.0,True,True,False,0.0
335,abrupt,severity,internal_only,24.0,True,True,False,0.0
335,abrupt,severity,prism,24.0,True,True,False,0.0
336,abrupt,severity,severity_only,24.0,True,True,False,0.0
336,abrupt,severity,external_only,23.0,True,True,False,1.0
336,abrupt,severity,internal_only,24.0,True,True,False,0.0
336,abrupt,severity,prism,23.0,True,True,False,1.0
337,abrupt,severity,severity_only,24.0,True,True,False,0.0
337,abrupt,severity,external_only,24.0,True,True,False,0.0
337,abrupt,severity,internal_only,24.0,True,True,False,0.0
337,abrupt,severity,prism,24.0,True,True,False,0.0
338,abrupt,severity,severity_only,24.0,True,True,False,0.0
338,abrupt,severity,external_only,24.0,True,True,False,0.0
338,abrupt,severity,internal_only,24.0,True,True,False,0.0
338,abrupt,severity,prism,24.0,True,True,False,0.0
339,abrupt,severity,severity_only,24.0,True,True,False,0.0
339,abrupt,severity,external_only,24.0,True,True,False,0.0
339,abrupt,severity,internal_only,24.0,True,True,False,0.0
339,abrupt,severity,prism,24.0,True,True,False,0.0
340,abrupt,severity,severity_only,24.0,True,True,False,0.0
340,abrupt,severity,external_only,24.0,True,True,False,0.0
340,abrupt,severity,internal_only,24.0,True,True,False,0.0
340,abrupt,severity,prism,24.0,True,True,False,0.0
341,abrupt,severity,severity_only,24.0,True,True,False,0.0
341,abrupt,severity,external_only,24.0,True,True,False,0.0
341,abrupt,severity,internal_only,24.0,True,True,False,0.0
341,abrupt,severity,prism,24.0,True,True,False,0.0
342,abrupt,severity,severity_only,24.0,True,True,False,0.0
342,abrupt,severity,external_only,24.0,True,True,False,0.0
342,abrupt,severity,internal_only,24.0,True,True,False,0.0
342,abrupt,severity,prism,24.0,True,True,False,0.0
343,abrupt,severity,severity_only,24.0,True,True,False,0.0
343,abrupt,severity,external_only,24.0,True,True,False,0.0
343,abrupt,severity,internal_only,24.0,True,True,False,0.0
343,abrupt,severity,prism,24.0,True,True,False,0.0
344,abrupt,severity,severity_only,24.0,True,True,False,0.0
344,abrupt,severity,external_only,24.0,True,True,False,0.0
344,abrupt,severity,internal_only,,False,False,False,
344,abrupt,severity,prism,24.0,True,True,False,0.0
345,abrupt,severity,severity_only,24.0,True,True,False,0.0
345,abrupt,severity,external_only,24.0,True,True,False,0.0
345,abrupt,severity,internal_only,24.0,True,True,False,0.0
345,abrupt,severity,prism,24.0,True,True,False,0.0
346,abrupt,severity,severity_only,24.0,True,True,False,0.0
346,abrupt,severity,external_only,24.0,True,True,False,0.0
346,abrupt,severity,internal_only,24.0,True,True,False,0.0
346,abrupt,severity,prism,24.0,True,True,False,0.0
347,abrupt,severity,severity_only,24.0,True,True,False,0.0
347,abrupt,severity,external_only,24.0,True,True,False,0.0
347,abrupt,severity,internal_only,24.0,True,True,False,0.0
347,abrupt,severity,prism,24.0,True,True,False,0.0
348,abrupt,severity,severity_only,24.0,True,True,False,0.0
348,abrupt,severity,external_only,24.0,True,True,False,0.0
348,abrupt,severity,internal_only,24.0,True,True,False,0.0
348,abrupt,severity,prism,24.0,True,True,False,0.0
349,abrupt,severity,severity_only,24.0,True,True,False,0.0
349,abrupt,severity,external_only,24.0,True,True,False,0.0
349,abrupt,severity,internal_only,24.0,True,True,False,0.0
349,abrupt,severity,prism,24.0,True,True,False,0.0
350,abrupt,severity,severity_only,24.0,True,True,False,0.0
350,abrupt,severity,external_only,24.0,True,True,False,0.0
350,abrupt,severity,internal_only,24.0,True,True,False,0.0
350,abrupt,severity,prism,24.0,True,True,False,0.0
351,abrupt,severity,severity_only,24.0,True,True,False,0.0
351,abrupt,severity,external_only,24.0,True,True,False,0.0
351,abrupt,severity,internal_only,24.0,True,True,False,0.0
351,abrupt,severity,prism,24.0,True,True,False,0.0
352,abrupt,severity,severity_only,24.0,True,True,False,0.0
352,abrupt,severity,external_only,24.0,True,True,False,0.0
352,abrupt,severity,internal_only,24.0,True,True,False,0.0
352,abrupt,severity,prism,24.0,True,True,False,0.0
353,abrupt,severity,severity_only,24.0,True,True,False,0.0
353,abrupt,severity,external_only,24.0,True,True,False,0.0
353,abrupt,severity,internal_only,24.0,True,True,False,0.0
353,abrupt,severity,prism,24.0,True,True,False,0.0
354,abrupt,severity,severity_only,24.0,True,True,False,0.0
354,abrupt,severity,external_only,24.0,True,True,False,0.0
354,abrupt,severity,internal_only,24.0,True,True,False,0.0
354,abrupt,severity,prism,24.0,True,True,False,0.0
355,abrupt,severity,severity_only,24.0,True,True,False,0.0
355,abrupt,severity,external_only,24.0,True,True,False,0.0
355,abrupt,severity,internal_only,24.0,True,True,False,0.0
355,abrupt,severity,prism,24.0,True,True,False,0.0
356,abrupt,severity,severity_only,24.0,True,True,False,0.0
356,abrupt,severity,external_only,24.0,True,True,False,0.0
356,abrupt,severity,internal_only,24.0,True,True,False,0.0
356,abrupt,severity,prism,24.0,True,True,False,0.0
357,abrupt,severity,severity_only,24.0,True,True,False,0.0
357,abrupt,severity,external_only,24.0,True,True,False,0.0
357,abrupt,severity,internal_only,24.0,True,True,False,0.0
357,abrupt,severity,prism,24.0,True,True,False,0.0
358,abrupt,severity,severity_only,24.0,True,True,False,0.0
358,abrupt,severity,external_only,24.0,True,True,False,0.0
358,abrupt,severity,internal_only,24.0,True,True,False,0.0
358,abrupt,severity,prism,24.0,True,True,False,0.0
359,abrupt,severity,severity_only,24.0,True,True,False,0.0
359,abrupt,severity,external_only,24.0,True,True,False,0.0
359,abrupt,severity,internal_only,24.0,True,True,False,0.0
359,abrupt,severity,prism,24.0,True,True,False,0.0
360,abrupt,severity,severity_only,24.0,True,True,False,0.0
360,abrupt,severity,external_only,24.0,True,True,False,0.0
360,abrupt,severity,internal_only,24.0,True,True,False,0.0
360,abrupt,severity,prism,24.0,True,True,False,0.0
361,abrupt,severity,severity_only,24.0,True,True,False,0.0
361,abrupt,severity,external_only,24.0,True,True,False,0.0
361,abrupt,severity,internal_only,24.0,True,True,False,0.0
361,abrupt,severity,prism,24.0,True,True,False,0.0
362,abrupt,severity,severity_only,24.0,True,True,False,0.0
362,abrupt,severity,external_only,24.0,True,True,False,0.0
362,abrupt,severity,internal_only,24.0,True,True,False,0.0
362,abrupt,severity,prism,24.0,True,True,False,0.0
363,abrupt,severity,severity_only,24.0,True,True,False,0.0
363,abrupt,severity,external_only,24.0,True,True,False,0.0
363,abrupt,severity,internal_only,24.0,True,True,False,0.0
363,abrupt,severity,prism,24.0,True,True,False,0.0
364,abrupt,severity,severity_only,24.0,True,True,False,0.0
364,abrupt,severity,external_only,24.0,True,True,False,0.0
364,abrupt,severity,internal_only,24.0,True,True,False,0.0
364,abrupt,severity,prism,24.0,True,True,False,0.0
365,abrupt,severity,severity_only,24.0,True,True,False,0.0
365,abrupt,severity,external_only,24.0,True,True,False,0.0
365,abrupt,severity,internal_only,24.0,True,True,False,0.0
365,abrupt,severity,prism,24.0,True,True,False,0.0
366,abrupt,severity,severity_only,24.0,True,True,False,0.0
366,abrupt,severity,external_only,24.0,True,True,False,0.0
366,abrupt,severity,internal_only,24.0,True,True,False,0.0
366,abrupt,severity,prism,24.0,True,True,False,0.0
367,abrupt,severity,severity_only,24.0,True,True,False,0.0
367,abrupt,severity,external_only,24.0,True,True,False,0.0
367,abrupt,severity,internal_only,24.0,True,True,False,0.0
367,abrupt,severity,prism,24.0,True,True,False,0.0
368,abrupt,severity,severity_only,24.0,True,True,False,0.0
368,abrupt,severity,external_only,24.0,True,True,False,0.0
368,abrupt,severity,internal_only,24.0,True,True,False,0.0
368,abrupt,severity,prism,24.0,True,True,False,0.0
369,abrupt,severity,severity_only,24.0,True,True,False,0.0
369,abrupt,severity,external_only,24.0,True,True,False,0.0
369,abrupt,severity,internal_only,24.0,True,True,False,0.0
369,abrupt,severity,prism,24.0,True,True,False,0.0
370,abrupt,severity,severity_only,24.0,True,True,False,0.0
370,abrupt,severity,external_only,24.0,True,True,False,0.0
370,abrupt,severity,internal_only,24.0,True,True,False,0.0
370,abrupt,severity,prism,24.0,True,True,False,0.0
371,abrupt,severity,severity_only,24.0,True,True,False,0.0
371,abrupt,severity,external_only,24.0,True,True,False,0.0
371,abrupt,severity,internal_only,24.0,True,True,False,0.0
371,abrupt,severity,prism,24.0,True,True,False,0.0
372,abrupt,severity,severity_only,24.0,True,True,False,0.0
372,abrupt,severity,external_only,22.0,True,True,False,2.0
372,abrupt,severity,internal_only,24.0,True,True,False,0.0
372,abrupt,severity,prism,24.0,True,True,False,0.0
373,abrupt,severity,severity_only,24.0,True,True,False,0.0
373,abrupt,severity,external_only,24.0,True,True,False,0.0
373,abrupt,severity,internal_only,24.0,True,True,False,0.0
373,abrupt,severity,prism,24.0,True,True,False,0.0
374,abrupt,severity,severity_only,24.0,True,True,False,0.0
374,abrupt,severity,external_only,24.0,True,True,False,0.0
374,abrupt,severity,internal_only,24.0,True,True,False,0.0
374,abrupt,severity,prism,24.0,True,True,False,0.0
375,abrupt,severity,severity_only,24.0,True,True,False,0.0
375,abrupt,severity,external_only,24.0,True,True,False,0.0
375,abrupt,severity,internal_only,24.0,True,True,False,0.0
375,abrupt,severity,prism,24.0,True,True,False,0.0
376,abrupt,severity,severity_only,24.0,True,True,False,0.0
376,abrupt,severity,external_only,24.0,True,True,False,0.0
376,abrupt,severity,internal_only,24.0,True,True,False,0.0
376,abrupt,severity,prism,21.0,False,False,False,
377,abrupt,severity,severity_only,24.0,True,True,False,0.0
377,abrupt,severity,external_only,24.0,True,True,False,0.0
377,abrupt,severity,internal_only,24.0,True,True,False,0.0
377,abrupt,severity,prism,24.0,True,True,False,0.0
378,abrupt,severity,severity_only,24.0,True,True,False,0.0
378,abrupt,severity,external_only,24.0,True,True,False,0.0
378,abrupt,severity,internal_only,24.0,True,True,False,0.0
378,abrupt,severity,prism,24.0,True,True,False,0.0
379,abrupt,severity,severity_only,24.0,True,True,False,0.0
379,abrupt,severity,external_only,24.0,True,True,False,0.0
379,abrupt,severity,internal_only,24.0,True,True,False,0.0
379,abrupt,severity,prism,24.0,True,True,False,0.0
380,abrupt,severity,severity_only,24.0,True,True,False,0.0
380,abrupt,severity,external_only,24.0,True,True,False,0.0
380,abrupt,severity,internal_only,24.0,True,True,False,0.0
380,abrupt,severity,prism,24.0,True,True,False,0.0
381,abrupt,severity,severity_only,24.0,True,True,False,0.0
381,abrupt,severity,external_only,24.0,True,True,False,0.0
381,abrupt,severity,internal_only,24.0,True,True,False,0.0
381,abrupt,severity,prism,24.0,True,True,False,0.0
382,abrupt,severity,severity_only,24.0,True,True,False,0.0
382,abrupt,severity,external_only,15.0,False,False,True,
382,abrupt,severity,internal_only,24.0,True,True,False,0.0
382,abrupt,severity,prism,15.0,False,False,True,
383,abrupt,severity,severity_only,24.0,True,True,False,0.0
383,abrupt,severity,external_only,24.0,True,True,False,0.0
383,abrupt,severity,internal_only,24.0,True,True,False,0.0
383,abrupt,severity,prism,24.0,True,True,False,0.0
384,abrupt,severity,severity_only,24.0,True,True,False,0.0
384,abrupt,severity,external_only,24.0,True,True,False,0.0
384,abrupt,severity,internal_only,24.0,True,True,False,0.0
384,abrupt,severity,prism,24.0,True,True,False,0.0
385,abrupt,severity,severity_only,24.0,True,True,False,0.0
385,abrupt,severity,external_only,24.0,True,True,False,0.0
385,abrupt,severity,internal_only,24.0,True,True,False,0.0
385,abrupt,severity,prism,24.0,True,True,False,0.0
386,abrupt,severity,severity_only,24.0,True,True,False,0.0
386,abrupt,severity,external_only,24.0,True,True,False,0.0
386,abrupt,severity,internal_only,24.0,True,True,False,0.0
386,abrupt,severity,prism,24.0,True,True,False,0.0
387,abrupt,severity,severity_only,24.0,True,True,False,0.0
387,abrupt,severity,external_only,24.0,True,True,False,0.0
387,abrupt,severity,internal_only,24.0,True,True,False,0.0
387,abrupt,severity,prism,24.0,True,True,False,0.0
388,abrupt,severity,severity_only,24.0,True,True,False,0.0
388,abrupt,severity,external_only,24.0,True,True,False,0.0
388,abrupt,severity,internal_only,24.0,True,True,False,0.0
388,abrupt,severity,prism,24.0,True,True,False,0.0
389,abrupt,severity,severity_only,24.0,True,True,False,0.0
389,abrupt,severity,external_only,24.0,True,True,False,0.0
389,abrupt,severity,internal_only,24.0,True,True,False,0.0
389,abrupt,severity,prism,24.0,True,True,False,0.0
390,abrupt,severity,severity_only,24.0,True,True,False,0.0
390,abrupt,severity,external_only,24.0,True,True,False,0.0
390,abrupt,severity,internal_only,24.0,True,True,False,0.0
390,abrupt,severity,prism,24.0,True,True,False,0.0
391,abrupt,severity,severity_only,24.0,True,True,False,0.0
391,abrupt,severity,external_only,24.0,True,True,False,0.0
391,abrupt,severity,internal_only,24.0,True,True,False,0.0
391,abrupt,severity,prism,24.0,True,True,False,0.0
392,abrupt,severity,severity_only,24.0,True,True,False,0.0
392,abrupt,severity,external_only,24.0,True,True,False,0.0
392,abrupt,severity,internal_only,24.0,True,True,False,0.0
392,abrupt,severity,prism,24.0,True,True,False,0.0
393,abrupt,severity,severity_only,24.0,True,True,False,0.0
393,abrupt,severity,external_only,24.0,True,True,False,0.0
393,abrupt,severity,internal_only,24.0,True,True,False,0.0
393,abrupt,severity,prism,24.0,True,True,False,0.0
394,abrupt,severity,severity_only,24.0,True,True,False,0.0
394,abrupt,severity,external_only,24.0,True,True,False,0.0
394,abrupt,severity,internal_only,24.0,True,True,False,0.0
394,abrupt,severity,prism,24.0,True,True,False,0.0
395,abrupt,severity,severity_only,24.0,True,True,False,0.0
395,abrupt,severity,external_only,24.0,True,True,False,0.0
395,abrupt,severity,internal_only,24.0,True,True,False,0.0
395,abrupt,severity,prism,24.0,True,True,False,0.0
396,abrupt,severity,severity_only,24.0,True,True,False,0.0
396,abrupt,severity,external_only,24.0,True,True,False,0.0
396,abrupt,severity,internal_only,24.0,True,True,False,0.0
396,abrupt,severity,prism,24.0,True,True,False,0.0
397,abrupt,severity,severity_only,24.0,True,True,False,0.0
397,abrupt,severity,external_only,24.0,True,True,False,0.0
397,abrupt,severity,internal_only,24.0,True,True,False,0.0
397,abrupt,severity,prism,24.0,True,True,False,0.0
398,abrupt,severity,severity_only,24.0,True,True,False,0.0
398,abrupt,severity,external_only,24.0,True,True,False,0.0
398,abrupt,severity,internal_only,24.0,True,True,False,0.0
398,abrupt,severity,prism,24.0,True,True,False,0.0
399,abrupt,severity,severity_only,24.0,True,True,False,0.0
399,abrupt,severity,external_only,17.0,False,False,True,
399,abrupt,severity,internal_only,24.0,True,True,False,0.0
399,abrupt,severity,prism,17.0,False,False,True,
400,abrupt,severity,severity_only,24.0,True,True,False,0.0
400,abrupt,severity,external_only,24.0,True,True,False,0.0
400,abrupt,severity,internal_only,24.0,True,True,False,0.0
400,abrupt,severity,prism,24.0,True,True,False,0.0
401,abrupt,severity,severity_only,24.0,True,True,False,0.0
401,abrupt,severity,external_only,24.0,True,True,False,0.0
401,abrupt,severity,internal_only,24.0,True,True,False,0.0
401,abrupt,severity,prism,24.0,True,True,False,0.0
402,abrupt,severity,severity_only,24.0,True,True,False,0.0
402,abrupt,severity,external_only,24.0,True,True,False,0.0
402,abrupt,severity,internal_only,24.0,True,True,False,0.0
402,abrupt,severity,prism,24.0,True,True,False,0.0
403,abrupt,severity,severity_only,24.0,True,True,False,0.0
403,abrupt,severity,external_only,24.0,True,True,False,0.0
403,abrupt,severity,internal_only,24.0,True,True,False,0.0
403,abrupt,severity,prism,24.0,True,True,False,0.0
404,abrupt,severity,severity_only,24.0,True,True,False,0.0
404,abrupt,severity,external_only,24.0,True,True,False,0.0
404,abrupt,severity,internal_only,24.0,True,True,False,0.0
404,abrupt,severity,prism,24.0,True,True,False,0.0
405,abrupt,severity,severity_only,24.0,True,True,False,0.0
405,abrupt,severity,external_only,24.0,True,True,False,0.0
405,abrupt,severity,internal_only,24.0,True,True,False,0.0
405,abrupt,severity,prism,24.0,True,True,False,0.0
406,abrupt,severity,severity_only,24.0,True,True,False,0.0
406,abrupt,severity,external_only,24.0,True,True,False,0.0
406,abrupt,severity,internal_only,24.0,True,True,False,0.0
406,abrupt,severity,prism,24.0,True,True,False,0.0
407,abrupt,severity,severity_only,24.0,True,True,False,0.0
407,abrupt,severity,external_only,24.0,True,True,False,0.0
407,abrupt,severity,internal_only,24.0,True,True,False,0.0
407,abrupt,severity,prism,24.0,True,True,False,0.0
408,abrupt,severity,severity_only,24.0,True,True,False,0.0
408,abrupt,severity,external_only,24.0,True,True,False,0.0
408,abrupt,severity,internal_only,24.0,True,True,False,0.0
408,abrupt,severity,prism,24.0,True,True,False,0.0
409,abrupt,severity,severity_only,24.0,True,True,False,0.0
409,abrupt,severity,external_only,24.0,True,True,False,0.0
409,abrupt,severity,internal_only,24.0,True,True,False,0.0
409,abrupt,severity,prism,24.0,True,True,False,0.0
410,abrupt,severity,severity_only,24.0,True,True,False,0.0
410,abrupt,severity,external_only,24.0,True,True,False,0.0
410,abrupt,severity,internal_only,24.0,True,True,False,0.0
410,abrupt,severity,prism,24.0,True,True,False,0.0
411,abrupt,severity,severity_only,24.0,True,True,False,0.0
411,abrupt,severity,external_only,24.0,True,True,False,0.0
411,abrupt,severity,internal_only,24.0,True,True,False,0.0
411,abrupt,severity,prism,24.0,True,True,False,0.0
412,abrupt,severity,severity_only,24.0,True,True,False,0.0
412,abrupt,severity,external_only,24.0,True,True,False,0.0
412,abrupt,severity,internal_only,24.0,True,True,False,0.0
412,abrupt,severity,prism,23.0,True,True,False,1.0
413,abrupt,severity,severity_only,24.0,True,True,False,0.0
413,abrupt,severity,external_only,24.0,True,True,False,0.0
413,abrupt,severity,internal_only,25.0,True,False,False,-1.0
413,abrupt,severity,prism,24.0,True,True,False,0.0
414,abrupt,severity,severity_only,24.0,True,True,False,0.0
414,abrupt,severity,external_only,24.0,True,True,False,0.0
414,abrupt,severity,internal_only,24.0,True,True,False,0.0
414,abrupt,severity,prism,24.0,True,True,False,0.0
415,abrupt,severity,severity_only,24.0,True,True,False,0.0
415,abrupt,severity,external_only,24.0,True,True,False,0.0
415,abrupt,severity,internal_only,24.0,True,True,False,0.0
415,abrupt,severity,prism,24.0,True,True,False,0.0
416,abrupt,severity,severity_only,24.0,True,True,False,0.0
416,abrupt,severity,external_only,24.0,True,True,False,0.0
416,abrupt,severity,internal_only,24.0,True,True,False,0.0
416,abrupt,severity,prism,24.0,True,True,False,0.0
417,abrupt,severity,severity_only,24.0,True,True,False,0.0
417,abrupt,severity,external_only,24.0,True,True,False,0.0
417,abrupt,severity,internal_only,24.0,True,True,False,0.0
417,abrupt,severity,prism,24.0,True,True,False,0.0
418,abrupt,severity,severity_only,24.0,True,True,False,0.0
418,abrupt,severity,external_only,24.0,True,True,False,0.0
418,abrupt,severity,internal_only,24.0,True,True,False,0.0
418,abrupt,severity,prism,24.0,True,True,False,0.0
419,abrupt,severity,severity_only,24.0,True,True,False,0.0
419,abrupt,severity,external_only,24.0,True,True,False,0.0
419,abrupt,severity,internal_only,24.0,True,True,False,0.0
419,abrupt,severity,prism,24.0,True,True,False,0.0
420,abrupt,severity,severity_only,24.0,True,True,False,0.0
420,abrupt,severity,external_only,24.0,True,True,False,0.0
420,abrupt,severity,internal_only,24.0,True,True,False,0.0
420,abrupt,severity,prism,24.0,True,True,False,0.0
421,abrupt,severity,severity_only,24.0,True,True,False,0.0
421,abrupt,severity,external_only,24.0,True,True,False,0.0
421,abrupt,severity,internal_only,24.0,True,True,False,0.0
421,abrupt,severity,prism,24.0,True,True,False,0.0
422,abrupt,severity,severity_only,24.0,True,True,False,0.0
422,abrupt,severity,external_only,9.0,False,False,True,
422,abrupt,severity,internal_only,24.0,True,True,False,0.0
422,abrupt,severity,prism,9.0,False,False,True,
423,abrupt,severity,severity_only,24.0,True,True,False,0.0
423,abrupt,severity,external_only,24.0,True,True,False,0.0
423,abrupt,severity,internal_only,24.0,True,True,False,0.0
423,abrupt,severity,prism,24.0,True,True,False,0.0
424,abrupt,severity,severity_only,24.0,True,True,False,0.0
424,abrupt,severity,external_only,24.0,True,True,False,0.0
424,abrupt,severity,internal_only,24.0,True,True,False,0.0
424,abrupt,severity,prism,24.0,True,True,False,0.0
425,abrupt,severity,severity_only,24.0,True,True,False,0.0
425,abrupt,severity,external_only,5.0,False,False,True,
425,abrupt,severity,internal_only,24.0,True,True,False,0.0
425,abrupt,severity,prism,5.0,False,False,True,
426,abrupt,severity,severity_only,10.0,False,False,True,
426,abrupt,severity,external_only,10.0,False,False,True,
426,abrupt,severity,internal_only,10.0,False,False,True,
426,abrupt,severity,prism,10.0,False,False,True,
427,abrupt,severity,severity_only,24.0,True,True,False,0.0
427,abrupt,severity,external_only,24.0,True,True,False,0.0
427,abrupt,severity,internal_only,24.0,True,True,False,0.0
427,abrupt,severity,prism,24.0,True,True,False,0.0
428,abrupt,severity,severity_only,24.0,True,True,False,0.0
428,abrupt,severity,external_only,24.0,True,True,False,0.0
428,abrupt,severity,internal_only,24.0,True,True,False,0.0
428,abrupt,severity,prism,24.0,True,True,False,0.0
429,abrupt,severity,severity_only,24.0,True,True,False,0.0
429,abrupt,severity,external_only,24.0,True,True,False,0.0
429,abrupt,severity,internal_only,24.0,True,True,False,0.0
429,abrupt,severity,prism,24.0,True,True,False,0.0
430,abrupt,severity,severity_only,24.0,True,True,False,0.0
430,abrupt,severity,external_only,24.0,True,True,False,0.0
430,abrupt,severity,internal_only,24.0,True,True,False,0.0
430,abrupt,severity,prism,24.0,True,True,False,0.0
431,abrupt,severity,severity_only,24.0,True,True,False,0.0
431,abrupt,severity,external_only,24.0,True,True,False,0.0
431,abrupt,severity,internal_only,24.0,True,True,False,0.0
431,abrupt,severity,prism,24.0,True,True,False,0.0
432,abrupt,severity,severity_only,24.0,True,True,False,0.0
432,abrupt,severity,external_only,24.0,True,True,False,0.0
432,abrupt,severity,internal_only,24.0,True,True,False,0.0
432,abrupt,severity,prism,24.0,True,True,False,0.0
433,abrupt,severity,severity_only,24.0,True,True,False,0.0
433,abrupt,severity,external_only,24.0,True,True,False,0.0
433,abrupt,severity,internal_only,24.0,True,True,False,0.0
433,abrupt,severity,prism,24.0,True,True,False,0.0
434,abrupt,severity,severity_only,24.0,True,True,False,0.0
434,abrupt,severity,external_only,24.0,True,True,False,0.0
434,abrupt,severity,internal_only,24.0,True,True,False,0.0
434,abrupt,severity,prism,24.0,True,True,False,0.0
435,abrupt,severity,severity_only,24.0,True,True,False,0.0
435,abrupt,severity,external_only,24.0,True,True,False,0.0
435,abrupt,severity,internal_only,24.0,True,True,False,0.0
435,abrupt,severity,prism,24.0,True,True,False,0.0
436,abrupt,severity,severity_only,24.0,True,True,False,0.0
436,abrupt,severity,external_only,24.0,True,True,False,0.0
436,abrupt,severity,internal_only,24.0,True,True,False,0.0
436,abrupt,severity,prism,24.0,True,True,False,0.0
437,abrupt,severity,severity_only,24.0,True,True,False,0.0
437,abrupt,severity,external_only,24.0,True,True,False,0.0
437,abrupt,severity,internal_only,24.0,True,True,False,0.0
437,abrupt,severity,prism,24.0,True,True,False,0.0
438,abrupt,severity,severity_only,24.0,True,True,False,0.0
438,abrupt,severity,external_only,24.0,True,True,False,0.0
438,abrupt,severity,internal_only,24.0,True,True,False,0.0
438,abrupt,severity,prism,24.0,True,True,False,0.0
439,abrupt,severity,severity_only,24.0,True,True,False,0.0
439,abrupt,severity,external_only,24.0,True,True,False,0.0
439,abrupt,severity,internal_only,24.0,True,True,False,0.0
439,abrupt,severity,prism,24.0,True,True,False,0.0
440,abrupt,severity,severity_only,24.0,True,True,False,0.0
440,abrupt,severity,external_only,24.0,True,True,False,0.0
440,abrupt,severity,internal_only,24.0,True,True,False,0.0
440,abrupt,severity,prism,24.0,True,True,False,0.0
441,abrupt,severity,severity_only,24.0,True,True,False,0.0
441,abrupt,severity,external_only,24.0,True,True,False,0.0
441,abrupt,severity,internal_only,24.0,True,True,False,0.0
441,abrupt,severity,prism,24.0,True,True,False,0.0
442,abrupt,severity,severity_only,24.0,True,True,False,0.0
442,abrupt,severity,external_only,15.0,False,False,True,
442,abrupt,severity,internal_only,24.0,True,True,False,0.0
442,abrupt,severity,prism,15.0,False,False,True,
443,abrupt,severity,severity_only,24.0,True,True,False,0.0
443,abrupt,severity,external_only,24.0,True,True,False,0.0
443,abrupt,severity,internal_only,24.0,True,True,False,0.0
443,abrupt,severity,prism,24.0,True,True,False,0.0
444,abrupt,severity,severity_only,24.0,True,True,False,0.0
444,abrupt,severity,external_only,24.0,True,True,False,0.0
444,abrupt,severity,internal_only,24.0,True,True,False,0.0
444,abrupt,severity,prism,24.0,True,True,False,0.0
445,abrupt,severity,severity_only,24.0,True,True,False,0.0
445,abrupt,severity,external_only,24.0,True,True,False,0.0
445,abrupt,severity,internal_only,24.0,True,True,False,0.0
445,abrupt,severity,prism,24.0,True,True,False,0.0
446,abrupt,severity,severity_only,24.0,True,True,False,0.0
446,abrupt,severity,external_only,24.0,True,True,False,0.0
446,abrupt,severity,internal_only,24.0,True,True,False,0.0
446,abrupt,severity,prism,21.0,False,False,False,
447,abrupt,severity,severity_only,24.0,True,True,False,0.0
447,abrupt,severity,external_only,24.0,True,True,False,0.0
447,abrupt,severity,internal_only,24.0,True,True,False,0.0
447,abrupt,severity,prism,23.0,True,True,False,1.0
448,abrupt,severity,severity_only,24.0,True,True,False,0.0
448,abrupt,severity,external_only,24.0,True,True,False,0.0
448,abrupt,severity,internal_only,24.0,True,True,False,0.0
448,abrupt,severity,prism,24.0,True,True,False,0.0
449,abrupt,severity,severity_only,24.0,True,True,False,0.0
449,abrupt,severity,external_only,24.0,True,True,False,0.0
449,abrupt,severity,internal_only,24.0,True,True,False,0.0
449,abrupt,severity,prism,24.0,True,True,False,0.0
450,abrupt,severity,severity_only,24.0,True,True,False,0.0
450,abrupt,severity,external_only,24.0,True,True,False,0.0
450,abrupt,severity,internal_only,24.0,True,True,False,0.0
450,abrupt,severity,prism,24.0,True,True,False,0.0
451,abrupt,severity,severity_only,24.0,True,True,False,0.0
451,abrupt,severity,external_only,24.0,True,True,False,0.0
451,abrupt,severity,internal_only,24.0,True,True,False,0.0
451,abrupt,severity,prism,24.0,True,True,False,0.0
452,abrupt,severity,severity_only,24.0,True,True,False,0.0
452,abrupt,severity,external_only,24.0,True,True,False,0.0
452,abrupt,severity,internal_only,24.0,True,True,False,0.0
452,abrupt,severity,prism,24.0,True,True,False,0.0
453,abrupt,severity,severity_only,24.0,True,True,False,0.0
453,abrupt,severity,external_only,24.0,True,True,False,0.0
453,abrupt,severity,internal_only,24.0,True,True,False,0.0
453,abrupt,severity,prism,24.0,True,True,False,0.0
454,abrupt,severity,severity_only,24.0,True,True,False,0.0
454,abrupt,severity,external_only,24.0,True,True,False,0.0
454,abrupt,severity,internal_only,24.0,True,True,False,0.0
454,abrupt,severity,prism,19.0,False,False,True,
455,abrupt,severity,severity_only,24.0,True,True,False,0.0
455,abrupt,severity,external_only,4.0,False,False,True,
455,abrupt,severity,internal_only,24.0,True,True,False,0.0
455,abrupt,severity,prism,4.0,False,False,True,
456,abrupt,severity,severity_only,24.0,True,True,False,0.0
456,abrupt,severity,external_only,24.0,True,True,False,0.0
456,abrupt,severity,internal_only,24.0,True,True,False,0.0
456,abrupt,severity,prism,23.0,True,True,False,1.0
457,abrupt,severity,severity_only,24.0,True,True,False,0.0
457,abrupt,severity,external_only,24.0,True,True,False,0.0
457,abrupt,severity,internal_only,24.0,True,True,False,0.0
457,abrupt,severity,prism,24.0,True,True,False,0.0
458,abrupt,severity,severity_only,24.0,True,True,False,0.0
458,abrupt,severity,external_only,24.0,True,True,False,0.0
458,abrupt,severity,internal_only,24.0,True,True,False,0.0
458,abrupt,severity,prism,24.0,True,True,False,0.0
459,abrupt,severity,severity_only,24.0,True,True,False,0.0
459,abrupt,severity,external_only,24.0,True,True,False,0.0
459,abrupt,severity,internal_only,24.0,True,True,False,0.0
459,abrupt,severity,prism,24.0,True,True,False,0.0
460,abrupt,severity,severity_only,24.0,True,True,False,0.0
460,abrupt,severity,external_only,24.0,True,True,False,0.0
460,abrupt,severity,internal_only,24.0,True,True,False,0.0
460,abrupt,severity,prism,24.0,True,True,False,0.0
461,abrupt,severity,severity_only,24.0,True,True,False,0.0
461,abrupt,severity,external_only,13.0,False,False,True,
461,abrupt,severity,internal_only,24.0,True,True,False,0.0
461,abrupt,severity,prism,13.0,False,False,True,
462,abrupt,severity,severity_only,4.0,False,False,True,
462,abrupt,severity,external_only,4.0,False,False,True,
462,abrupt,severity,internal_only,4.0,False,False,True,
462,abrupt,severity,prism,4.0,False,False,True,
463,abrupt,severity,severity_only,24.0,True,True,False,0.0
463,abrupt,severity,external_only,24.0,True,True,False,0.0
463,abrupt,severity,internal_only,24.0,True,True,False,0.0
463,abrupt,severity,prism,24.0,True,True,False,0.0
464,abrupt,severity,severity_only,24.0,True,True,False,0.0
464,abrupt,severity,external_only,24.0,True,True,False,0.0
464,abrupt,severity,internal_only,24.0,True,True,False,0.0
464,abrupt,severity,prism,24.0,True,True,False,0.0
465,abrupt,severity,severity_only,24.0,True,True,False,0.0
465,abrupt,severity,external_only,24.0,True,True,False,0.0
465,abrupt,severity,internal_only,24.0,True,True,False,0.0
465,abrupt,severity,prism,24.0,True,True,False,0.0
466,abrupt,severity,severity_only,24.0,True,True,False,0.0
466,abrupt,severity,external_only,24.0,True,True,False,0.0
466,abrupt,severity,internal_only,24.0,True,True,False,0.0
466,abrupt,severity,prism,24.0,True,True,False,0.0
467,abrupt,severity,severity_only,24.0,True,True,False,0.0
467,abrupt,severity,external_only,24.0,True,True,False,0.0
467,abrupt,severity,internal_only,24.0,True,True,False,0.0
467,abrupt,severity,prism,24.0,True,True,False,0.0
468,abrupt,severity,severity_only,24.0,True,True,False,0.0
468,abrupt,severity,external_only,24.0,True,True,False,0.0
468,abrupt,severity,internal_only,24.0,True,True,False,0.0
468,abrupt,severity,prism,24.0,True,True,False,0.0
469,abrupt,severity,severity_only,24.0,True,True,False,0.0
469,abrupt,severity,external_only,7.0,False,False,True,
469,abrupt,severity,internal_only,24.0,True,True,False,0.0
469,abrupt,severity,prism,7.0,False,False,True,
470,abrupt,severity,severity_only,24.0,True,True,False,0.0
470,abrupt,severity,external_only,24.0,True,True,False,0.0
470,abrupt,severity,internal_only,24.0,True,True,False,0.0
470,abrupt,severity,prism,24.0,True,True,False,0.0
471,abrupt,severity,severity_only,24.0,True,True,False,0.0
471,abrupt,severity,external_only,24.0,True,True,False,0.0
471,abrupt,severity,internal_only,24.0,True,True,False,0.0
471,abrupt,severity,prism,24.0,True,True,False,0.0
472,abrupt,severity,severity_only,24.0,True,True,False,0.0
472,abrupt,severity,external_only,24.0,True,True,False,0.0
472,abrupt,severity,internal_only,24.0,True,True,False,0.0
472,abrupt,severity,prism,24.0,True,True,False,0.0
473,abrupt,severity,severity_only,24.0,True,True,False,0.0
473,abrupt,severity,external_only,24.0,True,True,False,0.0
473,abrupt,severity,internal_only,24.0,True,True,False,0.0
473,abrupt,severity,prism,24.0,True,True,False,0.0
474,abrupt,severity,severity_only,24.0,True,True,False,0.0
474,abrupt,severity,external_only,24.0,True,True,False,0.0
474,abrupt,severity,internal_only,24.0,True,True,False,0.0
474,abrupt,severity,prism,24.0,True,True,False,0.0
475,abrupt,severity,severity_only,24.0,True,True,False,0.0
475,abrupt,severity,external_only,24.0,True,True,False,0.0
475,abrupt,severity,internal_only,24.0,True,True,False,0.0
475,abrupt,severity,prism,24.0,True,True,False,0.0
476,abrupt,severity,severity_only,24.0,True,True,False,0.0
476,abrupt,severity,external_only,24.0,True,True,False,0.0
476,abrupt,severity,internal_only,24.0,True,True,False,0.0
476,abrupt,severity,prism,24.0,True,True,False,0.0
477,abrupt,severity,severity_only,24.0,True,True,False,0.0
477,abrupt,severity,external_only,24.0,True,True,False,0.0
477,abrupt,severity,internal_only,24.0,True,True,False,0.0
477,abrupt,severity,prism,24.0,True,True,False,0.0
478,abrupt,severity,severity_only,24.0,True,True,False,0.0
478,abrupt,severity,external_only,24.0,True,True,False,0.0
478,abrupt,severity,internal_only,24.0,True,True,False,0.0
478,abrupt,severity,prism,23.0,True,True,False,1.0
479,abrupt,severity,severity_only,24.0,True,True,False,0.0
479,abrupt,severity,external_only,24.0,True,True,False,0.0
479,abrupt,severity,internal_only,24.0,True,True,False,0.0
479,abrupt,severity,prism,24.0,True,True,False,0.0
480,abrupt,severity,severity_only,24.0,True,True,False,0.0
480,abrupt,severity,external_only,24.0,True,True,False,0.0
480,abrupt,severity,internal_only,24.0,True,True,False,0.0
480,abrupt,severity,prism,24.0,True,True,False,0.0
481,abrupt,severity,severity_only,24.0,True,True,False,0.0
481,abrupt,severity,external_only,24.0,True,True,False,0.0
481,abrupt,severity,internal_only,24.0,True,True,False,0.0
481,abrupt,severity,prism,24.0,True,True,False,0.0
482,abrupt,severity,severity_only,24.0,True,True,False,0.0
482,abrupt,severity,external_only,24.0,True,True,False,0.0
482,abrupt,severity,internal_only,24.0,True,True,False,0.0
482,abrupt,severity,prism,24.0,True,True,False,0.0
483,abrupt,severity,severity_only,21.0,False,False,False,
483,abrupt,severity,external_only,21.0,False,False,False,
483,abrupt,severity,internal_only,19.0,False,False,True,
483,abrupt,severity,prism,19.0,False,False,True,
484,abrupt,severity,severity_only,10.0,False,False,True,
484,abrupt,severity,external_only,10.0,False,False,True,
484,abrupt,severity,internal_only,10.0,False,False,True,
484,abrupt,severity,prism,10.0,False,False,True,
485,abrupt,severity,severity_only,24.0,True,True,False,0.0
485,abrupt,severity,external_only,24.0,True,True,False,0.0
485,abrupt,severity,internal_only,24.0,True,True,False,0.0
485,abrupt,severity,prism,24.0,True,True,False,0.0
486,abrupt,severity,severity_only,24.0,True,True,False,0.0
486,abrupt,severity,external_only,24.0,True,True,False,0.0
486,abrupt,severity,internal_only,24.0,True,True,False,0.0
486,abrupt,severity,prism,23.0,True,True,False,1.0
487,abrupt,severity,severity_only,24.0,True,True,False,0.0
487,abrupt,severity,external_only,24.0,True,True,False,0.0
487,abrupt,severity,internal_only,24.0,True,True,False,0.0
487,abrupt,severity,prism,24.0,True,True,False,0.0
488,abrupt,severity,severity_only,24.0,True,True,False,0.0
488,abrupt,severity,external_only,24.0,True,True,False,0.0
488,abrupt,severity,internal_only,24.0,True,True,False,0.0
488,abrupt,severity,prism,24.0,True,True,False,0.0
489,abrupt,severity,severity_only,23.0,True,True,False,1.0
489,abrupt,severity,external_only,23.0,True,True,False,1.0
489,abrupt,severity,internal_only,23.0,True,True,False,1.0
489,abrupt,severity,prism,23.0,True,True,False,1.0
490,abrupt,severity,severity_only,24.0,True,True,False,0.0
490,abrupt,severity,external_only,24.0,True,True,False,0.0
490,abrupt,severity,internal_only,24.0,True,True,False,0.0
490,abrupt,severity,prism,24.0,True,True,False,0.0
491,abrupt,severity,severity_only,24.0,True,True,False,0.0
491,abrupt,severity,external_only,24.0,True,True,False,0.0
491,abrupt,severity,internal_only,24.0,True,True,False,0.0
491,abrupt,severity,prism,24.0,True,True,False,0.0
492,abrupt,severity,severity_only,24.0,True,True,False,0.0
492,abrupt,severity,external_only,24.0,True,True,False,0.0
492,abrupt,severity,internal_only,24.0,True,True,False,0.0
492,abrupt,severity,prism,24.0,True,True,False,0.0
493,abrupt,severity,severity_only,24.0,True,True,False,0.0
493,abrupt,severity,external_only,24.0,True,True,False,0.0
493,abrupt,severity,internal_only,24.0,True,True,False,0.0
493,abrupt,severity,prism,22.0,True,True,False,2.0
494,abrupt,severity,severity_only,24.0,True,True,False,0.0
494,abrupt,severity,external_only,24.0,True,True,False,0.0
494,abrupt,severity,internal_only,24.0,True,True,False,0.0
494,abrupt,severity,prism,24.0,True,True,False,0.0
495,abrupt,severity,severity_only,24.0,True,True,False,0.0
495,abrupt,severity,external_only,24.0,True,True,False,0.0
495,abrupt,severity,internal_only,24.0,True,True,False,0.0
495,abrupt,severity,prism,24.0,True,True,False,0.0
496,abrupt,severity,severity_only,24.0,True,True,False,0.0
496,abrupt,severity,external_only,24.0,True,True,False,0.0
496,abrupt,severity,internal_only,24.0,True,True,False,0.0
496,abrupt,severity,prism,24.0,True,True,False,0.0
497,abrupt,severity,severity_only,24.0,True,True,False,0.0
497,abrupt,severity,external_only,24.0,True,True,False,0.0
497,abrupt,severity,internal_only,24.0,True,True,False,0.0
497,abrupt,severity,prism,24.0,True,True,False,0.0
498,abrupt,severity,severity_only,24.0,True,True,False,0.0
498,abrupt,severity,external_only,24.0,True,True,False,0.0
498,abrupt,severity,internal_only,24.0,True,True,False,0.0
498,abrupt,severity,prism,23.0,True,True,False,1.0
499,abrupt,severity,severity_only,24.0,True,True,False,0.0
499,abrupt,severity,external_only,24.0,True,True,False,0.0
499,abrupt,severity,internal_only,24.0,True,True,False,0.0
499,abrupt,severity,prism,22.0,True,True,False,2.0
500,abrupt,severity,severity_only,7.0,False,False,True,
500,abrupt,severity,external_only,7.0,False,False,True,
500,abrupt,severity,internal_only,7.0,False,False,True,
500,abrupt,severity,prism,7.0,False,False,True,
501,abrupt,severity,severity_only,24.0,True,True,False,0.0
501,abrupt,severity,external_only,24.0,True,True,False,0.0
501,abrupt,severity,internal_only,24.0,True,True,False,0.0
501,abrupt,severity,prism,24.0,True,True,False,0.0
502,abrupt,severity,severity_only,24.0,True,True,False,0.0
502,abrupt,severity,external_only,24.0,True,True,False,0.0
502,abrupt,severity,internal_only,24.0,True,True,False,0.0
502,abrupt,severity,prism,24.0,True,True,False,0.0
503,abrupt,severity,severity_only,24.0,True,True,False,0.0
503,abrupt,severity,external_only,9.0,False,False,True,
503,abrupt,severity,internal_only,24.0,True,True,False,0.0
503,abrupt,severity,prism,9.0,False,False,True,
504,abrupt,severity,severity_only,24.0,True,True,False,0.0
504,abrupt,severity,external_only,24.0,True,True,False,0.0
504,abrupt,severity,internal_only,24.0,True,True,False,0.0
504,abrupt,severity,prism,24.0,True,True,False,0.0
505,abrupt,severity,severity_only,24.0,True,True,False,0.0
505,abrupt,severity,external_only,24.0,True,True,False,0.0
505,abrupt,severity,internal_only,24.0,True,True,False,0.0
505,abrupt,severity,prism,24.0,True,True,False,0.0
506,abrupt,severity,severity_only,24.0,True,True,False,0.0
506,abrupt,severity,external_only,24.0,True,True,False,0.0
506,abrupt,severity,internal_only,21.0,False,False,False,
506,abrupt,severity,prism,21.0,False,False,False,
507,abrupt,severity,severity_only,24.0,True,True,False,0.0
507,abrupt,severity,external_only,24.0,True,True,False,0.0
507,abrupt,severity,internal_only,24.0,True,True,False,0.0
507,abrupt,severity,prism,24.0,True,True,False,0.0
508,abrupt,severity,severity_only,24.0,True,True,False,0.0
508,abrupt,severity,external_only,24.0,True,True,False,0.0
508,abrupt,severity,internal_only,24.0,True,True,False,0.0
508,abrupt,severity,prism,24.0,True,True,False,0.0
509,abrupt,severity,severity_only,24.0,True,True,False,0.0
509,abrupt,severity,external_only,24.0,True,True,False,0.0
509,abrupt,severity,internal_only,24.0,True,True,False,0.0
509,abrupt,severity,prism,24.0,True,True,False,0.0
510,abrupt,severity,severity_only,14.0,False,False,True,
510,abrupt,severity,external_only,13.0,False,False,True,
510,abrupt,severity,internal_only,14.0,False,False,True,
510,abrupt,severity,prism,13.0,False,False,True,
511,abrupt,severity,severity_only,24.0,True,True,False,0.0
511,abrupt,severity,external_only,24.0,True,True,False,0.0
511,abrupt,severity,internal_only,24.0,True,True,False,0.0
511,abrupt,severity,prism,24.0,True,True,False,0.0
512,abrupt,severity,severity_only,24.0,True,True,False,0.0
512,abrupt,severity,external_only,24.0,True,True,False,0.0
512,abrupt,severity,internal_only,24.0,True,True,False,0.0
512,abrupt,severity,prism,24.0,True,True,False,0.0
513,abrupt,severity,severity_only,24.0,True,True,False,0.0
513,abrupt,severity,external_only,24.0,True,True,False,0.0
513,abrupt,severity,internal_only,24.0,True,True,False,0.0
513,abrupt,severity,prism,24.0,True,True,False,0.0
514,abrupt,severity,severity_only,24.0,True,True,False,0.0
514,abrupt,severity,external_only,24.0,True,True,False,0.0
514,abrupt,severity,internal_only,24.0,True,True,False,0.0
514,abrupt,severity,prism,24.0,True,True,False,0.0
515,abrupt,severity,severity_only,24.0,True,True,False,0.0
515,abrupt,severity,external_only,24.0,True,True,False,0.0
515,abrupt,severity,internal_only,24.0,True,True,False,0.0
515,abrupt,severity,prism,24.0,True,True,False,0.0
516,abrupt,severity,severity_only,24.0,True,True,False,0.0
516,abrupt,severity,external_only,24.0,True,True,False,0.0
516,abrupt,severity,internal_only,24.0,True,True,False,0.0
516,abrupt,severity,prism,24.0,True,True,False,0.0
517,abrupt,severity,severity_only,24.0,True,True,False,0.0
517,abrupt,severity,external_only,24.0,True,True,False,0.0
517,abrupt,severity,internal_only,24.0,True,True,False,0.0
517,abrupt,severity,prism,24.0,True,True,False,0.0
518,abrupt,severity,severity_only,24.0,True,True,False,0.0
518,abrupt,severity,external_only,23.0,True,True,False,1.0
518,abrupt,severity,internal_only,24.0,True,True,False,0.0
518,abrupt,severity,prism,24.0,True,True,False,0.0
519,abrupt,severity,severity_only,24.0,True,True,False,0.0
519,abrupt,severity,external_only,24.0,True,True,False,0.0
519,abrupt,severity,internal_only,24.0,True,True,False,0.0
519,abrupt,severity,prism,24.0,True,True,False,0.0
520,abrupt,severity,severity_only,24.0,True,True,False,0.0
520,abrupt,severity,external_only,24.0,True,True,False,0.0
520,abrupt,severity,internal_only,24.0,True,True,False,0.0
520,abrupt,severity,prism,24.0,True,True,False,0.0
521,abrupt,severity,severity_only,24.0,True,True,False,0.0
521,abrupt,severity,external_only,24.0,True,True,False,0.0
521,abrupt,severity,internal_only,24.0,True,True,False,0.0
521,abrupt,severity,prism,24.0,True,True,False,0.0
522,abrupt,severity,severity_only,24.0,True,True,False,0.0
522,abrupt,severity,external_only,24.0,True,True,False,0.0
522,abrupt,severity,internal_only,24.0,True,True,False,0.0
522,abrupt,severity,prism,24.0,True,True,False,0.0
523,abrupt,severity,severity_only,24.0,True,True,False,0.0
523,abrupt,severity,external_only,24.0,True,True,False,0.0
523,abrupt,severity,internal_only,24.0,True,True,False,0.0
523,abrupt,severity,prism,24.0,True,True,False,0.0
524,abrupt,severity,severity_only,24.0,True,True,False,0.0
524,abrupt,severity,external_only,24.0,True,True,False,0.0
524,abrupt,severity,internal_only,24.0,True,True,False,0.0
524,abrupt,severity,prism,24.0,True,True,False,0.0
525,abrupt,severity,severity_only,24.0,True,True,False,0.0
525,abrupt,severity,external_only,24.0,True,True,False,0.0
525,abrupt,severity,internal_only,24.0,True,True,False,0.0
525,abrupt,severity,prism,24.0,True,True,False,0.0
526,abrupt,severity,severity_only,24.0,True,True,False,0.0
526,abrupt,severity,external_only,24.0,True,True,False,0.0
526,abrupt,severity,internal_only,24.0,True,True,False,0.0
526,abrupt,severity,prism,24.0,True,True,False,0.0
527,abrupt,severity,severity_only,24.0,True,True,False,0.0
527,abrupt,severity,external_only,24.0,True,True,False,0.0
527,abrupt,severity,internal_only,24.0,True,True,False,0.0
527,abrupt,severity,prism,24.0,True,True,False,0.0
528,abrupt,severity,severity_only,24.0,True,True,False,0.0
528,abrupt,severity,external_only,24.0,True,True,False,0.0
528,abrupt,severity,internal_only,24.0,True,True,False,0.0
528,abrupt,severity,prism,24.0,True,True,False,0.0
529,abrupt,severity,severity_only,24.0,True,True,False,0.0
529,abrupt,severity,external_only,24.0,True,True,False,0.0
529,abrupt,severity,internal_only,24.0,True,True,False,0.0
529,abrupt,severity,prism,24.0,True,True,False,0.0
530,abrupt,severity,severity_only,24.0,True,True,False,0.0
530,abrupt,severity,external_only,24.0,True,True,False,0.0
530,abrupt,severity,internal_only,24.0,True,True,False,0.0
530,abrupt,severity,prism,24.0,True,True,False,0.0
531,abrupt,severity,severity_only,24.0,True,True,False,0.0
531,abrupt,severity,external_only,24.0,True,True,False,0.0
531,abrupt,severity,internal_only,25.0,True,False,False,-1.0
531,abrupt,severity,prism,24.0,True,True,False,0.0
532,abrupt,severity,severity_only,24.0,True,True,False,0.0
532,abrupt,severity,external_only,24.0,True,True,False,0.0
532,abrupt,severity,internal_only,24.0,True,True,False,0.0
532,abrupt,severity,prism,24.0,True,True,False,0.0
533,abrupt,severity,severity_only,24.0,True,True,False,0.0
533,abrupt,severity,external_only,24.0,True,True,False,0.0
533,abrupt,severity,internal_only,24.0,True,True,False,0.0
533,abrupt,severity,prism,24.0,True,True,False,0.0
534,abrupt,severity,severity_only,24.0,True,True,False,0.0
534,abrupt,severity,external_only,24.0,True,True,False,0.0
534,abrupt,severity,internal_only,24.0,True,True,False,0.0
534,abrupt,severity,prism,24.0,True,True,False,0.0
535,abrupt,severity,severity_only,24.0,True,True,False,0.0
535,abrupt,severity,external_only,24.0,True,True,False,0.0
535,abrupt,severity,internal_only,24.0,True,True,False,0.0
535,abrupt,severity,prism,24.0,True,True,False,0.0
536,abrupt,severity,severity_only,24.0,True,True,False,0.0
536,abrupt,severity,external_only,24.0,True,True,False,0.0
536,abrupt,severity,internal_only,24.0,True,True,False,0.0
536,abrupt,severity,prism,24.0,True,True,False,0.0
537,abrupt,severity,severity_only,24.0,True,True,False,0.0
537,abrupt,severity,external_only,24.0,True,True,False,0.0
537,abrupt,severity,internal_only,24.0,True,True,False,0.0
537,abrupt,severity,prism,24.0,True,True,False,0.0
538,abrupt,severity,severity_only,24.0,True,True,False,0.0
538,abrupt,severity,external_only,24.0,True,True,False,0.0
538,abrupt,severity,internal_only,24.0,True,True,False,0.0
538,abrupt,severity,prism,24.0,True,True,False,0.0
539,abrupt,severity,severity_only,24.0,True,True,False,0.0
539,abrupt,severity,external_only,24.0,True,True,False,0.0
539,abrupt,severity,internal_only,24.0,True,True,False,0.0
539,abrupt,severity,prism,19.0,False,False,True,
540,abrupt,severity,severity_only,24.0,True,True,False,0.0
540,abrupt,severity,external_only,24.0,True,True,False,0.0
540,abrupt,severity,internal_only,24.0,True,True,False,0.0
540,abrupt,severity,prism,24.0,True,True,False,0.0
541,abrupt,severity,severity_only,24.0,True,True,False,0.0
541,abrupt,severity,external_only,24.0,True,True,False,0.0
541,abrupt,severity,internal_only,24.0,True,True,False,0.0
541,abrupt,severity,prism,24.0,True,True,False,0.0
542,abrupt,severity,severity_only,24.0,True,True,False,0.0
542,abrupt,severity,external_only,24.0,True,True,False,0.0
542,abrupt,severity,internal_only,24.0,True,True,False,0.0
542,abrupt,severity,prism,24.0,True,True,False,0.0
543,abrupt,severity,severity_only,24.0,True,True,False,0.0
543,abrupt,severity,external_only,24.0,True,True,False,0.0
543,abrupt,severity,internal_only,24.0,True,True,False,0.0
543,abrupt,severity,prism,24.0,True,True,False,0.0
544,abrupt,severity,severity_only,24.0,True,True,False,0.0
544,abrupt,severity,external_only,24.0,True,True,False,0.0
544,abrupt,severity,internal_only,24.0,True,True,False,0.0
544,abrupt,severity,prism,24.0,True,True,False,0.0
545,abrupt,severity,severity_only,24.0,True,True,False,0.0
545,abrupt,severity,external_only,4.0,False,False,True,
545,abrupt,severity,internal_only,24.0,True,True,False,0.0
545,abrupt,severity,prism,4.0,False,False,True,
546,abrupt,severity,severity_only,24.0,True,True,False,0.0
546,abrupt,severity,external_only,24.0,True,True,False,0.0
546,abrupt,severity,internal_only,24.0,True,True,False,0.0
546,abrupt,severity,prism,24.0,True,True,False,0.0
547,abrupt,severity,severity_only,24.0,True,True,False,0.0
547,abrupt,severity,external_only,24.0,True,True,False,0.0
547,abrupt,severity,internal_only,24.0,True,True,False,0.0
547,abrupt,severity,prism,22.0,True,True,False,2.0
548,abrupt,severity,severity_only,24.0,True,True,False,0.0
548,abrupt,severity,external_only,24.0,True,True,False,0.0
548,abrupt,severity,internal_only,24.0,True,True,False,0.0
548,abrupt,severity,prism,24.0,True,True,False,0.0
549,abrupt,severity,severity_only,24.0,True,True,False,0.0
549,abrupt,severity,external_only,24.0,True,True,False,0.0
549,abrupt,severity,internal_only,24.0,True,True,False,0.0
549,abrupt,severity,prism,24.0,True,True,False,0.0
550,abrupt,severity,severity_only,24.0,True,True,False,0.0
550,abrupt,severity,external_only,24.0,True,True,False,0.0
550,abrupt,severity,internal_only,24.0,True,True,False,0.0
550,abrupt,severity,prism,24.0,True,True,False,0.0
551,abrupt,severity,severity_only,24.0,True,True,False,0.0
551,abrupt,severity,external_only,24.0,True,True,False,0.0
551,abrupt,severity,internal_only,24.0,True,True,False,0.0
551,abrupt,severity,prism,24.0,True,True,False,0.0
552,abrupt,severity,severity_only,24.0,True,True,False,0.0
552,abrupt,severity,external_only,24.0,True,True,False,0.0
552,abrupt,severity,internal_only,24.0,True,True,False,0.0
552,abrupt,severity,prism,24.0,True,True,False,0.0
553,abrupt,severity,severity_only,24.0,True,True,False,0.0
553,abrupt,severity,external_only,24.0,True,True,False,0.0
553,abrupt,severity,internal_only,24.0,True,True,False,0.0
553,abrupt,severity,prism,24.0,True,True,False,0.0
554,abrupt,severity,severity_only,24.0,True,True,False,0.0
554,abrupt,severity,external_only,24.0,True,True,False,0.0
554,abrupt,severity,internal_only,24.0,True,True,False,0.0
554,abrupt,severity,prism,24.0,True,True,False,0.0
555,abrupt,severity,severity_only,24.0,True,True,False,0.0
555,abrupt,severity,external_only,24.0,True,True,False,0.0
555,abrupt,severity,internal_only,24.0,True,True,False,0.0
555,abrupt,severity,prism,24.0,True,True,False,0.0
556,abrupt,severity,severity_only,24.0,True,True,False,0.0
556,abrupt,severity,external_only,24.0,True,True,False,0.0
556,abrupt,severity,internal_only,24.0,True,True,False,0.0
556,abrupt,severity,prism,23.0,True,True,False,1.0
557,abrupt,severity,severity_only,24.0,True,True,False,0.0
557,abrupt,severity,external_only,24.0,True,True,False,0.0
557,abrupt,severity,internal_only,24.0,True,True,False,0.0
557,abrupt,severity,prism,24.0,True,True,False,0.0
558,abrupt,severity,severity_only,24.0,True,True,False,0.0
558,abrupt,severity,external_only,24.0,True,True,False,0.0
558,abrupt,severity,internal_only,24.0,True,True,False,0.0
558,abrupt,severity,prism,24.0,True,True,False,0.0
559,abrupt,severity,severity_only,24.0,True,True,False,0.0
559,abrupt,severity,external_only,24.0,True,True,False,0.0
559,abrupt,severity,internal_only,24.0,True,True,False,0.0
559,abrupt,severity,prism,24.0,True,True,False,0.0
560,abrupt,severity,severity_only,24.0,True,True,False,0.0
560,abrupt,severity,external_only,24.0,True,True,False,0.0
560,abrupt,severity,internal_only,24.0,True,True,False,0.0
560,abrupt,severity,prism,24.0,True,True,False,0.0
561,abrupt,severity,severity_only,24.0,True,True,False,0.0
561,abrupt,severity,external_only,24.0,True,True,False,0.0
561,abrupt,severity,internal_only,24.0,True,True,False,0.0
561,abrupt,severity,prism,24.0,True,True,False,0.0
562,abrupt,severity,severity_only,24.0,True,True,False,0.0
562,abrupt,severity,external_only,24.0,True,True,False,0.0
562,abrupt,severity,internal_only,24.0,True,True,False,0.0
562,abrupt,severity,prism,24.0,True,True,False,0.0
563,abrupt,severity,severity_only,24.0,True,True,False,0.0
563,abrupt,severity,external_only,24.0,True,True,False,0.0
563,abrupt,severity,internal_only,24.0,True,True,False,0.0
563,abrupt,severity,prism,24.0,True,True,False,0.0
564,abrupt,severity,severity_only,24.0,True,True,False,0.0
564,abrupt,severity,external_only,24.0,True,True,False,0.0
564,abrupt,severity,internal_only,24.0,True,True,False,0.0
564,abrupt,severity,prism,24.0,True,True,False,0.0
565,abrupt,severity,severity_only,24.0,True,True,False,0.0
565,abrupt,severity,external_only,24.0,True,True,False,0.0
565,abrupt,severity,internal_only,24.0,True,True,False,0.0
565,abrupt,severity,prism,24.0,True,True,False,0.0
566,abrupt,severity,severity_only,24.0,True,True,False,0.0
566,abrupt,severity,external_only,24.0,True,True,False,0.0
566,abrupt,severity,internal_only,24.0,True,True,False,0.0
566,abrupt,severity,prism,24.0,True,True,False,0.0
567,abrupt,severity,severity_only,9.0,False,False,True,
567,abrupt,severity,external_only,9.0,False,False,True,
567,abrupt,severity,internal_only,9.0,False,False,True,
567,abrupt,severity,prism,9.0,False,False,True,
568,abrupt,severity,severity_only,5.0,False,False,True,
568,abrupt,severity,external_only,5.0,False,False,True,
568,abrupt,severity,internal_only,5.0,False,False,True,
568,abrupt,severity,prism,5.0,False,False,True,
569,abrupt,severity,severity_only,24.0,True,True,False,0.0
569,abrupt,severity,external_only,24.0,True,True,False,0.0
569,abrupt,severity,internal_only,24.0,True,True,False,0.0
569,abrupt,severity,prism,24.0,True,True,False,0.0
570,abrupt,severity,severity_only,24.0,True,True,False,0.0
570,abrupt,severity,external_only,24.0,True,True,False,0.0
570,abrupt,severity,internal_only,24.0,True,True,False,0.0
570,abrupt,severity,prism,24.0,True,True,False,0.0
571,abrupt,severity,severity_only,24.0,True,True,False,0.0
571,abrupt,severity,external_only,24.0,True,True,False,0.0
571,abrupt,severity,internal_only,24.0,True,True,False,0.0
571,abrupt,severity,prism,24.0,True,True,False,0.0
572,abrupt,severity,severity_only,24.0,True,True,False,0.0
572,abrupt,severity,external_only,24.0,True,True,False,0.0
572,abrupt,severity,internal_only,24.0,True,True,False,0.0
572,abrupt,severity,prism,24.0,True,True,False,0.0
573,abrupt,severity,severity_only,24.0,True,True,False,0.0
573,abrupt,severity,external_only,24.0,True,True,False,0.0
573,abrupt,severity,internal_only,24.0,True,True,False,0.0
573,abrupt,severity,prism,24.0,True,True,False,0.0
574,abrupt,severity,severity_only,24.0,True,True,False,0.0
574,abrupt,severity,external_only,24.0,True,True,False,0.0
574,abrupt,severity,internal_only,24.0,True,True,False,0.0
574,abrupt,severity,prism,24.0,True,True,False,0.0
575,abrupt,severity,severity_only,9.0,False,False,True,
575,abrupt,severity,external_only,8.0,False,False,True,
575,abrupt,severity,internal_only,9.0,False,False,True,
575,abrupt,severity,prism,8.0,False,False,True,
576,abrupt,severity,severity_only,24.0,True,True,False,0.0
576,abrupt,severity,external_only,24.0,True,True,False,0.0
576,abrupt,severity,internal_only,24.0,True,True,False,0.0
576,abrupt,severity,prism,24.0,True,True,False,0.0
577,abrupt,severity,severity_only,24.0,True,True,False,0.0
577,abrupt,severity,external_only,24.0,True,True,False,0.0
577,abrupt,severity,internal_only,24.0,True,True,False,0.0
577,abrupt,severity,prism,24.0,True,True,False,0.0
578,abrupt,severity,severity_only,24.0,True,True,False,0.0
578,abrupt,severity,external_only,24.0,True,True,False,0.0
578,abrupt,severity,internal_only,24.0,True,True,False,0.0
578,abrupt,severity,prism,24.0,True,True,False,0.0
579,abrupt,severity,severity_only,24.0,True,True,False,0.0
579,abrupt,severity,external_only,24.0,True,True,False,0.0
579,abrupt,severity,internal_only,24.0,True,True,False,0.0
579,abrupt,severity,prism,24.0,True,True,False,0.0
580,abrupt,severity,severity_only,24.0,True,True,False,0.0
580,abrupt,severity,external_only,24.0,True,True,False,0.0
580,abrupt,severity,internal_only,24.0,True,True,False,0.0
580,abrupt,severity,prism,24.0,True,True,False,0.0
581,abrupt,severity,severity_only,24.0,True,True,False,0.0
581,abrupt,severity,external_only,24.0,True,True,False,0.0
581,abrupt,severity,internal_only,24.0,True,True,False,0.0
581,abrupt,severity,prism,24.0,True,True,False,0.0
582,abrupt,severity,severity_only,24.0,True,True,False,0.0
582,abrupt,severity,external_only,24.0,True,True,False,0.0
582,abrupt,severity,internal_only,24.0,True,True,False,0.0
582,abrupt,severity,prism,24.0,True,True,False,0.0
583,abrupt,severity,severity_only,24.0,True,True,False,0.0
583,abrupt,severity,external_only,24.0,True,True,False,0.0
583,abrupt,severity,internal_only,24.0,True,True,False,0.0
583,abrupt,severity,prism,24.0,True,True,False,0.0
584,abrupt,severity,severity_only,24.0,True,True,False,0.0
584,abrupt,severity,external_only,24.0,True,True,False,0.0
584,abrupt,severity,internal_only,24.0,True,True,False,0.0
584,abrupt,severity,prism,24.0,True,True,False,0.0
585,abrupt,severity,severity_only,24.0,True,True,False,0.0
585,abrupt,severity,external_only,24.0,True,True,False,0.0
585,abrupt,severity,internal_only,24.0,True,True,False,0.0
585,abrupt,severity,prism,24.0,True,True,False,0.0
586,abrupt,severity,severity_only,24.0,True,True,False,0.0
586,abrupt,severity,external_only,24.0,True,True,False,0.0
586,abrupt,severity,internal_only,24.0,True,True,False,0.0
586,abrupt,severity,prism,24.0,True,True,False,0.0
587,abrupt,severity,severity_only,24.0,True,True,False,0.0
587,abrupt,severity,external_only,24.0,True,True,False,0.0
587,abrupt,severity,internal_only,24.0,True,True,False,0.0
587,abrupt,severity,prism,19.0,False,False,True,
588,abrupt,severity,severity_only,24.0,True,True,False,0.0
588,abrupt,severity,external_only,24.0,True,True,False,0.0
588,abrupt,severity,internal_only,24.0,True,True,False,0.0
588,abrupt,severity,prism,24.0,True,True,False,0.0
589,abrupt,severity,severity_only,24.0,True,True,False,0.0
589,abrupt,severity,external_only,24.0,True,True,False,0.0
589,abrupt,severity,internal_only,24.0,True,True,False,0.0
589,abrupt,severity,prism,24.0,True,True,False,0.0
590,abrupt,severity,severity_only,24.0,True,True,False,0.0
590,abrupt,severity,external_only,24.0,True,True,False,0.0
590,abrupt,severity,internal_only,24.0,True,True,False,0.0
590,abrupt,severity,prism,24.0,True,True,False,0.0
591,abrupt,severity,severity_only,25.0,True,False,False,-1.0
591,abrupt,severity,external_only,24.0,True,True,False,0.0
591,abrupt,severity,internal_only,25.0,True,False,False,-1.0
591,abrupt,severity,prism,25.0,True,False,False,-1.0
592,abrupt,severity,severity_only,24.0,True,True,False,0.0
592,abrupt,severity,external_only,24.0,True,True,False,0.0
592,abrupt,severity,internal_only,24.0,True,True,False,0.0
592,abrupt,severity,prism,24.0,True,True,False,0.0
593,abrupt,severity,severity_only,19.0,False,False,True,
593,abrupt,severity,external_only,19.0,False,False,True,
593,abrupt,severity,internal_only,19.0,False,False,True,
593,abrupt,severity,prism,19.0,False,False,True,
594,abrupt,severity,severity_only,24.0,True,True,False,0.0
594,abrupt,severity,external_only,24.0,True,True,False,0.0
594,abrupt,severity,internal_only,24.0,True,True,False,0.0
594,abrupt,severity,prism,24.0,True,True,False,0.0
595,abrupt,severity,severity_only,24.0,True,True,False,0.0
595,abrupt,severity,external_only,24.0,True,True,False,0.0
595,abrupt,severity,internal_only,24.0,True,True,False,0.0
595,abrupt,severity,prism,24.0,True,True,False,0.0
596,abrupt,severity,severity_only,24.0,True,True,False,0.0
596,abrupt,severity,external_only,24.0,True,True,False,0.0
596,abrupt,severity,internal_only,24.0,True,True,False,0.0
596,abrupt,severity,prism,24.0,True,True,False,0.0
597,abrupt,severity,severity_only,24.0,True,True,False,0.0
597,abrupt,severity,external_only,24.0,True,True,False,0.0
597,abrupt,severity,internal_only,24.0,True,True,False,0.0
597,abrupt,severity,prism,24.0,True,True,False,0.0
598,abrupt,severity,severity_only,24.0,True,True,False,0.0
598,abrupt,severity,external_only,24.0,True,True,False,0.0
598,abrupt,severity,internal_only,24.0,True,True,False,0.0
598,abrupt,severity,prism,24.0,True,True,False,0.0
599,abrupt,severity,severity_only,24.0,True,True,False,0.0
599,abrupt,severity,external_only,24.0,True,True,False,0.0
599,abrupt,severity,internal_only,24.0,True,True,False,0.0
599,abrupt,severity,prism,24.0,True,True,False,0.0
600,abrupt,severity,severity_only,,False,False,False,
600,abrupt,severity,external_only,26.0,True,False,False,-2.0
600,abrupt,severity,internal_only,26.0,True,False,False,-2.0
600,abrupt,severity,prism,24.0,True,True,False,0.0
601,abrupt,severity,severity_only,24.0,True,True,False,0.0
601,abrupt,severity,external_only,4.0,False,False,True,
601,abrupt,severity,internal_only,24.0,True,True,False,0.0
601,abrupt,severity,prism,4.0,False,False,True,
602,abrupt,severity,severity_only,24.0,True,True,False,0.0
602,abrupt,severity,external_only,24.0,True,True,False,0.0
602,abrupt,severity,internal_only,24.0,True,True,False,0.0
602,abrupt,severity,prism,24.0,True,True,False,0.0
603,abrupt,severity,severity_only,24.0,True,True,False,0.0
603,abrupt,severity,external_only,24.0,True,True,False,0.0
603,abrupt,severity,internal_only,24.0,True,True,False,0.0
603,abrupt,severity,prism,24.0,True,True,False,0.0
604,abrupt,severity,severity_only,24.0,True,True,False,0.0
604,abrupt,severity,external_only,24.0,True,True,False,0.0
604,abrupt,severity,internal_only,24.0,True,True,False,0.0
604,abrupt,severity,prism,24.0,True,True,False,0.0
605,abrupt,severity,severity_only,24.0,True,True,False,0.0
605,abrupt,severity,external_only,24.0,True,True,False,0.0
605,abrupt,severity,internal_only,24.0,True,True,False,0.0
605,abrupt,severity,prism,24.0,True,True,False,0.0
606,abrupt,severity,severity_only,24.0,True,True,False,0.0
606,abrupt,severity,external_only,24.0,True,True,False,0.0
606,abrupt,severity,internal_only,24.0,True,True,False,0.0
606,abrupt,severity,prism,24.0,True,True,False,0.0
607,abrupt,severity,severity_only,24.0,True,True,False,0.0
607,abrupt,severity,external_only,24.0,True,True,False,0.0
607,abrupt,severity,internal_only,24.0,True,True,False,0.0
607,abrupt,severity,prism,24.0,True,True,False,0.0
608,abrupt,severity,severity_only,24.0,True,True,False,0.0
608,abrupt,severity,external_only,24.0,True,True,False,0.0
608,abrupt,severity,internal_only,24.0,True,True,False,0.0
608,abrupt,severity,prism,24.0,True,True,False,0.0
609,abrupt,severity,severity_only,24.0,True,True,False,0.0
609,abrupt,severity,external_only,24.0,True,True,False,0.0
609,abrupt,severity,internal_only,24.0,True,True,False,0.0
609,abrupt,severity,prism,24.0,True,True,False,0.0
610,abrupt,severity,severity_only,24.0,True,True,False,0.0
610,abrupt,severity,external_only,24.0,True,True,False,0.0
610,abrupt,severity,internal_only,24.0,True,True,False,0.0
610,abrupt,severity,prism,24.0,True,True,False,0.0
611,abrupt,severity,severity_only,24.0,True,True,False,0.0
611,abrupt,severity,external_only,24.0,True,True,False,0.0
611,abrupt,severity,internal_only,24.0,True,True,False,0.0
611,abrupt,severity,prism,24.0,True,True,False,0.0
612,abrupt,severity,severity_only,24.0,True,True,False,0.0
612,abrupt,severity,external_only,24.0,True,True,False,0.0
612,abrupt,severity,internal_only,24.0,True,True,False,0.0
612,abrupt,severity,prism,24.0,True,True,False,0.0
613,abrupt,severity,severity_only,24.0,True,True,False,0.0
613,abrupt,severity,external_only,24.0,True,True,False,0.0
613,abrupt,severity,internal_only,24.0,True,True,False,0.0
613,abrupt,severity,prism,24.0,True,True,False,0.0
614,abrupt,severity,severity_only,24.0,True,True,False,0.0
614,abrupt,severity,external_only,24.0,True,True,False,0.0
614,abrupt,severity,internal_only,24.0,True,True,False,0.0
614,abrupt,severity,prism,24.0,True,True,False,0.0
615,abrupt,severity,severity_only,24.0,True,True,False,0.0
615,abrupt,severity,external_only,24.0,True,True,False,0.0
615,abrupt,severity,internal_only,24.0,True,True,False,0.0
615,abrupt,severity,prism,24.0,True,True,False,0.0
616,abrupt,severity,severity_only,24.0,True,True,False,0.0
616,abrupt,severity,external_only,24.0,True,True,False,0.0
616,abrupt,severity,internal_only,24.0,True,True,False,0.0
616,abrupt,severity,prism,24.0,True,True,False,0.0
617,abrupt,severity,severity_only,24.0,True,True,False,0.0
617,abrupt,severity,external_only,24.0,True,True,False,0.0
617,abrupt,severity,internal_only,24.0,True,True,False,0.0
617,abrupt,severity,prism,24.0,True,True,False,0.0
618,abrupt,severity,severity_only,24.0,True,True,False,0.0
618,abrupt,severity,external_only,24.0,True,True,False,0.0
618,abrupt,severity,internal_only,24.0,True,True,False,0.0
618,abrupt,severity,prism,24.0,True,True,False,0.0
619,abrupt,severity,severity_only,24.0,True,True,False,0.0
619,abrupt,severity,external_only,24.0,True,True,False,0.0
619,abrupt,severity,internal_only,24.0,True,True,False,0.0
619,abrupt,severity,prism,24.0,True,True,False,0.0
620,abrupt,severity,severity_only,24.0,True,True,False,0.0
620,abrupt,severity,external_only,24.0,True,True,False,0.0
620,abrupt,severity,internal_only,24.0,True,True,False,0.0
620,abrupt,severity,prism,24.0,True,True,False,0.0
621,abrupt,severity,severity_only,24.0,True,True,False,0.0
621,abrupt,severity,external_only,24.0,True,True,False,0.0
621,abrupt,severity,internal_only,24.0,True,True,False,0.0
621,abrupt,severity,prism,23.0,True,True,False,1.0
622,abrupt,severity,severity_only,24.0,True,True,False,0.0
622,abrupt,severity,external_only,24.0,True,True,False,0.0
622,abrupt,severity,internal_only,24.0,True,True,False,0.0
622,abrupt,severity,prism,24.0,True,True,False,0.0
623,abrupt,severity,severity_only,24.0,True,True,False,0.0
623,abrupt,severity,external_only,24.0,True,True,False,0.0
623,abrupt,severity,internal_only,25.0,True,False,False,-1.0
623,abrupt,severity,prism,24.0,True,True,False,0.0
624,abrupt,severity,severity_only,24.0,True,True,False,0.0
624,abrupt,severity,external_only,24.0,True,True,False,0.0
624,abrupt,severity,internal_only,24.0,True,True,False,0.0
624,abrupt,severity,prism,24.0,True,True,False,0.0
625,abrupt,severity,severity_only,24.0,True,True,False,0.0
625,abrupt,severity,external_only,24.0,True,True,False,0.0
625,abrupt,severity,internal_only,24.0,True,True,False,0.0
625,abrupt,severity,prism,24.0,True,True,False,0.0
626,abrupt,severity,severity_only,24.0,True,True,False,0.0
626,abrupt,severity,external_only,24.0,True,True,False,0.0
626,abrupt,severity,internal_only,24.0,True,True,False,0.0
626,abrupt,severity,prism,24.0,True,True,False,0.0
627,abrupt,severity,severity_only,24.0,True,True,False,0.0
627,abrupt,severity,external_only,24.0,True,True,False,0.0
627,abrupt,severity,internal_only,24.0,True,True,False,0.0
627,abrupt,severity,prism,24.0,True,True,False,0.0
628,abrupt,severity,severity_only,24.0,True,True,False,0.0
628,abrupt,severity,external_only,24.0,True,True,False,0.0
628,abrupt,severity,internal_only,24.0,True,True,False,0.0
628,abrupt,severity,prism,24.0,True,True,False,0.0
629,abrupt,severity,severity_only,24.0,True,True,False,0.0
629,abrupt,severity,external_only,24.0,True,True,False,0.0
629,abrupt,severity,internal_only,24.0,True,True,False,0.0
629,abrupt,severity,prism,24.0,True,True,False,0.0
630,abrupt,severity,severity_only,24.0,True,True,False,0.0
630,abrupt,severity,external_only,24.0,True,True,False,0.0
630,abrupt,severity,internal_only,24.0,True,True,False,0.0
630,abrupt,severity,prism,24.0,True,True,False,0.0
631,abrupt,severity,severity_only,24.0,True,True,False,0.0
631,abrupt,severity,external_only,24.0,True,True,False,0.0
631,abrupt,severity,internal_only,24.0,True,True,False,0.0
631,abrupt,severity,prism,24.0,True,True,False,0.0
632,abrupt,severity,severity_only,24.0,True,True,False,0.0
632,abrupt,severity,external_only,24.0,True,True,False,0.0
632,abrupt,severity,internal_only,24.0,True,True,False,0.0
632,abrupt,severity,prism,24.0,True,True,False,0.0
633,abrupt,severity,severity_only,24.0,True,True,False,0.0
633,abrupt,severity,external_only,24.0,True,True,False,0.0
633,abrupt,severity,internal_only,24.0,True,True,False,0.0
633,abrupt,severity,prism,24.0,True,True,False,0.0
634,abrupt,severity,severity_only,24.0,True,True,False,0.0
634,abrupt,severity,external_only,24.0,True,True,False,0.0
634,abrupt,severity,internal_only,24.0,True,True,False,0.0
634,abrupt,severity,prism,24.0,True,True,False,0.0
635,abrupt,severity,severity_only,18.0,False,False,True,
635,abrupt,severity,external_only,24.0,True,True,False,0.0
635,abrupt,severity,internal_only,18.0,False,False,True,
635,abrupt,severity,prism,18.0,False,False,True,
636,abrupt,severity,severity_only,24.0,True,True,False,0.0
636,abrupt,severity,external_only,24.0,True,True,False,0.0
636,abrupt,severity,internal_only,24.0,True,True,False,0.0
636,abrupt,severity,prism,24.0,True,True,False,0.0
637,abrupt,severity,severity_only,24.0,True,True,False,0.0
637,abrupt,severity,external_only,24.0,True,True,False,0.0
637,abrupt,severity,internal_only,24.0,True,True,False,0.0
637,abrupt,severity,prism,24.0,True,True,False,0.0
638,abrupt,severity,severity_only,24.0,True,True,False,0.0
638,abrupt,severity,external_only,24.0,True,True,False,0.0
638,abrupt,severity,internal_only,24.0,True,True,False,0.0
638,abrupt,severity,prism,24.0,True,True,False,0.0
639,abrupt,severity,severity_only,24.0,True,True,False,0.0
639,abrupt,severity,external_only,24.0,True,True,False,0.0
639,abrupt,severity,internal_only,24.0,True,True,False,0.0
639,abrupt,severity,prism,24.0,True,True,False,0.0
640,abrupt,severity,severity_only,24.0,True,True,False,0.0
640,abrupt,severity,external_only,24.0,True,True,False,0.0
640,abrupt,severity,internal_only,24.0,True,True,False,0.0
640,abrupt,severity,prism,24.0,True,True,False,0.0
641,abrupt,severity,severity_only,24.0,True,True,False,0.0
641,abrupt,severity,external_only,24.0,True,True,False,0.0
641,abrupt,severity,internal_only,24.0,True,True,False,0.0
641,abrupt,severity,prism,22.0,True,True,False,2.0
642,abrupt,severity,severity_only,24.0,True,True,False,0.0
642,abrupt,severity,external_only,24.0,True,True,False,0.0
642,abrupt,severity,internal_only,24.0,True,True,False,0.0
642,abrupt,severity,prism,24.0,True,True,False,0.0
643,abrupt,severity,severity_only,24.0,True,True,False,0.0
643,abrupt,severity,external_only,24.0,True,True,False,0.0
643,abrupt,severity,internal_only,24.0,True,True,False,0.0
643,abrupt,severity,prism,24.0,True,True,False,0.0
644,abrupt,severity,severity_only,24.0,True,True,False,0.0
644,abrupt,severity,external_only,24.0,True,True,False,0.0
644,abrupt,severity,internal_only,24.0,True,True,False,0.0
644,abrupt,severity,prism,24.0,True,True,False,0.0
645,abrupt,severity,severity_only,6.0,False,False,True,
645,abrupt,severity,external_only,24.0,True,True,False,0.0
645,abrupt,severity,internal_only,6.0,False,False,True,
645,abrupt,severity,prism,24.0,True,True,False,0.0
646,abrupt,severity,severity_only,24.0,True,True,False,0.0
646,abrupt,severity,external_only,24.0,True,True,False,0.0
646,abrupt,severity,internal_only,24.0,True,True,False,0.0
646,abrupt,severity,prism,24.0,True,True,False,0.0
647,abrupt,severity,severity_only,24.0,True,True,False,0.0
647,abrupt,severity,external_only,10.0,False,False,True,
647,abrupt,severity,internal_only,24.0,True,True,False,0.0
647,abrupt,severity,prism,10.0,False,False,True,
648,abrupt,severity,severity_only,24.0,True,True,False,0.0
648,abrupt,severity,external_only,24.0,True,True,False,0.0
648,abrupt,severity,internal_only,24.0,True,True,False,0.0
648,abrupt,severity,prism,24.0,True,True,False,0.0
649,abrupt,severity,severity_only,24.0,True,True,False,0.0
649,abrupt,severity,external_only,24.0,True,True,False,0.0
649,abrupt,severity,internal_only,24.0,True,True,False,0.0
649,abrupt,severity,prism,24.0,True,True,False,0.0
650,abrupt,severity,severity_only,24.0,True,True,False,0.0
650,abrupt,severity,external_only,24.0,True,True,False,0.0
650,abrupt,severity,internal_only,24.0,True,True,False,0.0
650,abrupt,severity,prism,24.0,True,True,False,0.0
651,abrupt,severity,severity_only,24.0,True,True,False,0.0
651,abrupt,severity,external_only,24.0,True,True,False,0.0
651,abrupt,severity,internal_only,24.0,True,True,False,0.0
651,abrupt,severity,prism,24.0,True,True,False,0.0
652,abrupt,severity,severity_only,24.0,True,True,False,0.0
652,abrupt,severity,external_only,24.0,True,True,False,0.0
652,abrupt,severity,internal_only,24.0,True,True,False,0.0
652,abrupt,severity,prism,24.0,True,True,False,0.0
653,abrupt,severity,severity_only,24.0,True,True,False,0.0
653,abrupt,severity,external_only,24.0,True,True,False,0.0
653,abrupt,severity,internal_only,24.0,True,True,False,0.0
653,abrupt,severity,prism,24.0,True,True,False,0.0
654,abrupt,severity,severity_only,24.0,True,True,False,0.0
654,abrupt,severity,external_only,24.0,True,True,False,0.0
654,abrupt,severity,internal_only,24.0,True,True,False,0.0
654,abrupt,severity,prism,24.0,True,True,False,0.0
655,abrupt,severity,severity_only,24.0,True,True,False,0.0
655,abrupt,severity,external_only,24.0,True,True,False,0.0
655,abrupt,severity,internal_only,24.0,True,True,False,0.0
655,abrupt,severity,prism,24.0,True,True,False,0.0
656,abrupt,severity,severity_only,5.0,False,False,True,
656,abrupt,severity,external_only,5.0,False,False,True,
656,abrupt,severity,internal_only,5.0,False,False,True,
656,abrupt,severity,prism,5.0,False,False,True,
657,abrupt,severity,severity_only,24.0,True,True,False,0.0
657,abrupt,severity,external_only,24.0,True,True,False,0.0
657,abrupt,severity,internal_only,24.0,True,True,False,0.0
657,abrupt,severity,prism,24.0,True,True,False,0.0
658,abrupt,severity,severity_only,24.0,True,True,False,0.0
658,abrupt,severity,external_only,24.0,True,True,False,0.0
658,abrupt,severity,internal_only,24.0,True,True,False,0.0
658,abrupt,severity,prism,24.0,True,True,False,0.0
659,abrupt,severity,severity_only,24.0,True,True,False,0.0
659,abrupt,severity,external_only,24.0,True,True,False,0.0
659,abrupt,severity,internal_only,24.0,True,True,False,0.0
659,abrupt,severity,prism,24.0,True,True,False,0.0
660,abrupt,severity,severity_only,24.0,True,True,False,0.0
660,abrupt,severity,external_only,24.0,True,True,False,0.0
660,abrupt,severity,internal_only,24.0,True,True,False,0.0
660,abrupt,severity,prism,24.0,True,True,False,0.0
661,abrupt,severity,severity_only,24.0,True,True,False,0.0
661,abrupt,severity,external_only,24.0,True,True,False,0.0
661,abrupt,severity,internal_only,24.0,True,True,False,0.0
661,abrupt,severity,prism,22.0,True,True,False,2.0
662,abrupt,severity,severity_only,24.0,True,True,False,0.0
662,abrupt,severity,external_only,24.0,True,True,False,0.0
662,abrupt,severity,internal_only,24.0,True,True,False,0.0
662,abrupt,severity,prism,24.0,True,True,False,0.0
663,abrupt,severity,severity_only,24.0,True,True,False,0.0
663,abrupt,severity,external_only,24.0,True,True,False,0.0
663,abrupt,severity,internal_only,24.0,True,True,False,0.0
663,abrupt,severity,prism,24.0,True,True,False,0.0
664,abrupt,severity,severity_only,,False,False,False,
664,abrupt,severity,external_only,24.0,True,True,False,0.0
664,abrupt,severity,internal_only,24.0,True,True,False,0.0
664,abrupt,severity,prism,23.0,True,True,False,1.0
665,abrupt,severity,severity_only,24.0,True,True,False,0.0
665,abrupt,severity,external_only,7.0,False,False,True,
665,abrupt,severity,internal_only,24.0,True,True,False,0.0
665,abrupt,severity,prism,7.0,False,False,True,
666,abrupt,severity,severity_only,24.0,True,True,False,0.0
666,abrupt,severity,external_only,24.0,True,True,False,0.0
666,abrupt,severity,internal_only,24.0,True,True,False,0.0
666,abrupt,severity,prism,24.0,True,True,False,0.0
667,abrupt,severity,severity_only,24.0,True,True,False,0.0
667,abrupt,severity,external_only,24.0,True,True,False,0.0
667,abrupt,severity,internal_only,24.0,True,True,False,0.0
667,abrupt,severity,prism,24.0,True,True,False,0.0
668,abrupt,severity,severity_only,9.0,False,False,True,
668,abrupt,severity,external_only,9.0,False,False,True,
668,abrupt,severity,internal_only,9.0,False,False,True,
668,abrupt,severity,prism,9.0,False,False,True,
669,abrupt,severity,severity_only,24.0,True,True,False,0.0
669,abrupt,severity,external_only,24.0,True,True,False,0.0
669,abrupt,severity,internal_only,24.0,True,True,False,0.0
669,abrupt,severity,prism,24.0,True,True,False,0.0
670,abrupt,severity,severity_only,24.0,True,True,False,0.0
670,abrupt,severity,external_only,24.0,True,True,False,0.0
670,abrupt,severity,internal_only,24.0,True,True,False,0.0
670,abrupt,severity,prism,24.0,True,True,False,0.0
671,abrupt,severity,severity_only,24.0,True,True,False,0.0
671,abrupt,severity,external_only,24.0,True,True,False,0.0
671,abrupt,severity,internal_only,24.0,True,True,False,0.0
671,abrupt,severity,prism,24.0,True,True,False,0.0
672,abrupt,severity,severity_only,24.0,True,True,False,0.0
672,abrupt,severity,external_only,24.0,True,True,False,0.0
672,abrupt,severity,internal_only,20.0,False,False,True,
672,abrupt,severity,prism,20.0,False,False,True,
673,abrupt,severity,severity_only,24.0,True,True,False,0.0
673,abrupt,severity,external_only,24.0,True,True,False,0.0
673,abrupt,severity,internal_only,24.0,True,True,False,0.0
673,abrupt,severity,prism,24.0,True,True,False,0.0
674,abrupt,severity,severity_only,24.0,True,True,False,0.0
674,abrupt,severity,external_only,6.0,False,False,True,
674,abrupt,severity,internal_only,24.0,True,True,False,0.0
674,abrupt,severity,prism,6.0,False,False,True,
675,abrupt,severity,severity_only,24.0,True,True,False,0.0
675,abrupt,severity,external_only,24.0,True,True,False,0.0
675,abrupt,severity,internal_only,24.0,True,True,False,0.0
675,abrupt,severity,prism,24.0,True,True,False,0.0
676,abrupt,severity,severity_only,24.0,True,True,False,0.0
676,abrupt,severity,external_only,24.0,True,True,False,0.0
676,abrupt,severity,internal_only,24.0,True,True,False,0.0
676,abrupt,severity,prism,24.0,True,True,False,0.0
677,abrupt,severity,severity_only,4.0,False,False,True,
677,abrupt,severity,external_only,5.0,False,False,True,
677,abrupt,severity,internal_only,4.0,False,False,True,
677,abrupt,severity,prism,5.0,False,False,True,
678,abrupt,severity,severity_only,24.0,True,True,False,0.0
678,abrupt,severity,external_only,24.0,True,True,False,0.0
678,abrupt,severity,internal_only,24.0,True,True,False,0.0
678,abrupt,severity,prism,24.0,True,True,False,0.0
679,abrupt,severity,severity_only,24.0,True,True,False,0.0
679,abrupt,severity,external_only,24.0,True,True,False,0.0
679,abrupt,severity,internal_only,24.0,True,True,False,0.0
679,abrupt,severity,prism,24.0,True,True,False,0.0
680,abrupt,severity,severity_only,24.0,True,True,False,0.0
680,abrupt,severity,external_only,24.0,True,True,False,0.0
680,abrupt,severity,internal_only,24.0,True,True,False,0.0
680,abrupt,severity,prism,24.0,True,True,False,0.0
681,abrupt,severity,severity_only,24.0,True,True,False,0.0
681,abrupt,severity,external_only,24.0,True,True,False,0.0
681,abrupt,severity,internal_only,24.0,True,True,False,0.0
681,abrupt,severity,prism,24.0,True,True,False,0.0
682,abrupt,severity,severity_only,24.0,True,True,False,0.0
682,abrupt,severity,external_only,24.0,True,True,False,0.0
682,abrupt,severity,internal_only,24.0,True,True,False,0.0
682,abrupt,severity,prism,24.0,True,True,False,0.0
683,abrupt,severity,severity_only,24.0,True,True,False,0.0
683,abrupt,severity,external_only,24.0,True,True,False,0.0
683,abrupt,severity,internal_only,24.0,True,True,False,0.0
683,abrupt,severity,prism,24.0,True,True,False,0.0
684,abrupt,severity,severity_only,24.0,True,True,False,0.0
684,abrupt,severity,external_only,18.0,False,False,True,
684,abrupt,severity,internal_only,24.0,True,True,False,0.0
684,abrupt,severity,prism,24.0,True,True,False,0.0
685,abrupt,severity,severity_only,24.0,True,True,False,0.0
685,abrupt,severity,external_only,24.0,True,True,False,0.0
685,abrupt,severity,internal_only,24.0,True,True,False,0.0
685,abrupt,severity,prism,22.0,True,True,False,2.0
686,abrupt,severity,severity_only,24.0,True,True,False,0.0
686,abrupt,severity,external_only,24.0,True,True,False,0.0
686,abrupt,severity,internal_only,24.0,True,True,False,0.0
686,abrupt,severity,prism,24.0,True,True,False,0.0
687,abrupt,severity,severity_only,24.0,True,True,False,0.0
687,abrupt,severity,external_only,24.0,True,True,False,0.0
687,abrupt,severity,internal_only,24.0,True,True,False,0.0
687,abrupt,severity,prism,24.0,True,True,False,0.0
688,abrupt,severity,severity_only,24.0,True,True,False,0.0
688,abrupt,severity,external_only,24.0,True,True,False,0.0
688,abrupt,severity,internal_only,24.0,True,True,False,0.0
688,abrupt,severity,prism,24.0,True,True,False,0.0
689,abrupt,severity,severity_only,24.0,True,True,False,0.0
689,abrupt,severity,external_only,24.0,True,True,False,0.0
689,abrupt,severity,internal_only,24.0,True,True,False,0.0
689,abrupt,severity,prism,24.0,True,True,False,0.0
690,abrupt,severity,severity_only,24.0,True,True,False,0.0
690,abrupt,severity,external_only,24.0,True,True,False,0.0
690,abrupt,severity,internal_only,24.0,True,True,False,0.0
690,abrupt,severity,prism,24.0,True,True,False,0.0
691,abrupt,severity,severity_only,24.0,True,True,False,0.0
691,abrupt,severity,external_only,24.0,True,True,False,0.0
691,abrupt,severity,internal_only,24.0,True,True,False,0.0
691,abrupt,severity,prism,24.0,True,True,False,0.0
692,abrupt,severity,severity_only,24.0,True,True,False,0.0
692,abrupt,severity,external_only,24.0,True,True,False,0.0
692,abrupt,severity,internal_only,24.0,True,True,False,0.0
692,abrupt,severity,prism,24.0,True,True,False,0.0
693,abrupt,severity,severity_only,24.0,True,True,False,0.0
693,abrupt,severity,external_only,24.0,True,True,False,0.0
693,abrupt,severity,internal_only,24.0,True,True,False,0.0
693,abrupt,severity,prism,24.0,True,True,False,0.0
694,abrupt,severity,severity_only,24.0,True,True,False,0.0
694,abrupt,severity,external_only,24.0,True,True,False,0.0
694,abrupt,severity,internal_only,24.0,True,True,False,0.0
694,abrupt,severity,prism,24.0,True,True,False,0.0
695,abrupt,severity,severity_only,24.0,True,True,False,0.0
695,abrupt,severity,external_only,24.0,True,True,False,0.0
695,abrupt,severity,internal_only,24.0,True,True,False,0.0
695,abrupt,severity,prism,24.0,True,True,False,0.0
696,abrupt,severity,severity_only,24.0,True,True,False,0.0
696,abrupt,severity,external_only,24.0,True,True,False,0.0
696,abrupt,severity,internal_only,24.0,True,True,False,0.0
696,abrupt,severity,prism,24.0,True,True,False,0.0
697,abrupt,severity,severity_only,24.0,True,True,False,0.0
697,abrupt,severity,external_only,24.0,True,True,False,0.0
697,abrupt,severity,internal_only,24.0,True,True,False,0.0
697,abrupt,severity,prism,24.0,True,True,False,0.0
698,abrupt,severity,severity_only,24.0,True,True,False,0.0
698,abrupt,severity,external_only,24.0,True,True,False,0.0
698,abrupt,severity,internal_only,24.0,True,True,False,0.0
698,abrupt,severity,prism,24.0,True,True,False,0.0
699,abrupt,severity,severity_only,24.0,True,True,False,0.0
699,abrupt,severity,external_only,24.0,True,True,False,0.0
699,abrupt,severity,internal_only,24.0,True,True,False,0.0
699,abrupt,severity,prism,24.0,True,True,False,0.0
700,abrupt,severity,severity_only,,False,False,False,
700,abrupt,severity,external_only,24.0,True,True,False,0.0
700,abrupt,severity,internal_only,,False,False,False,
700,abrupt,severity,prism,24.0,True,True,False,0.0
701,abrupt,severity,severity_only,24.0,True,True,False,0.0
701,abrupt,severity,external_only,24.0,True,True,False,0.0
701,abrupt,severity,internal_only,24.0,True,True,False,0.0
701,abrupt,severity,prism,24.0,True,True,False,0.0
702,abrupt,severity,severity_only,24.0,True,True,False,0.0
702,abrupt,severity,external_only,24.0,True,True,False,0.0
702,abrupt,severity,internal_only,24.0,True,True,False,0.0
702,abrupt,severity,prism,24.0,True,True,False,0.0
703,abrupt,severity,severity_only,24.0,True,True,False,0.0
703,abrupt,severity,external_only,24.0,True,True,False,0.0
703,abrupt,severity,internal_only,24.0,True,True,False,0.0
703,abrupt,severity,prism,24.0,True,True,False,0.0
704,abrupt,severity,severity_only,24.0,True,True,False,0.0
704,abrupt,severity,external_only,24.0,True,True,False,0.0
704,abrupt,severity,internal_only,24.0,True,True,False,0.0
704,abrupt,severity,prism,24.0,True,True,False,0.0
705,abrupt,severity,severity_only,24.0,True,True,False,0.0
705,abrupt,severity,external_only,24.0,True,True,False,0.0
705,abrupt,severity,internal_only,24.0,True,True,False,0.0
705,abrupt,severity,prism,24.0,True,True,False,0.0
706,abrupt,severity,severity_only,24.0,True,True,False,0.0
706,abrupt,severity,external_only,24.0,True,True,False,0.0
706,abrupt,severity,internal_only,24.0,True,True,False,0.0
706,abrupt,severity,prism,24.0,True,True,False,0.0
707,abrupt,severity,severity_only,24.0,True,True,False,0.0
707,abrupt,severity,external_only,24.0,True,True,False,0.0
707,abrupt,severity,internal_only,24.0,True,True,False,0.0
707,abrupt,severity,prism,24.0,True,True,False,0.0
708,abrupt,severity,severity_only,24.0,True,True,False,0.0
708,abrupt,severity,external_only,24.0,True,True,False,0.0
708,abrupt,severity,internal_only,24.0,True,True,False,0.0
708,abrupt,severity,prism,24.0,True,True,False,0.0
709,abrupt,severity,severity_only,24.0,True,True,False,0.0
709,abrupt,severity,external_only,24.0,True,True,False,0.0
709,abrupt,severity,internal_only,24.0,True,True,False,0.0
709,abrupt,severity,prism,23.0,True,True,False,1.0
710,abrupt,severity,severity_only,24.0,True,True,False,0.0
710,abrupt,severity,external_only,24.0,True,True,False,0.0
710,abrupt,severity,internal_only,24.0,True,True,False,0.0
710,abrupt,severity,prism,24.0,True,True,False,0.0
711,abrupt,severity,severity_only,24.0,True,True,False,0.0
711,abrupt,severity,external_only,4.0,False,False,True,
711,abrupt,severity,internal_only,24.0,True,True,False,0.0
711,abrupt,severity,prism,4.0,False,False,True,
712,abrupt,severity,severity_only,24.0,True,True,False,0.0
712,abrupt,severity,external_only,24.0,True,True,False,0.0
712,abrupt,severity,internal_only,24.0,True,True,False,0.0
712,abrupt,severity,prism,23.0,True,True,False,1.0
713,abrupt,severity,severity_only,24.0,True,True,False,0.0
713,abrupt,severity,external_only,24.0,True,True,False,0.0
713,abrupt,severity,internal_only,24.0,True,True,False,0.0
713,abrupt,severity,prism,24.0,True,True,False,0.0
714,abrupt,severity,severity_only,24.0,True,True,False,0.0
714,abrupt,severity,external_only,24.0,True,True,False,0.0
714,abrupt,severity,internal_only,26.0,True,False,False,-2.0
714,abrupt,severity,prism,24.0,True,True,False,0.0
715,abrupt,severity,severity_only,24.0,True,True,False,0.0
715,abrupt,severity,external_only,24.0,True,True,False,0.0
715,abrupt,severity,internal_only,24.0,True,True,False,0.0
715,abrupt,severity,prism,24.0,True,True,False,0.0
716,abrupt,severity,severity_only,24.0,True,True,False,0.0
716,abrupt,severity,external_only,24.0,True,True,False,0.0
716,abrupt,severity,internal_only,24.0,True,True,False,0.0
716,abrupt,severity,prism,24.0,True,True,False,0.0
717,abrupt,severity,severity_only,24.0,True,True,False,0.0
717,abrupt,severity,external_only,24.0,True,True,False,0.0
717,abrupt,severity,internal_only,24.0,True,True,False,0.0
717,abrupt,severity,prism,24.0,True,True,False,0.0
718,abrupt,severity,severity_only,24.0,True,True,False,0.0
718,abrupt,severity,external_only,24.0,True,True,False,0.0
718,abrupt,severity,internal_only,24.0,True,True,False,0.0
718,abrupt,severity,prism,24.0,True,True,False,0.0
719,abrupt,severity,severity_only,24.0,True,True,False,0.0
719,abrupt,severity,external_only,24.0,True,True,False,0.0
719,abrupt,severity,internal_only,24.0,True,True,False,0.0
719,abrupt,severity,prism,24.0,True,True,False,0.0
720,abrupt,severity,severity_only,24.0,True,True,False,0.0
720,abrupt,severity,external_only,24.0,True,True,False,0.0
720,abrupt,severity,internal_only,24.0,True,True,False,0.0
720,abrupt,severity,prism,24.0,True,True,False,0.0
721,abrupt,severity,severity_only,24.0,True,True,False,0.0
721,abrupt,severity,external_only,24.0,True,True,False,0.0
721,abrupt,severity,internal_only,24.0,True,True,False,0.0
721,abrupt,severity,prism,24.0,True,True,False,0.0
722,abrupt,severity,severity_only,24.0,True,True,False,0.0
722,abrupt,severity,external_only,24.0,True,True,False,0.0
722,abrupt,severity,internal_only,24.0,True,True,False,0.0
722,abrupt,severity,prism,24.0,True,True,False,0.0
723,abrupt,severity,severity_only,24.0,True,True,False,0.0
723,abrupt,severity,external_only,24.0,True,True,False,0.0
723,abrupt,severity,internal_only,24.0,True,True,False,0.0
723,abrupt,severity,prism,24.0,True,True,False,0.0
724,abrupt,severity,severity_only,24.0,True,True,False,0.0
724,abrupt,severity,external_only,24.0,True,True,False,0.0
724,abrupt,severity,internal_only,24.0,True,True,False,0.0
724,abrupt,severity,prism,24.0,True,True,False,0.0
725,abrupt,severity,severity_only,24.0,True,True,False,0.0
725,abrupt,severity,external_only,24.0,True,True,False,0.0
725,abrupt,severity,internal_only,24.0,True,True,False,0.0
725,abrupt,severity,prism,24.0,True,True,False,0.0
726,abrupt,severity,severity_only,24.0,True,True,False,0.0
726,abrupt,severity,external_only,24.0,True,True,False,0.0
726,abrupt,severity,internal_only,24.0,True,True,False,0.0
726,abrupt,severity,prism,24.0,True,True,False,0.0
727,abrupt,severity,severity_only,24.0,True,True,False,0.0
727,abrupt,severity,external_only,24.0,True,True,False,0.0
727,abrupt,severity,internal_only,24.0,True,True,False,0.0
727,abrupt,severity,prism,24.0,True,True,False,0.0
728,abrupt,severity,severity_only,24.0,True,True,False,0.0
728,abrupt,severity,external_only,24.0,True,True,False,0.0
728,abrupt,severity,internal_only,24.0,True,True,False,0.0
728,abrupt,severity,prism,24.0,True,True,False,0.0
729,abrupt,severity,severity_only,24.0,True,True,False,0.0
729,abrupt,severity,external_only,24.0,True,True,False,0.0
729,abrupt,severity,internal_only,24.0,True,True,False,0.0
729,abrupt,severity,prism,23.0,True,True,False,1.0
730,abrupt,severity,severity_only,24.0,True,True,False,0.0
730,abrupt,severity,external_only,24.0,True,True,False,0.0
730,abrupt,severity,internal_only,24.0,True,True,False,0.0
730,abrupt,severity,prism,24.0,True,True,False,0.0
731,abrupt,severity,severity_only,24.0,True,True,False,0.0
731,abrupt,severity,external_only,24.0,True,True,False,0.0
731,abrupt,severity,internal_only,24.0,True,True,False,0.0
731,abrupt,severity,prism,24.0,True,True,False,0.0
732,abrupt,severity,severity_only,24.0,True,True,False,0.0
732,abrupt,severity,external_only,24.0,True,True,False,0.0
732,abrupt,severity,internal_only,24.0,True,True,False,0.0
732,abrupt,severity,prism,24.0,True,True,False,0.0
733,abrupt,severity,severity_only,24.0,True,True,False,0.0
733,abrupt,severity,external_only,24.0,True,True,False,0.0
733,abrupt,severity,internal_only,24.0,True,True,False,0.0
733,abrupt,severity,prism,24.0,True,True,False,0.0
734,abrupt,severity,severity_only,23.0,True,True,False,1.0
734,abrupt,severity,external_only,22.0,True,True,False,2.0
734,abrupt,severity,internal_only,22.0,True,True,False,2.0
734,abrupt,severity,prism,22.0,True,True,False,2.0
735,abrupt,severity,severity_only,24.0,True,True,False,0.0
735,abrupt,severity,external_only,24.0,True,True,False,0.0
735,abrupt,severity,internal_only,24.0,True,True,False,0.0
735,abrupt,severity,prism,24.0,True,True,False,0.0
736,abrupt,severity,severity_only,24.0,True,True,False,0.0
736,abrupt,severity,external_only,24.0,True,True,False,0.0
736,abrupt,severity,internal_only,24.0,True,True,False,0.0
736,abrupt,severity,prism,24.0,True,True,False,0.0
737,abrupt,severity,severity_only,24.0,True,True,False,0.0
737,abrupt,severity,external_only,24.0,True,True,False,0.0
737,abrupt,severity,internal_only,24.0,True,True,False,0.0
737,abrupt,severity,prism,24.0,True,True,False,0.0
738,abrupt,severity,severity_only,24.0,True,True,False,0.0
738,abrupt,severity,external_only,24.0,True,True,False,0.0
738,abrupt,severity,internal_only,24.0,True,True,False,0.0
738,abrupt,severity,prism,24.0,True,True,False,0.0
739,abrupt,severity,severity_only,24.0,True,True,False,0.0
739,abrupt,severity,external_only,24.0,True,True,False,0.0
739,abrupt,severity,internal_only,24.0,True,True,False,0.0
739,abrupt,severity,prism,24.0,True,True,False,0.0
740,abrupt,severity,severity_only,24.0,True,True,False,0.0
740,abrupt,severity,external_only,24.0,True,True,False,0.0
740,abrupt,severity,internal_only,24.0,True,True,False,0.0
740,abrupt,severity,prism,24.0,True,True,False,0.0
741,abrupt,severity,severity_only,24.0,True,True,False,0.0
741,abrupt,severity,external_only,24.0,True,True,False,0.0
741,abrupt,severity,internal_only,24.0,True,True,False,0.0
741,abrupt,severity,prism,24.0,True,True,False,0.0
742,abrupt,severity,severity_only,24.0,True,True,False,0.0
742,abrupt,severity,external_only,24.0,True,True,False,0.0
742,abrupt,severity,internal_only,24.0,True,True,False,0.0
742,abrupt,severity,prism,24.0,True,True,False,0.0
743,abrupt,severity,severity_only,24.0,True,True,False,0.0
743,abrupt,severity,external_only,24.0,True,True,False,0.0
743,abrupt,severity,internal_only,24.0,True,True,False,0.0
743,abrupt,severity,prism,24.0,True,True,False,0.0
744,abrupt,severity,severity_only,24.0,True,True,False,0.0
744,abrupt,severity,external_only,24.0,True,True,False,0.0
744,abrupt,severity,internal_only,24.0,True,True,False,0.0
744,abrupt,severity,prism,24.0,True,True,False,0.0
745,abrupt,severity,severity_only,24.0,True,True,False,0.0
745,abrupt,severity,external_only,24.0,True,True,False,0.0
745,abrupt,severity,internal_only,24.0,True,True,False,0.0
745,abrupt,severity,prism,24.0,True,True,False,0.0
746,abrupt,severity,severity_only,24.0,True,True,False,0.0
746,abrupt,severity,external_only,24.0,True,True,False,0.0
746,abrupt,severity,internal_only,24.0,True,True,False,0.0
746,abrupt,severity,prism,24.0,True,True,False,0.0
747,abrupt,severity,severity_only,24.0,True,True,False,0.0
747,abrupt,severity,external_only,24.0,True,True,False,0.0
747,abrupt,severity,internal_only,24.0,True,True,False,0.0
747,abrupt,severity,prism,24.0,True,True,False,0.0
748,abrupt,severity,severity_only,24.0,True,True,False,0.0
748,abrupt,severity,external_only,24.0,True,True,False,0.0
748,abrupt,severity,internal_only,24.0,True,True,False,0.0
748,abrupt,severity,prism,24.0,True,True,False,0.0
749,abrupt,severity,severity_only,19.0,False,False,True,
749,abrupt,severity,external_only,19.0,False,False,True,
749,abrupt,severity,internal_only,19.0,False,False,True,
749,abrupt,severity,prism,24.0,True,True,False,0.0
750,abrupt,severity,severity_only,24.0,True,True,False,0.0
750,abrupt,severity,external_only,24.0,True,True,False,0.0
750,abrupt,severity,internal_only,24.0,True,True,False,0.0
750,abrupt,severity,prism,24.0,True,True,False,0.0
751,abrupt,severity,severity_only,24.0,True,True,False,0.0
751,abrupt,severity,external_only,24.0,True,True,False,0.0
751,abrupt,severity,internal_only,24.0,True,True,False,0.0
751,abrupt,severity,prism,24.0,True,True,False,0.0
752,abrupt,severity,severity_only,29.0,True,False,False,-5.0
752,abrupt,severity,external_only,24.0,True,True,False,0.0
752,abrupt,severity,internal_only,24.0,True,True,False,0.0
752,abrupt,severity,prism,24.0,True,True,False,0.0
753,abrupt,severity,severity_only,24.0,True,True,False,0.0
753,abrupt,severity,external_only,24.0,True,True,False,0.0
753,abrupt,severity,internal_only,24.0,True,True,False,0.0
753,abrupt,severity,prism,24.0,True,True,False,0.0
754,abrupt,severity,severity_only,24.0,True,True,False,0.0
754,abrupt,severity,external_only,24.0,True,True,False,0.0
754,abrupt,severity,internal_only,24.0,True,True,False,0.0
754,abrupt,severity,prism,24.0,True,True,False,0.0
755,abrupt,severity,severity_only,24.0,True,True,False,0.0
755,abrupt,severity,external_only,24.0,True,True,False,0.0
755,abrupt,severity,internal_only,24.0,True,True,False,0.0
755,abrupt,severity,prism,23.0,True,True,False,1.0
756,abrupt,severity,severity_only,24.0,True,True,False,0.0
756,abrupt,severity,external_only,24.0,True,True,False,0.0
756,abrupt,severity,internal_only,24.0,True,True,False,0.0
756,abrupt,severity,prism,24.0,True,True,False,0.0
757,abrupt,severity,severity_only,24.0,True,True,False,0.0
757,abrupt,severity,external_only,24.0,True,True,False,0.0
757,abrupt,severity,internal_only,24.0,True,True,False,0.0
757,abrupt,severity,prism,21.0,False,False,False,
758,abrupt,severity,severity_only,24.0,True,True,False,0.0
758,abrupt,severity,external_only,24.0,True,True,False,0.0
758,abrupt,severity,internal_only,24.0,True,True,False,0.0
758,abrupt,severity,prism,19.0,False,False,True,
759,abrupt,severity,severity_only,,False,False,False,
759,abrupt,severity,external_only,24.0,True,True,False,0.0
759,abrupt,severity,internal_only,,False,False,False,
759,abrupt,severity,prism,24.0,True,True,False,0.0
760,abrupt,severity,severity_only,24.0,True,True,False,0.0
760,abrupt,severity,external_only,24.0,True,True,False,0.0
760,abrupt,severity,internal_only,24.0,True,True,False,0.0
760,abrupt,severity,prism,24.0,True,True,False,0.0
761,abrupt,severity,severity_only,24.0,True,True,False,0.0
761,abrupt,severity,external_only,24.0,True,True,False,0.0
761,abrupt,severity,internal_only,24.0,True,True,False,0.0
761,abrupt,severity,prism,24.0,True,True,False,0.0
762,abrupt,severity,severity_only,24.0,True,True,False,0.0
762,abrupt,severity,external_only,24.0,True,True,False,0.0
762,abrupt,severity,internal_only,24.0,True,True,False,0.0
762,abrupt,severity,prism,24.0,True,True,False,0.0
763,abrupt,severity,severity_only,9.0,False,False,True,
763,abrupt,severity,external_only,9.0,False,False,True,
763,abrupt,severity,internal_only,9.0,False,False,True,
763,abrupt,severity,prism,9.0,False,False,True,
764,abrupt,severity,severity_only,4.0,False,False,True,
764,abrupt,severity,external_only,24.0,True,True,False,0.0
764,abrupt,severity,internal_only,4.0,False,False,True,
764,abrupt,severity,prism,24.0,True,True,False,0.0
765,abrupt,severity,severity_only,24.0,True,True,False,0.0
765,abrupt,severity,external_only,24.0,True,True,False,0.0
765,abrupt,severity,internal_only,24.0,True,True,False,0.0
765,abrupt,severity,prism,24.0,True,True,False,0.0
766,abrupt,severity,severity_only,24.0,True,True,False,0.0
766,abrupt,severity,external_only,24.0,True,True,False,0.0
766,abrupt,severity,internal_only,24.0,True,True,False,0.0
766,abrupt,severity,prism,24.0,True,True,False,0.0
767,abrupt,severity,severity_only,24.0,True,True,False,0.0
767,abrupt,severity,external_only,24.0,True,True,False,0.0
767,abrupt,severity,internal_only,21.0,False,False,False,
767,abrupt,severity,prism,21.0,False,False,False,
768,abrupt,severity,severity_only,24.0,True,True,False,0.0
768,abrupt,severity,external_only,24.0,True,True,False,0.0
768,abrupt,severity,internal_only,24.0,True,True,False,0.0
768,abrupt,severity,prism,24.0,True,True,False,0.0
769,abrupt,severity,severity_only,24.0,True,True,False,0.0
769,abrupt,severity,external_only,24.0,True,True,False,0.0
769,abrupt,severity,internal_only,24.0,True,True,False,0.0
769,abrupt,severity,prism,24.0,True,True,False,0.0
770,abrupt,severity,severity_only,24.0,True,True,False,0.0
770,abrupt,severity,external_only,24.0,True,True,False,0.0
770,abrupt,severity,internal_only,24.0,True,True,False,0.0
770,abrupt,severity,prism,24.0,True,True,False,0.0
771,abrupt,severity,severity_only,24.0,True,True,False,0.0
771,abrupt,severity,external_only,24.0,True,True,False,0.0
771,abrupt,severity,internal_only,24.0,True,True,False,0.0
771,abrupt,severity,prism,24.0,True,True,False,0.0
772,abrupt,severity,severity_only,24.0,True,True,False,0.0
772,abrupt,severity,external_only,24.0,True,True,False,0.0
772,abrupt,severity,internal_only,24.0,True,True,False,0.0
772,abrupt,severity,prism,24.0,True,True,False,0.0
773,abrupt,severity,severity_only,24.0,True,True,False,0.0
773,abrupt,severity,external_only,24.0,True,True,False,0.0
773,abrupt,severity,internal_only,24.0,True,True,False,0.0
773,abrupt,severity,prism,24.0,True,True,False,0.0
774,abrupt,severity,severity_only,24.0,True,True,False,0.0
774,abrupt,severity,external_only,24.0,True,True,False,0.0
774,abrupt,severity,internal_only,24.0,True,True,False,0.0
774,abrupt,severity,prism,24.0,True,True,False,0.0
775,abrupt,severity,severity_only,24.0,True,True,False,0.0
775,abrupt,severity,external_only,24.0,True,True,False,0.0
775,abrupt,severity,internal_only,24.0,True,True,False,0.0
775,abrupt,severity,prism,24.0,True,True,False,0.0
776,abrupt,severity,severity_only,24.0,True,True,False,0.0
776,abrupt,severity,external_only,24.0,True,True,False,0.0
776,abrupt,severity,internal_only,24.0,True,True,False,0.0
776,abrupt,severity,prism,24.0,True,True,False,0.0
777,abrupt,severity,severity_only,24.0,True,True,False,0.0
777,abrupt,severity,external_only,24.0,True,True,False,0.0
777,abrupt,severity,internal_only,24.0,True,True,False,0.0
777,abrupt,severity,prism,24.0,True,True,False,0.0
778,abrupt,severity,severity_only,24.0,True,True,False,0.0
778,abrupt,severity,external_only,24.0,True,True,False,0.0
778,abrupt,severity,internal_only,24.0,True,True,False,0.0
778,abrupt,severity,prism,24.0,True,True,False,0.0
779,abrupt,severity,severity_only,24.0,True,True,False,0.0
779,abrupt,severity,external_only,24.0,True,True,False,0.0
779,abrupt,severity,internal_only,24.0,True,True,False,0.0
779,abrupt,severity,prism,24.0,True,True,False,0.0
780,abrupt,severity,severity_only,24.0,True,True,False,0.0
780,abrupt,severity,external_only,24.0,True,True,False,0.0
780,abrupt,severity,internal_only,24.0,True,True,False,0.0
780,abrupt,severity,prism,24.0,True,True,False,0.0
781,abrupt,severity,severity_only,24.0,True,True,False,0.0
781,abrupt,severity,external_only,24.0,True,True,False,0.0
781,abrupt,severity,internal_only,24.0,True,True,False,0.0
781,abrupt,severity,prism,24.0,True,True,False,0.0
782,abrupt,severity,severity_only,24.0,True,True,False,0.0
782,abrupt,severity,external_only,24.0,True,True,False,0.0
782,abrupt,severity,internal_only,24.0,True,True,False,0.0
782,abrupt,severity,prism,24.0,True,True,False,0.0
783,abrupt,severity,severity_only,20.0,False,False,True,
783,abrupt,severity,external_only,20.0,False,False,True,
783,abrupt,severity,internal_only,20.0,False,False,True,
783,abrupt,severity,prism,20.0,False,False,True,
784,abrupt,severity,severity_only,,False,False,False,
784,abrupt,severity,external_only,25.0,True,False,False,-1.0
784,abrupt,severity,internal_only,25.0,True,False,False,-1.0
784,abrupt,severity,prism,23.0,True,True,False,1.0
785,abrupt,severity,severity_only,24.0,True,True,False,0.0
785,abrupt,severity,external_only,24.0,True,True,False,0.0
785,abrupt,severity,internal_only,24.0,True,True,False,0.0
785,abrupt,severity,prism,24.0,True,True,False,0.0
786,abrupt,severity,severity_only,24.0,True,True,False,0.0
786,abrupt,severity,external_only,24.0,True,True,False,0.0
786,abrupt,severity,internal_only,24.0,True,True,False,0.0
786,abrupt,severity,prism,24.0,True,True,False,0.0
787,abrupt,severity,severity_only,24.0,True,True,False,0.0
787,abrupt,severity,external_only,24.0,True,True,False,0.0
787,abrupt,severity,internal_only,24.0,True,True,False,0.0
787,abrupt,severity,prism,24.0,True,True,False,0.0
788,abrupt,severity,severity_only,5.0,False,False,True,
788,abrupt,severity,external_only,5.0,False,False,True,
788,abrupt,severity,internal_only,5.0,False,False,True,
788,abrupt,severity,prism,5.0,False,False,True,
789,abrupt,severity,severity_only,24.0,True,True,False,0.0
789,abrupt,severity,external_only,24.0,True,True,False,0.0
789,abrupt,severity,internal_only,24.0,True,True,False,0.0
789,abrupt,severity,prism,24.0,True,True,False,0.0
790,abrupt,severity,severity_only,24.0,True,True,False,0.0
790,abrupt,severity,external_only,24.0,True,True,False,0.0
790,abrupt,severity,internal_only,,False,False,False,
790,abrupt,severity,prism,24.0,True,True,False,0.0
791,abrupt,severity,severity_only,26.0,True,False,False,-2.0
791,abrupt,severity,external_only,24.0,True,True,False,0.0
791,abrupt,severity,internal_only,25.0,True,False,False,-1.0
791,abrupt,severity,prism,24.0,True,True,False,0.0
792,abrupt,severity,severity_only,24.0,True,True,False,0.0
792,abrupt,severity,external_only,24.0,True,True,False,0.0
792,abrupt,severity,internal_only,24.0,True,True,False,0.0
792,abrupt,severity,prism,24.0,True,True,False,0.0
793,abrupt,severity,severity_only,24.0,True,True,False,0.0
793,abrupt,severity,external_only,24.0,True,True,False,0.0
793,abrupt,severity,internal_only,24.0,True,True,False,0.0
793,abrupt,severity,prism,24.0,True,True,False,0.0
794,abrupt,severity,severity_only,24.0,True,True,False,0.0
794,abrupt,severity,external_only,24.0,True,True,False,0.0
794,abrupt,severity,internal_only,24.0,True,True,False,0.0
794,abrupt,severity,prism,24.0,True,True,False,0.0
795,abrupt,severity,severity_only,24.0,True,True,False,0.0
795,abrupt,severity,external_only,24.0,True,True,False,0.0
795,abrupt,severity,internal_only,24.0,True,True,False,0.0
795,abrupt,severity,prism,24.0,True,True,False,0.0
796,abrupt,severity,severity_only,24.0,True,True,False,0.0
796,abrupt,severity,external_only,24.0,True,True,False,0.0
796,abrupt,severity,internal_only,24.0,True,True,False,0.0
796,abrupt,severity,prism,24.0,True,True,False,0.0
797,abrupt,severity,severity_only,24.0,True,True,False,0.0
797,abrupt,severity,external_only,24.0,True,True,False,0.0
797,abrupt,severity,internal_only,24.0,True,True,False,0.0
797,abrupt,severity,prism,24.0,True,True,False,0.0
798,abrupt,severity,severity_only,24.0,True,True,False,0.0
798,abrupt,severity,external_only,24.0,True,True,False,0.0
798,abrupt,severity,internal_only,24.0,True,True,False,0.0
798,abrupt,severity,prism,24.0,True,True,False,0.0
799,abrupt,severity,severity_only,24.0,True,True,False,0.0
799,abrupt,severity,external_only,24.0,True,True,False,0.0
799,abrupt,severity,internal_only,24.0,True,True,False,0.0
799,abrupt,severity,prism,19.0,False,False,True,
800,abrupt,severity,severity_only,14.0,False,False,True,
800,abrupt,severity,external_only,24.0,True,True,False,0.0
800,abrupt,severity,internal_only,14.0,False,False,True,
800,abrupt,severity,prism,21.0,False,False,False,
801,abrupt,severity,severity_only,24.0,True,True,False,0.0
801,abrupt,severity,external_only,24.0,True,True,False,0.0
801,abrupt,severity,internal_only,24.0,True,True,False,0.0
801,abrupt,severity,prism,24.0,True,True,False,0.0
802,abrupt,severity,severity_only,24.0,True,True,False,0.0
802,abrupt,severity,external_only,24.0,True,True,False,0.0
802,abrupt,severity,internal_only,24.0,True,True,False,0.0
802,abrupt,severity,prism,24.0,True,True,False,0.0
803,abrupt,severity,severity_only,24.0,True,True,False,0.0
803,abrupt,severity,external_only,15.0,False,False,True,
803,abrupt,severity,internal_only,24.0,True,True,False,0.0
803,abrupt,severity,prism,15.0,False,False,True,
804,abrupt,severity,severity_only,24.0,True,True,False,0.0
804,abrupt,severity,external_only,24.0,True,True,False,0.0
804,abrupt,severity,internal_only,24.0,True,True,False,0.0
804,abrupt,severity,prism,24.0,True,True,False,0.0
805,abrupt,severity,severity_only,24.0,True,True,False,0.0
805,abrupt,severity,external_only,24.0,True,True,False,0.0
805,abrupt,severity,internal_only,24.0,True,True,False,0.0
805,abrupt,severity,prism,24.0,True,True,False,0.0
806,abrupt,severity,severity_only,24.0,True,True,False,0.0
806,abrupt,severity,external_only,24.0,True,True,False,0.0
806,abrupt,severity,internal_only,24.0,True,True,False,0.0
806,abrupt,severity,prism,24.0,True,True,False,0.0
807,abrupt,severity,severity_only,24.0,True,True,False,0.0
807,abrupt,severity,external_only,24.0,True,True,False,0.0
807,abrupt,severity,internal_only,24.0,True,True,False,0.0
807,abrupt,severity,prism,24.0,True,True,False,0.0
808,abrupt,severity,severity_only,24.0,True,True,False,0.0
808,abrupt,severity,external_only,24.0,True,True,False,0.0
808,abrupt,severity,internal_only,24.0,True,True,False,0.0
808,abrupt,severity,prism,24.0,True,True,False,0.0
809,abrupt,severity,severity_only,24.0,True,True,False,0.0
809,abrupt,severity,external_only,15.0,False,False,True,
809,abrupt,severity,internal_only,24.0,True,True,False,0.0
809,abrupt,severity,prism,15.0,False,False,True,
810,abrupt,severity,severity_only,24.0,True,True,False,0.0
810,abrupt,severity,external_only,24.0,True,True,False,0.0
810,abrupt,severity,internal_only,24.0,True,True,False,0.0
810,abrupt,severity,prism,24.0,True,True,False,0.0
811,abrupt,severity,severity_only,24.0,True,True,False,0.0
811,abrupt,severity,external_only,24.0,True,True,False,0.0
811,abrupt,severity,internal_only,24.0,True,True,False,0.0
811,abrupt,severity,prism,24.0,True,True,False,0.0
812,abrupt,severity,severity_only,24.0,True,True,False,0.0
812,abrupt,severity,external_only,24.0,True,True,False,0.0
812,abrupt,severity,internal_only,19.0,False,False,True,
812,abrupt,severity,prism,24.0,True,True,False,0.0
813,abrupt,severity,severity_only,24.0,True,True,False,0.0
813,abrupt,severity,external_only,24.0,True,True,False,0.0
813,abrupt,severity,internal_only,24.0,True,True,False,0.0
813,abrupt,severity,prism,24.0,True,True,False,0.0
814,abrupt,severity,severity_only,11.0,False,False,True,
814,abrupt,severity,external_only,11.0,False,False,True,
814,abrupt,severity,internal_only,11.0,False,False,True,
814,abrupt,severity,prism,11.0,False,False,True,
815,abrupt,severity,severity_only,,False,False,False,
815,abrupt,severity,external_only,24.0,True,True,False,0.0
815,abrupt,severity,internal_only,24.0,True,True,False,0.0
815,abrupt,severity,prism,22.0,True,True,False,2.0
816,abrupt,severity,severity_only,24.0,True,True,False,0.0
816,abrupt,severity,external_only,24.0,True,True,False,0.0
816,abrupt,severity,internal_only,24.0,True,True,False,0.0
816,abrupt,severity,prism,24.0,True,True,False,0.0
817,abrupt,severity,severity_only,24.0,True,True,False,0.0
817,abrupt,severity,external_only,24.0,True,True,False,0.0
817,abrupt,severity,internal_only,24.0,True,True,False,0.0
817,abrupt,severity,prism,24.0,True,True,False,0.0
818,abrupt,severity,severity_only,24.0,True,True,False,0.0
818,abrupt,severity,external_only,24.0,True,True,False,0.0
818,abrupt,severity,internal_only,24.0,True,True,False,0.0
818,abrupt,severity,prism,24.0,True,True,False,0.0
819,abrupt,severity,severity_only,24.0,True,True,False,0.0
819,abrupt,severity,external_only,24.0,True,True,False,0.0
819,abrupt,severity,internal_only,24.0,True,True,False,0.0
819,abrupt,severity,prism,22.0,True,True,False,2.0
820,abrupt,severity,severity_only,24.0,True,True,False,0.0
820,abrupt,severity,external_only,24.0,True,True,False,0.0
820,abrupt,severity,internal_only,24.0,True,True,False,0.0
820,abrupt,severity,prism,24.0,True,True,False,0.0
821,abrupt,severity,severity_only,24.0,True,True,False,0.0
821,abrupt,severity,external_only,24.0,True,True,False,0.0
821,abrupt,severity,internal_only,24.0,True,True,False,0.0
821,abrupt,severity,prism,24.0,True,True,False,0.0
822,abrupt,severity,severity_only,,False,False,False,
822,abrupt,severity,external_only,24.0,True,True,False,0.0
822,abrupt,severity,internal_only,25.0,True,False,False,-1.0
822,abrupt,severity,prism,24.0,True,True,False,0.0
823,abrupt,severity,severity_only,24.0,True,True,False,0.0
823,abrupt,severity,external_only,24.0,True,True,False,0.0
823,abrupt,severity,internal_only,24.0,True,True,False,0.0
823,abrupt,severity,prism,24.0,True,True,False,0.0
824,abrupt,severity,severity_only,24.0,True,True,False,0.0
824,abrupt,severity,external_only,24.0,True,True,False,0.0
824,abrupt,severity,internal_only,24.0,True,True,False,0.0
824,abrupt,severity,prism,24.0,True,True,False,0.0
825,abrupt,severity,severity_only,24.0,True,True,False,0.0
825,abrupt,severity,external_only,24.0,True,True,False,0.0
825,abrupt,severity,internal_only,24.0,True,True,False,0.0
825,abrupt,severity,prism,24.0,True,True,False,0.0
826,abrupt,severity,severity_only,24.0,True,True,False,0.0
826,abrupt,severity,external_only,24.0,True,True,False,0.0
826,abrupt,severity,internal_only,24.0,True,True,False,0.0
826,abrupt,severity,prism,24.0,True,True,False,0.0
827,abrupt,severity,severity_only,24.0,True,True,False,0.0
827,abrupt,severity,external_only,24.0,True,True,False,0.0
827,abrupt,severity,internal_only,24.0,True,True,False,0.0
827,abrupt,severity,prism,24.0,True,True,False,0.0
828,abrupt,severity,severity_only,24.0,True,True,False,0.0
828,abrupt,severity,external_only,24.0,True,True,False,0.0
828,abrupt,severity,internal_only,24.0,True,True,False,0.0
828,abrupt,severity,prism,24.0,True,True,False,0.0
829,abrupt,severity,severity_only,24.0,True,True,False,0.0
829,abrupt,severity,external_only,24.0,True,True,False,0.0
829,abrupt,severity,internal_only,24.0,True,True,False,0.0
829,abrupt,severity,prism,24.0,True,True,False,0.0
830,abrupt,severity,severity_only,24.0,True,True,False,0.0
830,abrupt,severity,external_only,24.0,True,True,False,0.0
830,abrupt,severity,internal_only,24.0,True,True,False,0.0
830,abrupt,severity,prism,24.0,True,True,False,0.0
831,abrupt,severity,severity_only,24.0,True,True,False,0.0
831,abrupt,severity,external_only,24.0,True,True,False,0.0
831,abrupt,severity,internal_only,24.0,True,True,False,0.0
831,abrupt,severity,prism,24.0,True,True,False,0.0
832,abrupt,severity,severity_only,24.0,True,True,False,0.0
832,abrupt,severity,external_only,24.0,True,True,False,0.0
832,abrupt,severity,internal_only,24.0,True,True,False,0.0
832,abrupt,severity,prism,24.0,True,True,False,0.0
833,abrupt,severity,severity_only,24.0,True,True,False,0.0
833,abrupt,severity,external_only,24.0,True,True,False,0.0
833,abrupt,severity,internal_only,24.0,True,True,False,0.0
833,abrupt,severity,prism,20.0,False,False,True,
834,abrupt,severity,severity_only,24.0,True,True,False,0.0
834,abrupt,severity,external_only,24.0,True,True,False,0.0
834,abrupt,severity,internal_only,24.0,True,True,False,0.0
834,abrupt,severity,prism,24.0,True,True,False,0.0
835,abrupt,severity,severity_only,24.0,True,True,False,0.0
835,abrupt,severity,external_only,24.0,True,True,False,0.0
835,abrupt,severity,internal_only,24.0,True,True,False,0.0
835,abrupt,severity,prism,24.0,True,True,False,0.0
836,abrupt,severity,severity_only,24.0,True,True,False,0.0
836,abrupt,severity,external_only,24.0,True,True,False,0.0
836,abrupt,severity,internal_only,24.0,True,True,False,0.0
836,abrupt,severity,prism,24.0,True,True,False,0.0
837,abrupt,severity,severity_only,24.0,True,True,False,0.0
837,abrupt,severity,external_only,24.0,True,True,False,0.0
837,abrupt,severity,internal_only,24.0,True,True,False,0.0
837,abrupt,severity,prism,24.0,True,True,False,0.0
838,abrupt,severity,severity_only,24.0,True,True,False,0.0
838,abrupt,severity,external_only,24.0,True,True,False,0.0
838,abrupt,severity,internal_only,24.0,True,True,False,0.0
838,abrupt,severity,prism,24.0,True,True,False,0.0
839,abrupt,severity,severity_only,24.0,True,True,False,0.0
839,abrupt,severity,external_only,24.0,True,True,False,0.0
839,abrupt,severity,internal_only,24.0,True,True,False,0.0
839,abrupt,severity,prism,24.0,True,True,False,0.0
840,abrupt,severity,severity_only,24.0,True,True,False,0.0
840,abrupt,severity,external_only,24.0,True,True,False,0.0
840,abrupt,severity,internal_only,24.0,True,True,False,0.0
840,abrupt,severity,prism,24.0,True,True,False,0.0
841,abrupt,severity,severity_only,24.0,True,True,False,0.0
841,abrupt,severity,external_only,24.0,True,True,False,0.0
841,abrupt,severity,internal_only,24.0,True,True,False,0.0
841,abrupt,severity,prism,24.0,True,True,False,0.0
842,abrupt,severity,severity_only,24.0,True,True,False,0.0
842,abrupt,severity,external_only,23.0,True,True,False,1.0
842,abrupt,severity,internal_only,24.0,True,True,False,0.0
842,abrupt,severity,prism,23.0,True,True,False,1.0
843,abrupt,severity,severity_only,24.0,True,True,False,0.0
843,abrupt,severity,external_only,24.0,True,True,False,0.0
843,abrupt,severity,internal_only,24.0,True,True,False,0.0
843,abrupt,severity,prism,24.0,True,True,False,0.0
844,abrupt,severity,severity_only,24.0,True,True,False,0.0
844,abrupt,severity,external_only,24.0,True,True,False,0.0
844,abrupt,severity,internal_only,24.0,True,True,False,0.0
844,abrupt,severity,prism,24.0,True,True,False,0.0
845,abrupt,severity,severity_only,24.0,True,True,False,0.0
845,abrupt,severity,external_only,24.0,True,True,False,0.0
845,abrupt,severity,internal_only,24.0,True,True,False,0.0
845,abrupt,severity,prism,24.0,True,True,False,0.0
846,abrupt,severity,severity_only,24.0,True,True,False,0.0
846,abrupt,severity,external_only,24.0,True,True,False,0.0
846,abrupt,severity,internal_only,24.0,True,True,False,0.0
846,abrupt,severity,prism,24.0,True,True,False,0.0
847,abrupt,severity,severity_only,6.0,False,False,True,
847,abrupt,severity,external_only,6.0,False,False,True,
847,abrupt,severity,internal_only,6.0,False,False,True,
847,abrupt,severity,prism,6.0,False,False,True,
848,abrupt,severity,severity_only,24.0,True,True,False,0.0
848,abrupt,severity,external_only,24.0,True,True,False,0.0
848,abrupt,severity,internal_only,24.0,True,True,False,0.0
848,abrupt,severity,prism,24.0,True,True,False,0.0
849,abrupt,severity,severity_only,22.0,True,True,False,2.0
849,abrupt,severity,external_only,21.0,False,False,False,
849,abrupt,severity,internal_only,21.0,False,False,False,
849,abrupt,severity,prism,21.0,False,False,False,
850,abrupt,severity,severity_only,24.0,True,True,False,0.0
850,abrupt,severity,external_only,24.0,True,True,False,0.0
850,abrupt,severity,internal_only,24.0,True,True,False,0.0
850,abrupt,severity,prism,24.0,True,True,False,0.0
851,abrupt,severity,severity_only,24.0,True,True,False,0.0
851,abrupt,severity,external_only,24.0,True,True,False,0.0
851,abrupt,severity,internal_only,24.0,True,True,False,0.0
851,abrupt,severity,prism,24.0,True,True,False,0.0
852,abrupt,severity,severity_only,24.0,True,True,False,0.0
852,abrupt,severity,external_only,24.0,True,True,False,0.0
852,abrupt,severity,internal_only,24.0,True,True,False,0.0
852,abrupt,severity,prism,23.0,True,True,False,1.0
853,abrupt,severity,severity_only,24.0,True,True,False,0.0
853,abrupt,severity,external_only,24.0,True,True,False,0.0
853,abrupt,severity,internal_only,24.0,True,True,False,0.0
853,abrupt,severity,prism,24.0,True,True,False,0.0
854,abrupt,severity,severity_only,,False,False,False,
854,abrupt,severity,external_only,25.0,True,False,False,-1.0
854,abrupt,severity,internal_only,24.0,True,True,False,0.0
854,abrupt,severity,prism,23.0,True,True,False,1.0
855,abrupt,severity,severity_only,24.0,True,True,False,0.0
855,abrupt,severity,external_only,24.0,True,True,False,0.0
855,abrupt,severity,internal_only,24.0,True,True,False,0.0
855,abrupt,severity,prism,24.0,True,True,False,0.0
856,abrupt,severity,severity_only,24.0,True,True,False,0.0
856,abrupt,severity,external_only,24.0,True,True,False,0.0
856,abrupt,severity,internal_only,24.0,True,True,False,0.0
856,abrupt,severity,prism,24.0,True,True,False,0.0
857,abrupt,severity,severity_only,24.0,True,True,False,0.0
857,abrupt,severity,external_only,24.0,True,True,False,0.0
857,abrupt,severity,internal_only,24.0,True,True,False,0.0
857,abrupt,severity,prism,24.0,True,True,False,0.0
858,abrupt,severity,severity_only,8.0,False,False,True,
858,abrupt,severity,external_only,8.0,False,False,True,
858,abrupt,severity,internal_only,8.0,False,False,True,
858,abrupt,severity,prism,8.0,False,False,True,
859,abrupt,severity,severity_only,24.0,True,True,False,0.0
859,abrupt,severity,external_only,24.0,True,True,False,0.0
859,abrupt,severity,internal_only,24.0,True,True,False,0.0
859,abrupt,severity,prism,24.0,True,True,False,0.0
860,abrupt,severity,severity_only,4.0,False,False,True,
860,abrupt,severity,external_only,4.0,False,False,True,
860,abrupt,severity,internal_only,4.0,False,False,True,
860,abrupt,severity,prism,4.0,False,False,True,
861,abrupt,severity,severity_only,24.0,True,True,False,0.0
861,abrupt,severity,external_only,24.0,True,True,False,0.0
861,abrupt,severity,internal_only,24.0,True,True,False,0.0
861,abrupt,severity,prism,24.0,True,True,False,0.0
862,abrupt,severity,severity_only,24.0,True,True,False,0.0
862,abrupt,severity,external_only,24.0,True,True,False,0.0
862,abrupt,severity,internal_only,24.0,True,True,False,0.0
862,abrupt,severity,prism,24.0,True,True,False,0.0
863,abrupt,severity,severity_only,24.0,True,True,False,0.0
863,abrupt,severity,external_only,24.0,True,True,False,0.0
863,abrupt,severity,internal_only,24.0,True,True,False,0.0
863,abrupt,severity,prism,24.0,True,True,False,0.0
864,abrupt,severity,severity_only,24.0,True,True,False,0.0
864,abrupt,severity,external_only,24.0,True,True,False,0.0
864,abrupt,severity,internal_only,24.0,True,True,False,0.0
864,abrupt,severity,prism,24.0,True,True,False,0.0
865,abrupt,severity,severity_only,24.0,True,True,False,0.0
865,abrupt,severity,external_only,13.0,False,False,True,
865,abrupt,severity,internal_only,24.0,True,True,False,0.0
865,abrupt,severity,prism,13.0,False,False,True,
866,abrupt,severity,severity_only,24.0,True,True,False,0.0
866,abrupt,severity,external_only,24.0,True,True,False,0.0
866,abrupt,severity,internal_only,24.0,True,True,False,0.0
866,abrupt,severity,prism,24.0,True,True,False,0.0
867,abrupt,severity,severity_only,24.0,True,True,False,0.0
867,abrupt,severity,external_only,24.0,True,True,False,0.0
867,abrupt,severity,internal_only,24.0,True,True,False,0.0
867,abrupt,severity,prism,24.0,True,True,False,0.0
868,abrupt,severity,severity_only,24.0,True,True,False,0.0
868,abrupt,severity,external_only,24.0,True,True,False,0.0
868,abrupt,severity,internal_only,24.0,True,True,False,0.0
868,abrupt,severity,prism,24.0,True,True,False,0.0
869,abrupt,severity,severity_only,24.0,True,True,False,0.0
869,abrupt,severity,external_only,24.0,True,True,False,0.0
869,abrupt,severity,internal_only,24.0,True,True,False,0.0
869,abrupt,severity,prism,24.0,True,True,False,0.0
870,abrupt,severity,severity_only,24.0,True,True,False,0.0
870,abrupt,severity,external_only,24.0,True,True,False,0.0
870,abrupt,severity,internal_only,24.0,True,True,False,0.0
870,abrupt,severity,prism,24.0,True,True,False,0.0
871,abrupt,severity,severity_only,7.0,False,False,True,
871,abrupt,severity,external_only,7.0,False,False,True,
871,abrupt,severity,internal_only,7.0,False,False,True,
871,abrupt,severity,prism,7.0,False,False,True,
872,abrupt,severity,severity_only,24.0,True,True,False,0.0
872,abrupt,severity,external_only,24.0,True,True,False,0.0
872,abrupt,severity,internal_only,24.0,True,True,False,0.0
872,abrupt,severity,prism,24.0,True,True,False,0.0
873,abrupt,severity,severity_only,24.0,True,True,False,0.0
873,abrupt,severity,external_only,24.0,True,True,False,0.0
873,abrupt,severity,internal_only,24.0,True,True,False,0.0
873,abrupt,severity,prism,24.0,True,True,False,0.0
874,abrupt,severity,severity_only,24.0,True,True,False,0.0
874,abrupt,severity,external_only,24.0,True,True,False,0.0
874,abrupt,severity,internal_only,24.0,True,True,False,0.0
874,abrupt,severity,prism,23.0,True,True,False,1.0
875,abrupt,severity,severity_only,25.0,True,False,False,-1.0
875,abrupt,severity,external_only,24.0,True,True,False,0.0
875,abrupt,severity,internal_only,25.0,True,False,False,-1.0
875,abrupt,severity,prism,24.0,True,True,False,0.0
876,abrupt,severity,severity_only,24.0,True,True,False,0.0
876,abrupt,severity,external_only,22.0,True,True,False,2.0
876,abrupt,severity,internal_only,24.0,True,True,False,0.0
876,abrupt,severity,prism,22.0,True,True,False,2.0
877,abrupt,severity,severity_only,24.0,True,True,False,0.0
877,abrupt,severity,external_only,24.0,True,True,False,0.0
877,abrupt,severity,internal_only,24.0,True,True,False,0.0
877,abrupt,severity,prism,24.0,True,True,False,0.0
878,abrupt,severity,severity_only,24.0,True,True,False,0.0
878,abrupt,severity,external_only,24.0,True,True,False,0.0
878,abrupt,severity,internal_only,24.0,True,True,False,0.0
878,abrupt,severity,prism,24.0,True,True,False,0.0
879,abrupt,severity,severity_only,24.0,True,True,False,0.0
879,abrupt,severity,external_only,24.0,True,True,False,0.0
879,abrupt,severity,internal_only,24.0,True,True,False,0.0
879,abrupt,severity,prism,24.0,True,True,False,0.0
880,abrupt,severity,severity_only,24.0,True,True,False,0.0
880,abrupt,severity,external_only,24.0,True,True,False,0.0
880,abrupt,severity,internal_only,24.0,True,True,False,0.0
880,abrupt,severity,prism,24.0,True,True,False,0.0
881,abrupt,severity,severity_only,24.0,True,True,False,0.0
881,abrupt,severity,external_only,24.0,True,True,False,0.0
881,abrupt,severity,internal_only,24.0,True,True,False,0.0
881,abrupt,severity,prism,24.0,True,True,False,0.0
882,abrupt,severity,severity_only,7.0,False,False,True,
882,abrupt,severity,external_only,7.0,False,False,True,
882,abrupt,severity,internal_only,7.0,False,False,True,
882,abrupt,severity,prism,7.0,False,False,True,
883,abrupt,severity,severity_only,24.0,True,True,False,0.0
883,abrupt,severity,external_only,24.0,True,True,False,0.0
883,abrupt,severity,internal_only,24.0,True,True,False,0.0
883,abrupt,severity,prism,24.0,True,True,False,0.0
884,abrupt,severity,severity_only,24.0,True,True,False,0.0
884,abrupt,severity,external_only,9.0,False,False,True,
884,abrupt,severity,internal_only,24.0,True,True,False,0.0
884,abrupt,severity,prism,9.0,False,False,True,
885,abrupt,severity,severity_only,24.0,True,True,False,0.0
885,abrupt,severity,external_only,24.0,True,True,False,0.0
885,abrupt,severity,internal_only,24.0,True,True,False,0.0
885,abrupt,severity,prism,23.0,True,True,False,1.0
886,abrupt,severity,severity_only,24.0,True,True,False,0.0
886,abrupt,severity,external_only,24.0,True,True,False,0.0
886,abrupt,severity,internal_only,24.0,True,True,False,0.0
886,abrupt,severity,prism,24.0,True,True,False,0.0
887,abrupt,severity,severity_only,24.0,True,True,False,0.0
887,abrupt,severity,external_only,24.0,True,True,False,0.0
887,abrupt,severity,internal_only,24.0,True,True,False,0.0
887,abrupt,severity,prism,24.0,True,True,False,0.0
888,abrupt,severity,severity_only,24.0,True,True,False,0.0
888,abrupt,severity,external_only,24.0,True,True,False,0.0
888,abrupt,severity,internal_only,24.0,True,True,False,0.0
888,abrupt,severity,prism,24.0,True,True,False,0.0
889,abrupt,severity,severity_only,24.0,True,True,False,0.0
889,abrupt,severity,external_only,24.0,True,True,False,0.0
889,abrupt,severity,internal_only,24.0,True,True,False,0.0
889,abrupt,severity,prism,24.0,True,True,False,0.0
890,abrupt,severity,severity_only,24.0,True,True,False,0.0
890,abrupt,severity,external_only,24.0,True,True,False,0.0
890,abrupt,severity,internal_only,24.0,True,True,False,0.0
890,abrupt,severity,prism,24.0,True,True,False,0.0
891,abrupt,severity,severity_only,24.0,True,True,False,0.0
891,abrupt,severity,external_only,24.0,True,True,False,0.0
891,abrupt,severity,internal_only,24.0,True,True,False,0.0
891,abrupt,severity,prism,24.0,True,True,False,0.0
892,abrupt,severity,severity_only,24.0,True,True,False,0.0
892,abrupt,severity,external_only,24.0,True,True,False,0.0
892,abrupt,severity,internal_only,24.0,True,True,False,0.0
892,abrupt,severity,prism,24.0,True,True,False,0.0
893,abrupt,severity,severity_only,24.0,True,True,False,0.0
893,abrupt,severity,external_only,24.0,True,True,False,0.0
893,abrupt,severity,internal_only,24.0,True,True,False,0.0
893,abrupt,severity,prism,24.0,True,True,False,0.0
894,abrupt,severity,severity_only,24.0,True,True,False,0.0
894,abrupt,severity,external_only,24.0,True,True,False,0.0
894,abrupt,severity,internal_only,24.0,True,True,False,0.0
894,abrupt,severity,prism,24.0,True,True,False,0.0
895,abrupt,severity,severity_only,24.0,True,True,False,0.0
895,abrupt,severity,external_only,24.0,True,True,False,0.0
895,abrupt,severity,internal_only,24.0,True,True,False,0.0
895,abrupt,severity,prism,24.0,True,True,False,0.0
896,abrupt,severity,severity_only,24.0,True,True,False,0.0
896,abrupt,severity,external_only,24.0,True,True,False,0.0
896,abrupt,severity,internal_only,24.0,True,True,False,0.0
896,abrupt,severity,prism,24.0,True,True,False,0.0
897,abrupt,severity,severity_only,24.0,True,True,False,0.0
897,abrupt,severity,external_only,24.0,True,True,False,0.0
897,abrupt,severity,internal_only,24.0,True,True,False,0.0
897,abrupt,severity,prism,24.0,True,True,False,0.0
898,abrupt,severity,severity_only,24.0,True,True,False,0.0
898,abrupt,severity,external_only,24.0,True,True,False,0.0
898,abrupt,severity,internal_only,24.0,True,True,False,0.0
898,abrupt,severity,prism,24.0,True,True,False,0.0
899,abrupt,severity,severity_only,24.0,True,True,False,0.0
899,abrupt,severity,external_only,24.0,True,True,False,0.0
899,abrupt,severity,internal_only,24.0,True,True,False,0.0
899,abrupt,severity,prism,24.0,True,True,False,0.0
900,abrupt,severity,severity_only,24.0,True,True,False,0.0
900,abrupt,severity,external_only,24.0,True,True,False,0.0
900,abrupt,severity,internal_only,24.0,True,True,False,0.0
900,abrupt,severity,prism,24.0,True,True,False,0.0
901,abrupt,severity,severity_only,24.0,True,True,False,0.0
901,abrupt,severity,external_only,24.0,True,True,False,0.0
901,abrupt,severity,internal_only,24.0,True,True,False,0.0
901,abrupt,severity,prism,24.0,True,True,False,0.0
902,abrupt,severity,severity_only,,False,False,False,
902,abrupt,severity,external_only,,False,False,False,
902,abrupt,severity,internal_only,33.0,False,False,False,
902,abrupt,severity,prism,32.0,False,False,False,
903,abrupt,severity,severity_only,24.0,True,True,False,0.0
903,abrupt,severity,external_only,24.0,True,True,False,0.0
903,abrupt,severity,internal_only,24.0,True,True,False,0.0
903,abrupt,severity,prism,24.0,True,True,False,0.0
904,abrupt,severity,severity_only,24.0,True,True,False,0.0
904,abrupt,severity,external_only,24.0,True,True,False,0.0
904,abrupt,severity,internal_only,24.0,True,True,False,0.0
904,abrupt,severity,prism,24.0,True,True,False,0.0
905,abrupt,severity,severity_only,24.0,True,True,False,0.0
905,abrupt,severity,external_only,24.0,True,True,False,0.0
905,abrupt,severity,internal_only,24.0,True,True,False,0.0
905,abrupt,severity,prism,24.0,True,True,False,0.0
906,abrupt,severity,severity_only,24.0,True,True,False,0.0
906,abrupt,severity,external_only,24.0,True,True,False,0.0
906,abrupt,severity,internal_only,24.0,True,True,False,0.0
906,abrupt,severity,prism,24.0,True,True,False,0.0
907,abrupt,severity,severity_only,24.0,True,True,False,0.0
907,abrupt,severity,external_only,24.0,True,True,False,0.0
907,abrupt,severity,internal_only,24.0,True,True,False,0.0
907,abrupt,severity,prism,24.0,True,True,False,0.0
908,abrupt,severity,severity_only,24.0,True,True,False,0.0
908,abrupt,severity,external_only,24.0,True,True,False,0.0
908,abrupt,severity,internal_only,24.0,True,True,False,0.0
908,abrupt,severity,prism,24.0,True,True,False,0.0
909,abrupt,severity,severity_only,24.0,True,True,False,0.0
909,abrupt,severity,external_only,24.0,True,True,False,0.0
909,abrupt,severity,internal_only,24.0,True,True,False,0.0
909,abrupt,severity,prism,24.0,True,True,False,0.0
910,abrupt,severity,severity_only,24.0,True,True,False,0.0
910,abrupt,severity,external_only,24.0,True,True,False,0.0
910,abrupt,severity,internal_only,24.0,True,True,False,0.0
910,abrupt,severity,prism,24.0,True,True,False,0.0
911,abrupt,severity,severity_only,24.0,True,True,False,0.0
911,abrupt,severity,external_only,24.0,True,True,False,0.0
911,abrupt,severity,internal_only,24.0,True,True,False,0.0
911,abrupt,severity,prism,24.0,True,True,False,0.0
912,abrupt,severity,severity_only,24.0,True,True,False,0.0
912,abrupt,severity,external_only,24.0,True,True,False,0.0
912,abrupt,severity,internal_only,24.0,True,True,False,0.0
912,abrupt,severity,prism,24.0,True,True,False,0.0
913,abrupt,severity,severity_only,24.0,True,True,False,0.0
913,abrupt,severity,external_only,24.0,True,True,False,0.0
913,abrupt,severity,internal_only,24.0,True,True,False,0.0
913,abrupt,severity,prism,24.0,True,True,False,0.0
914,abrupt,severity,severity_only,24.0,True,True,False,0.0
914,abrupt,severity,external_only,24.0,True,True,False,0.0
914,abrupt,severity,internal_only,24.0,True,True,False,0.0
914,abrupt,severity,prism,24.0,True,True,False,0.0
915,abrupt,severity,severity_only,24.0,True,True,False,0.0
915,abrupt,severity,external_only,24.0,True,True,False,0.0
915,abrupt,severity,internal_only,24.0,True,True,False,0.0
915,abrupt,severity,prism,24.0,True,True,False,0.0
916,abrupt,severity,severity_only,24.0,True,True,False,0.0
916,abrupt,severity,external_only,24.0,True,True,False,0.0
916,abrupt,severity,internal_only,24.0,True,True,False,0.0
916,abrupt,severity,prism,24.0,True,True,False,0.0
917,abrupt,severity,severity_only,24.0,True,True,False,0.0
917,abrupt,severity,external_only,24.0,True,True,False,0.0
917,abrupt,severity,internal_only,24.0,True,True,False,0.0
917,abrupt,severity,prism,24.0,True,True,False,0.0
918,abrupt,severity,severity_only,24.0,True,True,False,0.0
918,abrupt,severity,external_only,24.0,True,True,False,0.0
918,abrupt,severity,internal_only,24.0,True,True,False,0.0
918,abrupt,severity,prism,24.0,True,True,False,0.0
919,abrupt,severity,severity_only,24.0,True,True,False,0.0
919,abrupt,severity,external_only,24.0,True,True,False,0.0
919,abrupt,severity,internal_only,24.0,True,True,False,0.0
919,abrupt,severity,prism,24.0,True,True,False,0.0
920,abrupt,severity,severity_only,24.0,True,True,False,0.0
920,abrupt,severity,external_only,24.0,True,True,False,0.0
920,abrupt,severity,internal_only,24.0,True,True,False,0.0
920,abrupt,severity,prism,24.0,True,True,False,0.0
921,abrupt,severity,severity_only,24.0,True,True,False,0.0
921,abrupt,severity,external_only,24.0,True,True,False,0.0
921,abrupt,severity,internal_only,24.0,True,True,False,0.0
921,abrupt,severity,prism,24.0,True,True,False,0.0
922,abrupt,severity,severity_only,24.0,True,True,False,0.0
922,abrupt,severity,external_only,24.0,True,True,False,0.0
922,abrupt,severity,internal_only,24.0,True,True,False,0.0
922,abrupt,severity,prism,24.0,True,True,False,0.0
923,abrupt,severity,severity_only,24.0,True,True,False,0.0
923,abrupt,severity,external_only,24.0,True,True,False,0.0
923,abrupt,severity,internal_only,24.0,True,True,False,0.0
923,abrupt,severity,prism,24.0,True,True,False,0.0
924,abrupt,severity,severity_only,24.0,True,True,False,0.0
924,abrupt,severity,external_only,24.0,True,True,False,0.0
924,abrupt,severity,internal_only,24.0,True,True,False,0.0
924,abrupt,severity,prism,24.0,True,True,False,0.0
925,abrupt,severity,severity_only,24.0,True,True,False,0.0
925,abrupt,severity,external_only,13.0,False,False,True,
925,abrupt,severity,internal_only,24.0,True,True,False,0.0
925,abrupt,severity,prism,13.0,False,False,True,
926,abrupt,severity,severity_only,24.0,True,True,False,0.0
926,abrupt,severity,external_only,24.0,True,True,False,0.0
926,abrupt,severity,internal_only,24.0,True,True,False,0.0
926,abrupt,severity,prism,24.0,True,True,False,0.0
927,abrupt,severity,severity_only,,False,False,False,
927,abrupt,severity,external_only,25.0,True,False,False,-1.0
927,abrupt,severity,internal_only,24.0,True,True,False,0.0
927,abrupt,severity,prism,24.0,True,True,False,0.0
928,abrupt,severity,severity_only,24.0,True,True,False,0.0
928,abrupt,severity,external_only,24.0,True,True,False,0.0
928,abrupt,severity,internal_only,24.0,True,True,False,0.0
928,abrupt,severity,prism,24.0,True,True,False,0.0
929,abrupt,severity,severity_only,24.0,True,True,False,0.0
929,abrupt,severity,external_only,24.0,True,True,False,0.0
929,abrupt,severity,internal_only,24.0,True,True,False,0.0
929,abrupt,severity,prism,24.0,True,True,False,0.0
930,abrupt,severity,severity_only,24.0,True,True,False,0.0
930,abrupt,severity,external_only,24.0,True,True,False,0.0
930,abrupt,severity,internal_only,24.0,True,True,False,0.0
930,abrupt,severity,prism,24.0,True,True,False,0.0
931,abrupt,severity,severity_only,25.0,True,False,False,-1.0
931,abrupt,severity,external_only,24.0,True,True,False,0.0
931,abrupt,severity,internal_only,,False,False,False,
931,abrupt,severity,prism,24.0,True,True,False,0.0
932,abrupt,severity,severity_only,24.0,True,True,False,0.0
932,abrupt,severity,external_only,24.0,True,True,False,0.0
932,abrupt,severity,internal_only,24.0,True,True,False,0.0
932,abrupt,severity,prism,24.0,True,True,False,0.0
933,abrupt,severity,severity_only,24.0,True,True,False,0.0
933,abrupt,severity,external_only,24.0,True,True,False,0.0
933,abrupt,severity,internal_only,24.0,True,True,False,0.0
933,abrupt,severity,prism,24.0,True,True,False,0.0
934,abrupt,severity,severity_only,20.0,False,False,True,
934,abrupt,severity,external_only,20.0,False,False,True,
934,abrupt,severity,internal_only,20.0,False,False,True,
934,abrupt,severity,prism,20.0,False,False,True,
935,abrupt,severity,severity_only,24.0,True,True,False,0.0
935,abrupt,severity,external_only,24.0,True,True,False,0.0
935,abrupt,severity,internal_only,24.0,True,True,False,0.0
935,abrupt,severity,prism,24.0,True,True,False,0.0
936,abrupt,severity,severity_only,24.0,True,True,False,0.0
936,abrupt,severity,external_only,24.0,True,True,False,0.0
936,abrupt,severity,internal_only,24.0,True,True,False,0.0
936,abrupt,severity,prism,24.0,True,True,False,0.0
937,abrupt,severity,severity_only,24.0,True,True,False,0.0
937,abrupt,severity,external_only,24.0,True,True,False,0.0
937,abrupt,severity,internal_only,24.0,True,True,False,0.0
937,abrupt,severity,prism,24.0,True,True,False,0.0
938,abrupt,severity,severity_only,24.0,True,True,False,0.0
938,abrupt,severity,external_only,24.0,True,True,False,0.0
938,abrupt,severity,internal_only,24.0,True,True,False,0.0
938,abrupt,severity,prism,24.0,True,True,False,0.0
939,abrupt,severity,severity_only,24.0,True,True,False,0.0
939,abrupt,severity,external_only,24.0,True,True,False,0.0
939,abrupt,severity,internal_only,24.0,True,True,False,0.0
939,abrupt,severity,prism,24.0,True,True,False,0.0
940,abrupt,severity,severity_only,24.0,True,True,False,0.0
940,abrupt,severity,external_only,24.0,True,True,False,0.0
940,abrupt,severity,internal_only,24.0,True,True,False,0.0
940,abrupt,severity,prism,24.0,True,True,False,0.0
941,abrupt,severity,severity_only,24.0,True,True,False,0.0
941,abrupt,severity,external_only,24.0,True,True,False,0.0
941,abrupt,severity,internal_only,24.0,True,True,False,0.0
941,abrupt,severity,prism,24.0,True,True,False,0.0
942,abrupt,severity,severity_only,15.0,False,False,True,
942,abrupt,severity,external_only,15.0,False,False,True,
942,abrupt,severity,internal_only,15.0,False,False,True,
942,abrupt,severity,prism,15.0,False,False,True,
943,abrupt,severity,severity_only,24.0,True,True,False,0.0
943,abrupt,severity,external_only,24.0,True,True,False,0.0
943,abrupt,severity,internal_only,24.0,True,True,False,0.0
943,abrupt,severity,prism,24.0,True,True,False,0.0
944,abrupt,severity,severity_only,24.0,True,True,False,0.0
944,abrupt,severity,external_only,24.0,True,True,False,0.0
944,abrupt,severity,internal_only,24.0,True,True,False,0.0
944,abrupt,severity,prism,24.0,True,True,False,0.0
945,abrupt,severity,severity_only,20.0,False,False,True,
945,abrupt,severity,external_only,20.0,False,False,True,
945,abrupt,severity,internal_only,20.0,False,False,True,
945,abrupt,severity,prism,20.0,False,False,True,
946,abrupt,severity,severity_only,14.0,False,False,True,
946,abrupt,severity,external_only,14.0,False,False,True,
946,abrupt,severity,internal_only,14.0,False,False,True,
946,abrupt,severity,prism,14.0,False,False,True,
947,abrupt,severity,severity_only,24.0,True,True,False,0.0
947,abrupt,severity,external_only,24.0,True,True,False,0.0
947,abrupt,severity,internal_only,24.0,True,True,False,0.0
947,abrupt,severity,prism,24.0,True,True,False,0.0
948,abrupt,severity,severity_only,24.0,True,True,False,0.0
948,abrupt,severity,external_only,24.0,True,True,False,0.0
948,abrupt,severity,internal_only,24.0,True,True,False,0.0
948,abrupt,severity,prism,24.0,True,True,False,0.0
949,abrupt,severity,severity_only,24.0,True,True,False,0.0
949,abrupt,severity,external_only,24.0,True,True,False,0.0
949,abrupt,severity,internal_only,24.0,True,True,False,0.0
949,abrupt,severity,prism,23.0,True,True,False,1.0
950,abrupt,severity,severity_only,24.0,True,True,False,0.0
950,abrupt,severity,external_only,24.0,True,True,False,0.0
950,abrupt,severity,internal_only,24.0,True,True,False,0.0
950,abrupt,severity,prism,24.0,True,True,False,0.0
951,abrupt,severity,severity_only,24.0,True,True,False,0.0
951,abrupt,severity,external_only,24.0,True,True,False,0.0
951,abrupt,severity,internal_only,24.0,True,True,False,0.0
951,abrupt,severity,prism,24.0,True,True,False,0.0
952,abrupt,severity,severity_only,24.0,True,True,False,0.0
952,abrupt,severity,external_only,24.0,True,True,False,0.0
952,abrupt,severity,internal_only,24.0,True,True,False,0.0
952,abrupt,severity,prism,24.0,True,True,False,0.0
953,abrupt,severity,severity_only,24.0,True,True,False,0.0
953,abrupt,severity,external_only,21.0,False,False,False,
953,abrupt,severity,internal_only,24.0,True,True,False,0.0
953,abrupt,severity,prism,24.0,True,True,False,0.0
954,abrupt,severity,severity_only,24.0,True,True,False,0.0
954,abrupt,severity,external_only,23.0,True,True,False,1.0
954,abrupt,severity,internal_only,24.0,True,True,False,0.0
954,abrupt,severity,prism,23.0,True,True,False,1.0
955,abrupt,severity,severity_only,,False,False,False,
955,abrupt,severity,external_only,30.0,True,False,False,-6.0
955,abrupt,severity,internal_only,30.0,True,False,False,-6.0
955,abrupt,severity,prism,28.0,True,False,False,-4.0
956,abrupt,severity,severity_only,24.0,True,True,False,0.0
956,abrupt,severity,external_only,24.0,True,True,False,0.0
956,abrupt,severity,internal_only,24.0,True,True,False,0.0
956,abrupt,severity,prism,24.0,True,True,False,0.0
957,abrupt,severity,severity_only,24.0,True,True,False,0.0
957,abrupt,severity,external_only,24.0,True,True,False,0.0
957,abrupt,severity,internal_only,21.0,False,False,False,
957,abrupt,severity,prism,22.0,True,True,False,2.0
958,abrupt,severity,severity_only,24.0,True,True,False,0.0
958,abrupt,severity,external_only,24.0,True,True,False,0.0
958,abrupt,severity,internal_only,24.0,True,True,False,0.0
958,abrupt,severity,prism,24.0,True,True,False,0.0
959,abrupt,severity,severity_only,24.0,True,True,False,0.0
959,abrupt,severity,external_only,24.0,True,True,False,0.0
959,abrupt,severity,internal_only,24.0,True,True,False,0.0
959,abrupt,severity,prism,24.0,True,True,False,0.0
960,abrupt,severity,severity_only,24.0,True,True,False,0.0
960,abrupt,severity,external_only,24.0,True,True,False,0.0
960,abrupt,severity,internal_only,24.0,True,True,False,0.0
960,abrupt,severity,prism,24.0,True,True,False,0.0
961,abrupt,severity,severity_only,24.0,True,True,False,0.0
961,abrupt,severity,external_only,24.0,True,True,False,0.0
961,abrupt,severity,internal_only,24.0,True,True,False,0.0
961,abrupt,severity,prism,24.0,True,True,False,0.0
962,abrupt,severity,severity_only,24.0,True,True,False,0.0
962,abrupt,severity,external_only,24.0,True,True,False,0.0
962,abrupt,severity,internal_only,24.0,True,True,False,0.0
962,abrupt,severity,prism,24.0,True,True,False,0.0
963,abrupt,severity,severity_only,24.0,True,True,False,0.0
963,abrupt,severity,external_only,24.0,True,True,False,0.0
963,abrupt,severity,internal_only,24.0,True,True,False,0.0
963,abrupt,severity,prism,24.0,True,True,False,0.0
964,abrupt,severity,severity_only,24.0,True,True,False,0.0
964,abrupt,severity,external_only,24.0,True,True,False,0.0
964,abrupt,severity,internal_only,24.0,True,True,False,0.0
964,abrupt,severity,prism,24.0,True,True,False,0.0
965,abrupt,severity,severity_only,20.0,False,False,True,
965,abrupt,severity,external_only,20.0,False,False,True,
965,abrupt,severity,internal_only,20.0,False,False,True,
965,abrupt,severity,prism,20.0,False,False,True,
966,abrupt,severity,severity_only,24.0,True,True,False,0.0
966,abrupt,severity,external_only,24.0,True,True,False,0.0
966,abrupt,severity,internal_only,24.0,True,True,False,0.0
966,abrupt,severity,prism,24.0,True,True,False,0.0
967,abrupt,severity,severity_only,24.0,True,True,False,0.0
967,abrupt,severity,external_only,24.0,True,True,False,0.0
967,abrupt,severity,internal_only,24.0,True,True,False,0.0
967,abrupt,severity,prism,24.0,True,True,False,0.0
968,abrupt,severity,severity_only,24.0,True,True,False,0.0
968,abrupt,severity,external_only,24.0,True,True,False,0.0
968,abrupt,severity,internal_only,,False,False,False,
968,abrupt,severity,prism,24.0,True,True,False,0.0
969,abrupt,severity,severity_only,24.0,True,True,False,0.0
969,abrupt,severity,external_only,24.0,True,True,False,0.0
969,abrupt,severity,internal_only,24.0,True,True,False,0.0
969,abrupt,severity,prism,24.0,True,True,False,0.0
970,abrupt,severity,severity_only,24.0,True,True,False,0.0
970,abrupt,severity,external_only,24.0,True,True,False,0.0
970,abrupt,severity,internal_only,24.0,True,True,False,0.0
970,abrupt,severity,prism,22.0,True,True,False,2.0
971,abrupt,severity,severity_only,24.0,True,True,False,0.0
971,abrupt,severity,external_only,24.0,True,True,False,0.0
971,abrupt,severity,internal_only,24.0,True,True,False,0.0
971,abrupt,severity,prism,24.0,True,True,False,0.0
972,abrupt,severity,severity_only,8.0,False,False,True,
972,abrupt,severity,external_only,8.0,False,False,True,
972,abrupt,severity,internal_only,8.0,False,False,True,
972,abrupt,severity,prism,8.0,False,False,True,
973,abrupt,severity,severity_only,24.0,True,True,False,0.0
973,abrupt,severity,external_only,24.0,True,True,False,0.0
973,abrupt,severity,internal_only,24.0,True,True,False,0.0
973,abrupt,severity,prism,24.0,True,True,False,0.0
974,abrupt,severity,severity_only,24.0,True,True,False,0.0
974,abrupt,severity,external_only,24.0,True,True,False,0.0
974,abrupt,severity,internal_only,24.0,True,True,False,0.0
974,abrupt,severity,prism,24.0,True,True,False,0.0
975,abrupt,severity,severity_only,24.0,True,True,False,0.0
975,abrupt,severity,external_only,13.0,False,False,True,
975,abrupt,severity,internal_only,24.0,True,True,False,0.0
975,abrupt,severity,prism,13.0,False,False,True,
976,abrupt,severity,severity_only,24.0,True,True,False,0.0
976,abrupt,severity,external_only,24.0,True,True,False,0.0
976,abrupt,severity,internal_only,24.0,True,True,False,0.0
976,abrupt,severity,prism,24.0,True,True,False,0.0
977,abrupt,severity,severity_only,24.0,True,True,False,0.0
977,abrupt,severity,external_only,24.0,True,True,False,0.0
977,abrupt,severity,internal_only,24.0,True,True,False,0.0
977,abrupt,severity,prism,24.0,True,True,False,0.0
978,abrupt,severity,severity_only,24.0,True,True,False,0.0
978,abrupt,severity,external_only,24.0,True,True,False,0.0
978,abrupt,severity,internal_only,24.0,True,True,False,0.0
978,abrupt,severity,prism,24.0,True,True,False,0.0
979,abrupt,severity,severity_only,24.0,True,True,False,0.0
979,abrupt,severity,external_only,24.0,True,True,False,0.0
979,abrupt,severity,internal_only,24.0,True,True,False,0.0
979,abrupt,severity,prism,24.0,True,True,False,0.0
980,abrupt,severity,severity_only,24.0,True,True,False,0.0
980,abrupt,severity,external_only,24.0,True,True,False,0.0
980,abrupt,severity,internal_only,24.0,True,True,False,0.0
980,abrupt,severity,prism,24.0,True,True,False,0.0
981,abrupt,severity,severity_only,24.0,True,True,False,0.0
981,abrupt,severity,external_only,24.0,True,True,False,0.0
981,abrupt,severity,internal_only,24.0,True,True,False,0.0
981,abrupt,severity,prism,24.0,True,True,False,0.0
982,abrupt,severity,severity_only,24.0,True,True,False,0.0
982,abrupt,severity,external_only,24.0,True,True,False,0.0
982,abrupt,severity,internal_only,24.0,True,True,False,0.0
982,abrupt,severity,prism,24.0,True,True,False,0.0
983,abrupt,severity,severity_only,24.0,True,True,False,0.0
983,abrupt,severity,external_only,24.0,True,True,False,0.0
983,abrupt,severity,internal_only,24.0,True,True,False,0.0
983,abrupt,severity,prism,24.0,True,True,False,0.0
984,abrupt,severity,severity_only,,False,False,False,
984,abrupt,severity,external_only,26.0,True,False,False,-2.0
984,abrupt,severity,internal_only,26.0,True,False,False,-2.0
984,abrupt,severity,prism,21.0,False,False,False,
985,abrupt,severity,severity_only,24.0,True,True,False,0.0
985,abrupt,severity,external_only,24.0,True,True,False,0.0
985,abrupt,severity,internal_only,24.0,True,True,False,0.0
985,abrupt,severity,prism,24.0,True,True,False,0.0
986,abrupt,severity,severity_only,24.0,True,True,False,0.0
986,abrupt,severity,external_only,24.0,True,True,False,0.0
986,abrupt,severity,internal_only,24.0,True,True,False,0.0
986,abrupt,severity,prism,24.0,True,True,False,0.0
987,abrupt,severity,severity_only,24.0,True,True,False,0.0
987,abrupt,severity,external_only,24.0,True,True,False,0.0
987,abrupt,severity,internal_only,24.0,True,True,False,0.0
987,abrupt,severity,prism,24.0,True,True,False,0.0
988,abrupt,severity,severity_only,24.0,True,True,False,0.0
988,abrupt,severity,external_only,24.0,True,True,False,0.0
988,abrupt,severity,internal_only,24.0,True,True,False,0.0
988,abrupt,severity,prism,24.0,True,True,False,0.0
989,abrupt,severity,severity_only,24.0,True,True,False,0.0
989,abrupt,severity,external_only,24.0,True,True,False,0.0
989,abrupt,severity,internal_only,24.0,True,True,False,0.0
989,abrupt,severity,prism,24.0,True,True,False,0.0
990,abrupt,severity,severity_only,24.0,True,True,False,0.0
990,abrupt,severity,external_only,24.0,True,True,False,0.0
990,abrupt,severity,internal_only,24.0,True,True,False,0.0
990,abrupt,severity,prism,24.0,True,True,False,0.0
991,abrupt,severity,severity_only,24.0,True,True,False,0.0
991,abrupt,severity,external_only,24.0,True,True,False,0.0
991,abrupt,severity,internal_only,24.0,True,True,False,0.0
991,abrupt,severity,prism,24.0,True,True,False,0.0
992,abrupt,severity,severity_only,24.0,True,True,False,0.0
992,abrupt,severity,external_only,24.0,True,True,False,0.0
992,abrupt,severity,internal_only,24.0,True,True,False,0.0
992,abrupt,severity,prism,24.0,True,True,False,0.0
993,abrupt,severity,severity_only,24.0,True,True,False,0.0
993,abrupt,severity,external_only,24.0,True,True,False,0.0
993,abrupt,severity,internal_only,24.0,True,True,False,0.0
993,abrupt,severity,prism,24.0,True,True,False,0.0
994,abrupt,severity,severity_only,25.0,True,False,False,-1.0
994,abrupt,severity,external_only,24.0,True,True,False,0.0
994,abrupt,severity,internal_only,24.0,True,True,False,0.0
994,abrupt,severity,prism,24.0,True,True,False,0.0
995,abrupt,severity,severity_only,24.0,True,True,False,0.0
995,abrupt,severity,external_only,24.0,True,True,False,0.0
995,abrupt,severity,internal_only,24.0,True,True,False,0.0
995,abrupt,severity,prism,24.0,True,True,False,0.0
996,abrupt,severity,severity_only,24.0,True,True,False,0.0
996,abrupt,severity,external_only,24.0,True,True,False,0.0
996,abrupt,severity,internal_only,24.0,True,True,False,0.0
996,abrupt,severity,prism,22.0,True,True,False,2.0
997,abrupt,severity,severity_only,24.0,True,True,False,0.0
997,abrupt,severity,external_only,24.0,True,True,False,0.0
997,abrupt,severity,internal_only,24.0,True,True,False,0.0
997,abrupt,severity,prism,24.0,True,True,False,0.0
998,abrupt,severity,severity_only,24.0,True,True,False,0.0
998,abrupt,severity,external_only,24.0,True,True,False,0.0
998,abrupt,severity,internal_only,24.0,True,True,False,0.0
998,abrupt,severity,prism,24.0,True,True,False,0.0
999,abrupt,severity,severity_only,24.0,True,True,False,0.0
999,abrupt,severity,external_only,24.0,True,True,False,0.0
999,abrupt,severity,internal_only,24.0,True,True,False,0.0
999,abrupt,severity,prism,24.0,True,True,False,0.0
0,gradual,severity,severity_only,,False,False,False,
0,gradual,severity,external_only,,False,False,False,
0,gradual,severity,internal_only,,False,False,False,
0,gradual,severity,prism,37.0,False,False,False,
1,gradual,severity,severity_only,,False,False,False,
1,gradual,severity,external_only,,False,False,False,
1,gradual,severity,internal_only,,False,False,False,
1,gradual,severity,prism,,False,False,False,
2,gradual,severity,severity_only,30.0,True,False,False,-6.0
2,gradual,severity,external_only,25.0,True,False,False,-1.0
2,gradual,severity,internal_only,30.0,True,False,False,-6.0
2,gradual,severity,prism,25.0,True,False,False,-1.0
3,gradual,severity,severity_only,,False,False,False,
3,gradual,severity,external_only,,False,False,False,
3,gradual,severity,internal_only,,False,False,False,
3,gradual,severity,prism,,False,False,False,
4,gradual,severity,severity_only,,False,False,False,
4,gradual,severity,external_only,26.0,True,False,False,-2.0
4,gradual,severity,internal_only,,False,False,False,
4,gradual,severity,prism,25.0,True,False,False,-1.0
5,gradual,severity,severity_only,,False,False,False,
5,gradual,severity,external_only,,False,False,False,
5,gradual,severity,internal_only,38.0,False,False,False,
5,gradual,severity,prism,39.0,False,False,False,
6,gradual,severity,severity_only,,False,False,False,
6,gradual,severity,external_only,,False,False,False,
6,gradual,severity,internal_only,,False,False,False,
6,gradual,severity,prism,,False,False,False,
7,gradual,severity,severity_only,,False,False,False,
7,gradual,severity,external_only,,False,False,False,
7,gradual,severity,internal_only,,False,False,False,
7,gradual,severity,prism,,False,False,False,
8,gradual,severity,severity_only,,False,False,False,
8,gradual,severity,external_only,,False,False,False,
8,gradual,severity,internal_only,,False,False,False,
8,gradual,severity,prism,,False,False,False,
9,gradual,severity,severity_only,,False,False,False,
9,gradual,severity,external_only,,False,False,False,
9,gradual,severity,internal_only,,False,False,False,
9,gradual,severity,prism,,False,False,False,
10,gradual,severity,severity_only,,False,False,False,
10,gradual,severity,external_only,22.0,True,True,False,2.0
10,gradual,severity,internal_only,22.0,True,True,False,2.0
10,gradual,severity,prism,22.0,True,True,False,2.0
11,gradual,severity,severity_only,,False,False,False,
11,gradual,severity,external_only,34.0,False,False,False,
11,gradual,severity,internal_only,,False,False,False,
11,gradual,severity,prism,34.0,False,False,False,
12,gradual,severity,severity_only,,False,False,False,
12,gradual,severity,external_only,,False,False,False,
12,gradual,severity,internal_only,30.0,True,False,False,-6.0
12,gradual,severity,prism,29.0,True,False,False,-5.0
13,gradual,severity,severity_only,,False,False,False,
13,gradual,severity,external_only,19.0,False,False,True,
13,gradual,severity,internal_only,19.0,False,False,True,
13,gradual,severity,prism,19.0,False,False,True,
14,gradual,severity,severity_only,,False,False,False,
14,gradual,severity,external_only,,False,False,False,
14,gradual,severity,internal_only,,False,False,False,
14,gradual,severity,prism,,False,False,False,
15,gradual,severity,severity_only,32.0,False,False,False,
15,gradual,severity,external_only,,False,False,False,
15,gradual,severity,internal_only,31.0,False,False,False,
15,gradual,severity,prism,26.0,True,False,False,-2.0
16,gradual,severity,severity_only,,False,False,False,
16,gradual,severity,external_only,25.0,True,False,False,-1.0
16,gradual,severity,internal_only,39.0,False,False,False,
16,gradual,severity,prism,25.0,True,False,False,-1.0
17,gradual,severity,severity_only,,False,False,False,
17,gradual,severity,external_only,,False,False,False,
17,gradual,severity,internal_only,,False,False,False,
17,gradual,severity,prism,27.0,True,False,False,-3.0
18,gradual,severity,severity_only,,False,False,False,
18,gradual,severity,external_only,,False,False,False,
18,gradual,severity,internal_only,,False,False,False,
18,gradual,severity,prism,,False,False,False,
19,gradual,severity,severity_only,,False,False,False,
19,gradual,severity,external_only,28.0,True,False,False,-4.0
19,gradual,severity,internal_only,,False,False,False,
19,gradual,severity,prism,25.0,True,False,False,-1.0
20,gradual,severity,severity_only,,False,False,False,
20,gradual,severity,external_only,28.0,True,False,False,-4.0
20,gradual,severity,internal_only,,False,False,False,
20,gradual,severity,prism,,False,False,False,
21,gradual,severity,severity_only,,False,False,False,
21,gradual,severity,external_only,,False,False,False,
21,gradual,severity,internal_only,33.0,False,False,False,
21,gradual,severity,prism,25.0,True,False,False,-1.0
22,gradual,severity,severity_only,,False,False,False,
22,gradual,severity,external_only,,False,False,False,
22,gradual,severity,internal_only,,False,False,False,
22,gradual,severity,prism,,False,False,False,
23,gradual,severity,severity_only,,False,False,False,
23,gradual,severity,external_only,,False,False,False,
23,gradual,severity,internal_only,,False,False,False,
23,gradual,severity,prism,25.0,True,False,False,-1.0
24,gradual,severity,severity_only,,False,False,False,
24,gradual,severity,external_only,,False,False,False,
24,gradual,severity,internal_only,,False,False,False,
24,gradual,severity,prism,,False,False,False,
25,gradual,severity,severity_only,,False,False,False,
25,gradual,severity,external_only,24.0,True,True,False,0.0
25,gradual,severity,internal_only,,False,False,False,
25,gradual,severity,prism,,False,False,False,
26,gradual,severity,severity_only,,False,False,False,
26,gradual,severity,external_only,,False,False,False,
26,gradual,severity,internal_only,,False,False,False,
26,gradual,severity,prism,,False,False,False,
27,gradual,severity,severity_only,,False,False,False,
27,gradual,severity,external_only,,False,False,False,
27,gradual,severity,internal_only,,False,False,False,
27,gradual,severity,prism,,False,False,False,
28,gradual,severity,severity_only,6.0,False,False,True,
28,gradual,severity,external_only,,False,False,False,
28,gradual,severity,internal_only,6.0,False,False,True,
28,gradual,severity,prism,,False,False,False,
29,gradual,severity,severity_only,,False,False,False,
29,gradual,severity,external_only,,False,False,False,
29,gradual,severity,internal_only,39.0,False,False,False,
29,gradual,severity,prism,39.0,False,False,False,
30,gradual,severity,severity_only,,False,False,False,
30,gradual,severity,external_only,,False,False,False,
30,gradual,severity,internal_only,,False,False,False,
30,gradual,severity,prism,,False,False,False,
31,gradual,severity,severity_only,,False,False,False,
31,gradual,severity,external_only,,False,False,False,
31,gradual,severity,internal_only,,False,False,False,
31,gradual,severity,prism,27.0,True,False,False,-3.0
32,gradual,severity,severity_only,,False,False,False,
32,gradual,severity,external_only,,False,False,False,
32,gradual,severity,internal_only,,False,False,False,
32,gradual,severity,prism,,False,False,False,
33,gradual,severity,severity_only,,False,False,False,
33,gradual,severity,external_only,,False,False,False,
33,gradual,severity,internal_only,,False,False,False,
33,gradual,severity,prism,,False,False,False,
34,gradual,severity,severity_only,22.0,True,True,False,2.0
34,gradual,severity,external_only,22.0,True,True,False,2.0
34,gradual,severity,internal_only,22.0,True,True,False,2.0
34,gradual,severity,prism,22.0,True,True,False,2.0
35,gradual,severity,severity_only,,False,False,False,
35,gradual,severity,external_only,,False,False,False,
35,gradual,severity,internal_only,,False,False,False,
35,gradual,severity,prism,,False,False,False,
36,gradual,severity,severity_only,,False,False,False,
36,gradual,severity,external_only,,False,False,False,
36,gradual,severity,internal_only,,False,False,False,
36,gradual,severity,prism,,False,False,False,
37,gradual,severity,severity_only,,False,False,False,
37,gradual,severity,external_only,28.0,True,False,False,-4.0
37,gradual,severity,internal_only,,False,False,False,
37,gradual,severity,prism,28.0,True,False,False,-4.0
38,gradual,severity,severity_only,,False,False,False,
38,gradual,severity,external_only,,False,False,False,
38,gradual,severity,internal_only,,False,False,False,
38,gradual,severity,prism,,False,False,False,
39,gradual,severity,severity_only,,False,False,False,
39,gradual,severity,external_only,10.0,False,False,True,
39,gradual,severity,internal_only,,False,False,False,
39,gradual,severity,prism,10.0,False,False,True,
40,gradual,severity,severity_only,,False,False,False,
40,gradual,severity,external_only,24.0,True,True,False,0.0
40,gradual,severity,internal_only,39.0,False,False,False,
40,gradual,severity,prism,24.0,True,True,False,0.0
41,gradual,severity,severity_only,,False,False,False,
41,gradual,severity,external_only,,False,False,False,
41,gradual,severity,internal_only,,False,False,False,
41,gradual,severity,prism,,False,False,False,
42,gradual,severity,severity_only,,False,False,False,
42,gradual,severity,external_only,,False,False,False,
42,gradual,severity,internal_only,,False,False,False,
42,gradual,severity,prism,,False,False,False,
43,gradual,severity,severity_only,,False,False,False,
43,gradual,severity,external_only,25.0,True,False,False,-1.0
43,gradual,severity,internal_only,34.0,False,False,False,
43,gradual,severity,prism,25.0,True,False,False,-1.0
44,gradual,severity,severity_only,,False,False,False,
44,gradual,severity,external_only,,False,False,False,
44,gradual,severity,internal_only,37.0,False,False,False,
44,gradual,severity,prism,,False,False,False,
45,gradual,severity,severity_only,,False,False,False,
45,gradual,severity,external_only,,False,False,False,
45,gradual,severity,internal_only,,False,False,False,
45,gradual,severity,prism,26.0,True,False,False,-2.0
46,gradual,severity,severity_only,,False,False,False,
46,gradual,severity,external_only,,False,False,False,
46,gradual,severity,internal_only,,False,False,False,
46,gradual,severity,prism,,False,False,False,
47,gradual,severity,severity_only,,False,False,False,
47,gradual,severity,external_only,20.0,False,False,True,
47,gradual,severity,internal_only,,False,False,False,
47,gradual,severity,prism,,False,False,False,
48,gradual,severity,severity_only,,False,False,False,
48,gradual,severity,external_only,,False,False,False,
48,gradual,severity,internal_only,,False,False,False,
48,gradual,severity,prism,,False,False,False,
49,gradual,severity,severity_only,,False,False,False,
49,gradual,severity,external_only,28.0,True,False,False,-4.0
49,gradual,severity,internal_only,38.0,False,False,False,
49,gradual,severity,prism,25.0,True,False,False,-1.0
50,gradual,severity,severity_only,,False,False,False,
50,gradual,severity,external_only,24.0,True,True,False,0.0
50,gradual,severity,internal_only,22.0,True,True,False,2.0
50,gradual,severity,prism,22.0,True,True,False,2.0
51,gradual,severity,severity_only,,False,False,False,
51,gradual,severity,external_only,,False,False,False,
51,gradual,severity,internal_only,,False,False,False,
51,gradual,severity,prism,27.0,True,False,False,-3.0
52,gradual,severity,severity_only,,False,False,False,
52,gradual,severity,external_only,27.0,True,False,False,-3.0
52,gradual,severity,internal_only,37.0,False,False,False,
52,gradual,severity,prism,28.0,True,False,False,-4.0
53,gradual,severity,severity_only,,False,False,False,
53,gradual,severity,external_only,26.0,True,False,False,-2.0
53,gradual,severity,internal_only,,False,False,False,
53,gradual,severity,prism,25.0,True,False,False,-1.0
54,gradual,severity,severity_only,,False,False,False,
54,gradual,severity,external_only,,False,False,False,
54,gradual,severity,internal_only,,False,False,False,
54,gradual,severity,prism,,False,False,False,
55,gradual,severity,severity_only,,False,False,False,
55,gradual,severity,external_only,,False,False,False,
55,gradual,severity,internal_only,,False,False,False,
55,gradual,severity,prism,39.0,False,False,False,
56,gradual,severity,severity_only,,False,False,False,
56,gradual,severity,external_only,,False,False,False,
56,gradual,severity,internal_only,,False,False,False,
56,gradual,severity,prism,,False,False,False,
57,gradual,severity,severity_only,29.0,True,False,False,-5.0
57,gradual,severity,external_only,29.0,True,False,False,-5.0
57,gradual,severity,internal_only,29.0,True,False,False,-5.0
57,gradual,severity,prism,26.0,True,False,False,-2.0
58,gradual,severity,severity_only,,False,False,False,
58,gradual,severity,external_only,,False,False,False,
58,gradual,severity,internal_only,,False,False,False,
58,gradual,severity,prism,,False,False,False,
59,gradual,severity,severity_only,,False,False,False,
59,gradual,severity,external_only,,False,False,False,
59,gradual,severity,internal_only,19.0,False,False,True,
59,gradual,severity,prism,19.0,False,False,True,
60,gradual,severity,severity_only,,False,False,False,
60,gradual,severity,external_only,,False,False,False,
60,gradual,severity,internal_only,34.0,False,False,False,
60,gradual,severity,prism,22.0,True,True,False,2.0
61,gradual,severity,severity_only,,False,False,False,
61,gradual,severity,external_only,,False,False,False,
61,gradual,severity,internal_only,,False,False,False,
61,gradual,severity,prism,29.0,True,False,False,-5.0
62,gradual,severity,severity_only,28.0,True,False,False,-4.0
62,gradual,severity,external_only,26.0,True,False,False,-2.0
62,gradual,severity,internal_only,28.0,True,False,False,-4.0
62,gradual,severity,prism,26.0,True,False,False,-2.0
63,gradual,severity,severity_only,,False,False,False,
63,gradual,severity,external_only,,False,False,False,
63,gradual,severity,internal_only,35.0,False,False,False,
63,gradual,severity,prism,27.0,True,False,False,-3.0
64,gradual,severity,severity_only,21.0,False,False,False,
64,gradual,severity,external_only,21.0,False,False,False,
64,gradual,severity,internal_only,21.0,False,False,False,
64,gradual,severity,prism,21.0,False,False,False,
65,gradual,severity,severity_only,,False,False,False,
65,gradual,severity,external_only,32.0,False,False,False,
65,gradual,severity,internal_only,,False,False,False,
65,gradual,severity,prism,32.0,False,False,False,
66,gradual,severity,severity_only,,False,False,False,
66,gradual,severity,external_only,,False,False,False,
66,gradual,severity,internal_only,,False,False,False,
66,gradual,severity,prism,,False,False,False,
67,gradual,severity,severity_only,,False,False,False,
67,gradual,severity,external_only,,False,False,False,
67,gradual,severity,internal_only,,False,False,False,
67,gradual,severity,prism,,False,False,False,
68,gradual,severity,severity_only,,False,False,False,
68,gradual,severity,external_only,,False,False,False,
68,gradual,severity,internal_only,36.0,False,False,False,
68,gradual,severity,prism,24.0,True,True,False,0.0
69,gradual,severity,severity_only,,False,False,False,
69,gradual,severity,external_only,15.0,False,False,True,
69,gradual,severity,internal_only,,False,False,False,
69,gradual,severity,prism,15.0,False,False,True,
70,gradual,severity,severity_only,29.0,True,False,False,-5.0
70,gradual,severity,external_only,29.0,True,False,False,-5.0
70,gradual,severity,internal_only,29.0,True,False,False,-5.0
70,gradual,severity,prism,29.0,True,False,False,-5.0
71,gradual,severity,severity_only,,False,False,False,
71,gradual,severity,external_only,,False,False,False,
71,gradual,severity,internal_only,,False,False,False,
71,gradual,severity,prism,,False,False,False,
72,gradual,severity,severity_only,,False,False,False,
72,gradual,severity,external_only,29.0,True,False,False,-5.0
72,gradual,severity,internal_only,39.0,False,False,False,
72,gradual,severity,prism,29.0,True,False,False,-5.0
73,gradual,severity,severity_only,,False,False,False,
73,gradual,severity,external_only,30.0,True,False,False,-6.0
73,gradual,severity,internal_only,,False,False,False,
73,gradual,severity,prism,31.0,False,False,False,
74,gradual,severity,severity_only,,False,False,False,
74,gradual,severity,external_only,25.0,True,False,False,-1.0
74,gradual,severity,internal_only,38.0,False,False,False,
74,gradual,severity,prism,38.0,False,False,False,
75,gradual,severity,severity_only,,False,False,False,
75,gradual,severity,external_only,,False,False,False,
75,gradual,severity,internal_only,,False,False,False,
75,gradual,severity,prism,,False,False,False,
76,gradual,severity,severity_only,,False,False,False,
76,gradual,severity,external_only,,False,False,False,
76,gradual,severity,internal_only,,False,False,False,
76,gradual,severity,prism,,False,False,False,
77,gradual,severity,severity_only,,False,False,False,
77,gradual,severity,external_only,27.0,True,False,False,-3.0
77,gradual,severity,internal_only,39.0,False,False,False,
77,gradual,severity,prism,25.0,True,False,False,-1.0
78,gradual,severity,severity_only,,False,False,False,
78,gradual,severity,external_only,22.0,True,True,False,2.0
78,gradual,severity,internal_only,,False,False,False,
78,gradual,severity,prism,,False,False,False,
79,gradual,severity,severity_only,,False,False,False,
79,gradual,severity,external_only,26.0,True,False,False,-2.0
79,gradual,severity,internal_only,,False,False,False,
79,gradual,severity,prism,26.0,True,False,False,-2.0
80,gradual,severity,severity_only,,False,False,False,
80,gradual,severity,external_only,,False,False,False,
80,gradual,severity,internal_only,,False,False,False,
80,gradual,severity,prism,24.0,True,True,False,0.0
81,gradual,severity,severity_only,38.0,False,False,False,
81,gradual,severity,external_only,26.0,True,False,False,-2.0
81,gradual,severity,internal_only,32.0,False,False,False,
81,gradual,severity,prism,26.0,True,False,False,-2.0
82,gradual,severity,severity_only,,False,False,False,
82,gradual,severity,external_only,,False,False,False,
82,gradual,severity,internal_only,35.0,False,False,False,
82,gradual,severity,prism,25.0,True,False,False,-1.0
83,gradual,severity,severity_only,,False,False,False,
83,gradual,severity,external_only,,False,False,False,
83,gradual,severity,internal_only,,False,False,False,
83,gradual,severity,prism,,False,False,False,
84,gradual,severity,severity_only,,False,False,False,
84,gradual,severity,external_only,,False,False,False,
84,gradual,severity,internal_only,,False,False,False,
84,gradual,severity,prism,,False,False,False,
85,gradual,severity,severity_only,,False,False,False,
85,gradual,severity,external_only,29.0,True,False,False,-5.0
85,gradual,severity,internal_only,36.0,False,False,False,
85,gradual,severity,prism,29.0,True,False,False,-5.0
86,gradual,severity,severity_only,,False,False,False,
86,gradual,severity,external_only,,False,False,False,
86,gradual,severity,internal_only,,False,False,False,
86,gradual,severity,prism,,False,False,False,
87,gradual,severity,severity_only,,False,False,False,
87,gradual,severity,external_only,,False,False,False,
87,gradual,severity,internal_only,,False,False,False,
87,gradual,severity,prism,,False,False,False,
88,gradual,severity,severity_only,,False,False,False,
88,gradual,severity,external_only,,False,False,False,
88,gradual,severity,internal_only,,False,False,False,
88,gradual,severity,prism,22.0,True,True,False,2.0
89,gradual,severity,severity_only,,False,False,False,
89,gradual,severity,external_only,,False,False,False,
89,gradual,severity,internal_only,,False,False,False,
89,gradual,severity,prism,18.0,False,False,True,
90,gradual,severity,severity_only,,False,False,False,
90,gradual,severity,external_only,,False,False,False,
90,gradual,severity,internal_only,,False,False,False,
90,gradual,severity,prism,,False,False,False,
91,gradual,severity,severity_only,,False,False,False,
91,gradual,severity,external_only,,False,False,False,
91,gradual,severity,internal_only,,False,False,False,
91,gradual,severity,prism,,False,False,False,
92,gradual,severity,severity_only,21.0,False,False,False,
92,gradual,severity,external_only,21.0,False,False,False,
92,gradual,severity,internal_only,34.0,False,False,False,
92,gradual,severity,prism,34.0,False,False,False,
93,gradual,severity,severity_only,,False,False,False,
93,gradual,severity,external_only,,False,False,False,
93,gradual,severity,internal_only,,False,False,False,
93,gradual,severity,prism,,False,False,False,
94,gradual,severity,severity_only,25.0,True,False,False,-1.0
94,gradual,severity,external_only,25.0,True,False,False,-1.0
94,gradual,severity,internal_only,24.0,True,True,False,0.0
94,gradual,severity,prism,24.0,True,True,False,0.0
95,gradual,severity,severity_only,25.0,True,False,False,-1.0
95,gradual,severity,external_only,25.0,True,False,False,-1.0
95,gradual,severity,internal_only,25.0,True,False,False,-1.0
95,gradual,severity,prism,24.0,True,True,False,0.0
96,gradual,severity,severity_only,,False,False,False,
96,gradual,severity,external_only,,False,False,False,
96,gradual,severity,internal_only,,False,False,False,
96,gradual,severity,prism,,False,False,False,
97,gradual,severity,severity_only,,False,False,False,
97,gradual,severity,external_only,,False,False,False,
97,gradual,severity,internal_only,,False,False,False,
97,gradual,severity,prism,,False,False,False,
98,gradual,severity,severity_only,,False,False,False,
98,gradual,severity,external_only,26.0,True,False,False,-2.0
98,gradual,severity,internal_only,,False,False,False,
98,gradual,severity,prism,25.0,True,False,False,-1.0
99,gradual,severity,severity_only,,False,False,False,
99,gradual,severity,external_only,,False,False,False,
99,gradual,severity,internal_only,,False,False,False,
99,gradual,severity,prism,29.0,True,False,False,-5.0
100,gradual,severity,severity_only,,False,False,False,
100,gradual,severity,external_only,,False,False,False,
100,gradual,severity,internal_only,,False,False,False,
100,gradual,severity,prism,26.0,True,False,False,-2.0
101,gradual,severity,severity_only,,False,False,False,
101,gradual,severity,external_only,26.0,True,False,False,-2.0
101,gradual,severity,internal_only,,False,False,False,
101,gradual,severity,prism,,False,False,False,
102,gradual,severity,severity_only,,False,False,False,
102,gradual,severity,external_only,,False,False,False,
102,gradual,severity,internal_only,38.0,False,False,False,
102,gradual,severity,prism,,False,False,False,
103,gradual,severity,severity_only,,False,False,False,
103,gradual,severity,external_only,,False,False,False,
103,gradual,severity,internal_only,32.0,False,False,False,
103,gradual,severity,prism,28.0,True,False,False,-4.0
104,gradual,severity,severity_only,,False,False,False,
104,gradual,severity,external_only,,False,False,False,
104,gradual,severity,internal_only,,False,False,False,
104,gradual,severity,prism,,False,False,False,
105,gradual,severity,severity_only,,False,False,False,
105,gradual,severity,external_only,27.0,True,False,False,-3.0
105,gradual,severity,internal_only,,False,False,False,
105,gradual,severity,prism,39.0,False,False,False,
106,gradual,severity,severity_only,,False,False,False,
106,gradual,severity,external_only,,False,False,False,
106,gradual,severity,internal_only,,False,False,False,
106,gradual,severity,prism,38.0,False,False,False,
107,gradual,severity,severity_only,,False,False,False,
107,gradual,severity,external_only,,False,False,False,
107,gradual,severity,internal_only,32.0,False,False,False,
107,gradual,severity,prism,27.0,True,False,False,-3.0
108,gradual,severity,severity_only,,False,False,False,
108,gradual,severity,external_only,,False,False,False,
108,gradual,severity,internal_only,,False,False,False,
108,gradual,severity,prism,,False,False,False,
109,gradual,severity,severity_only,,False,False,False,
109,gradual,severity,external_only,,False,False,False,
109,gradual,severity,internal_only,,False,False,False,
109,gradual,severity,prism,,False,False,False,
110,gradual,severity,severity_only,,False,False,False,
110,gradual,severity,external_only,,False,False,False,
110,gradual,severity,internal_only,20.0,False,False,True,
110,gradual,severity,prism,20.0,False,False,True,
111,gradual,severity,severity_only,,False,False,False,
111,gradual,severity,external_only,,False,False,False,
111,gradual,severity,internal_only,,False,False,False,
111,gradual,severity,prism,,False,False,False,
112,gradual,severity,severity_only,,False,False,False,
112,gradual,severity,external_only,26.0,True,False,False,-2.0
112,gradual,severity,internal_only,,False,False,False,
112,gradual,severity,prism,27.0,True,False,False,-3.0
113,gradual,severity,severity_only,39.0,False,False,False,
113,gradual,severity,external_only,26.0,True,False,False,-2.0
113,gradual,severity,internal_only,39.0,False,False,False,
113,gradual,severity,prism,25.0,True,False,False,-1.0
114,gradual,severity,severity_only,,False,False,False,
114,gradual,severity,external_only,24.0,True,True,False,0.0
114,gradual,severity,internal_only,24.0,True,True,False,0.0
114,gradual,severity,prism,24.0,True,True,False,0.0
115,gradual,severity,severity_only,,False,False,False,
115,gradual,severity,external_only,25.0,True,False,False,-1.0
115,gradual,severity,internal_only,,False,False,False,
115,gradual,severity,prism,25.0,True,False,False,-1.0
116,gradual,severity,severity_only,8.0,False,False,True,
116,gradual,severity,external_only,7.0,False,False,True,
116,gradual,severity,internal_only,8.0,False,False,True,
116,gradual,severity,prism,7.0,False,False,True,
117,gradual,severity,severity_only,,False,False,False,
117,gradual,severity,external_only,,False,False,False,
117,gradual,severity,internal_only,,False,False,False,
117,gradual,severity,prism,39.0,False,False,False,
118,gradual,severity,severity_only,,False,False,False,
118,gradual,severity,external_only,,False,False,False,
118,gradual,severity,internal_only,,False,False,False,
118,gradual,severity,prism,,False,False,False,
119,gradual,severity,severity_only,,False,False,False,
119,gradual,severity,external_only,,False,False,False,
119,gradual,severity,internal_only,,False,False,False,
119,gradual,severity,prism,,False,False,False,
120,gradual,severity,severity_only,,False,False,False,
120,gradual,severity,external_only,,False,False,False,
120,gradual,severity,internal_only,,False,False,False,
120,gradual,severity,prism,,False,False,False,
121,gradual,severity,severity_only,,False,False,False,
121,gradual,severity,external_only,,False,False,False,
121,gradual,severity,internal_only,,False,False,False,
121,gradual,severity,prism,,False,False,False,
122,gradual,severity,severity_only,7.0,False,False,True,
122,gradual,severity,external_only,6.0,False,False,True,
122,gradual,severity,internal_only,7.0,False,False,True,
122,gradual,severity,prism,6.0,False,False,True,
123,gradual,severity,severity_only,,False,False,False,
123,gradual,severity,external_only,,False,False,False,
123,gradual,severity,internal_only,,False,False,False,
123,gradual,severity,prism,,False,False,False,
124,gradual,severity,severity_only,,False,False,False,
124,gradual,severity,external_only,,False,False,False,
124,gradual,severity,internal_only,,False,False,False,
124,gradual,severity,prism,,False,False,False,
125,gradual,severity,severity_only,,False,False,False,
125,gradual,severity,external_only,,False,False,False,
125,gradual,severity,internal_only,,False,False,False,
125,gradual,severity,prism,,False,False,False,
126,gradual,severity,severity_only,,False,False,False,
126,gradual,severity,external_only,,False,False,False,
126,gradual,severity,internal_only,,False,False,False,
126,gradual,severity,prism,,False,False,False,
127,gradual,severity,severity_only,,False,False,False,
127,gradual,severity,external_only,,False,False,False,
127,gradual,severity,internal_only,35.0,False,False,False,
127,gradual,severity,prism,27.0,True,False,False,-3.0
128,gradual,severity,severity_only,,False,False,False,
128,gradual,severity,external_only,,False,False,False,
128,gradual,severity,internal_only,,False,False,False,
128,gradual,severity,prism,,False,False,False,
129,gradual,severity,severity_only,,False,False,False,
129,gradual,severity,external_only,,False,False,False,
129,gradual,severity,internal_only,,False,False,False,
129,gradual,severity,prism,,False,False,False,
130,gradual,severity,severity_only,,False,False,False,
130,gradual,severity,external_only,,False,False,False,
130,gradual,severity,internal_only,,False,False,False,
130,gradual,severity,prism,27.0,True,False,False,-3.0
131,gradual,severity,severity_only,,False,False,False,
131,gradual,severity,external_only,,False,False,False,
131,gradual,severity,internal_only,,False,False,False,
131,gradual,severity,prism,,False,False,False,
132,gradual,severity,severity_only,28.0,True,False,False,-4.0
132,gradual,severity,external_only,26.0,True,False,False,-2.0
132,gradual,severity,internal_only,26.0,True,False,False,-2.0
132,gradual,severity,prism,26.0,True,False,False,-2.0
133,gradual,severity,severity_only,,False,False,False,
133,gradual,severity,external_only,,False,False,False,
133,gradual,severity,internal_only,,False,False,False,
133,gradual,severity,prism,,False,False,False,
134,gradual,severity,severity_only,,False,False,False,
134,gradual,severity,external_only,,False,False,False,
134,gradual,severity,internal_only,,False,False,False,
134,gradual,severity,prism,,False,False,False,
135,gradual,severity,severity_only,,False,False,False,
135,gradual,severity,external_only,,False,False,False,
135,gradual,severity,internal_only,,False,False,False,
135,gradual,severity,prism,31.0,False,False,False,
136,gradual,severity,severity_only,,False,False,False,
136,gradual,severity,external_only,,False,False,False,
136,gradual,severity,internal_only,,False,False,False,
136,gradual,severity,prism,,False,False,False,
137,gradual,severity,severity_only,,False,False,False,
137,gradual,severity,external_only,,False,False,False,
137,gradual,severity,internal_only,,False,False,False,
137,gradual,severity,prism,26.0,True,False,False,-2.0
138,gradual,severity,severity_only,12.0,False,False,True,
138,gradual,severity,external_only,12.0,False,False,True,
138,gradual,severity,internal_only,12.0,False,False,True,
138,gradual,severity,prism,12.0,False,False,True,
139,gradual,severity,severity_only,,False,False,False,
139,gradual,severity,external_only,,False,False,False,
139,gradual,severity,internal_only,34.0,False,False,False,
139,gradual,severity,prism,25.0,True,False,False,-1.0
140,gradual,severity,severity_only,27.0,True,False,False,-3.0
140,gradual,severity,external_only,27.0,True,False,False,-3.0
140,gradual,severity,internal_only,27.0,True,False,False,-3.0
140,gradual,severity,prism,26.0,True,False,False,-2.0
141,gradual,severity,severity_only,,False,False,False,
141,gradual,severity,external_only,,False,False,False,
141,gradual,severity,internal_only,,False,False,False,
141,gradual,severity,prism,24.0,True,True,False,0.0
142,gradual,severity,severity_only,,False,False,False,
142,gradual,severity,external_only,,False,False,False,
142,gradual,severity,internal_only,,False,False,False,
142,gradual,severity,prism,,False,False,False,
143,gradual,severity,severity_only,,False,False,False,
143,gradual,severity,external_only,,False,False,False,
143,gradual,severity,internal_only,,False,False,False,
143,gradual,severity,prism,,False,False,False,
144,gradual,severity,severity_only,,False,False,False,
144,gradual,severity,external_only,,False,False,False,
144,gradual,severity,internal_only,,False,False,False,
144,gradual,severity,prism,,False,False,False,
145,gradual,severity,severity_only,,False,False,False,
145,gradual,severity,external_only,12.0,False,False,True,
145,gradual,severity,internal_only,,False,False,False,
145,gradual,severity,prism,12.0,False,False,True,
146,gradual,severity,severity_only,,False,False,False,
146,gradual,severity,external_only,,False,False,False,
146,gradual,severity,internal_only,,False,False,False,
146,gradual,severity,prism,26.0,True,False,False,-2.0
147,gradual,severity,severity_only,,False,False,False,
147,gradual,severity,external_only,,False,False,False,
147,gradual,severity,internal_only,32.0,False,False,False,
147,gradual,severity,prism,26.0,True,False,False,-2.0
148,gradual,severity,severity_only,,False,False,False,
148,gradual,severity,external_only,28.0,True,False,False,-4.0
148,gradual,severity,internal_only,,False,False,False,
148,gradual,severity,prism,38.0,False,False,False,
149,gradual,severity,severity_only,,False,False,False,
149,gradual,severity,external_only,,False,False,False,
149,gradual,severity,internal_only,37.0,False,False,False,
149,gradual,severity,prism,26.0,True,False,False,-2.0
150,gradual,severity,severity_only,,False,False,False,
150,gradual,severity,external_only,,False,False,False,
150,gradual,severity,internal_only,,False,False,False,
150,gradual,severity,prism,,False,False,False,
151,gradual,severity,severity_only,,False,False,False,
151,gradual,severity,external_only,,False,False,False,
151,gradual,severity,internal_only,,False,False,False,
151,gradual,severity,prism,,False,False,False,
152,gradual,severity,severity_only,,False,False,False,
152,gradual,severity,external_only,,False,False,False,
152,gradual,severity,internal_only,34.0,False,False,False,
152,gradual,severity,prism,24.0,True,True,False,0.0
153,gradual,severity,severity_only,,False,False,False,
153,gradual,severity,external_only,,False,False,False,
153,gradual,severity,internal_only,35.0,False,False,False,
153,gradual,severity,prism,26.0,True,False,False,-2.0
154,gradual,severity,severity_only,,False,False,False,
154,gradual,severity,external_only,,False,False,False,
154,gradual,severity,internal_only,29.0,True,False,False,-5.0
154,gradual,severity,prism,25.0,True,False,False,-1.0
155,gradual,severity,severity_only,,False,False,False,
155,gradual,severity,external_only,,False,False,False,
155,gradual,severity,internal_only,,False,False,False,
155,gradual,severity,prism,,False,False,False,
156,gradual,severity,severity_only,,False,False,False,
156,gradual,severity,external_only,35.0,False,False,False,
156,gradual,severity,internal_only,,False,False,False,
156,gradual,severity,prism,37.0,False,False,False,
157,gradual,severity,severity_only,,False,False,False,
157,gradual,severity,external_only,,False,False,False,
157,gradual,severity,internal_only,,False,False,False,
157,gradual,severity,prism,,False,False,False,
158,gradual,severity,severity_only,,False,False,False,
158,gradual,severity,external_only,,False,False,False,
158,gradual,severity,internal_only,33.0,False,False,False,
158,gradual,severity,prism,24.0,True,True,False,0.0
159,gradual,severity,severity_only,,False,False,False,
159,gradual,severity,external_only,,False,False,False,
159,gradual,severity,internal_only,,False,False,False,
159,gradual,severity,prism,,False,False,False,
160,gradual,severity,severity_only,25.0,True,False,False,-1.0
160,gradual,severity,external_only,24.0,True,True,False,0.0
160,gradual,severity,internal_only,24.0,True,True,False,0.0
160,gradual,severity,prism,23.0,True,True,False,1.0
161,gradual,severity,severity_only,,False,False,False,
161,gradual,severity,external_only,,False,False,False,
161,gradual,severity,internal_only,,False,False,False,
161,gradual,severity,prism,,False,False,False,
162,gradual,severity,severity_only,,False,False,False,
162,gradual,severity,external_only,,False,False,False,
162,gradual,severity,internal_only,,False,False,False,
162,gradual,severity,prism,,False,False,False,
163,gradual,severity,severity_only,,False,False,False,
163,gradual,severity,external_only,,False,False,False,
163,gradual,severity,internal_only,38.0,False,False,False,
163,gradual,severity,prism,24.0,True,True,False,0.0
164,gradual,severity,severity_only,23.0,True,True,False,1.0
164,gradual,severity,external_only,,False,False,False,
164,gradual,severity,internal_only,23.0,True,True,False,1.0
164,gradual,severity,prism,23.0,True,True,False,1.0
165,gradual,severity,severity_only,,False,False,False,
165,gradual,severity,external_only,,False,False,False,
165,gradual,severity,internal_only,,False,False,False,
165,gradual,severity,prism,,False,False,False,
166,gradual,severity,severity_only,,False,False,False,
166,gradual,severity,external_only,27.0,True,False,False,-3.0
166,gradual,severity,internal_only,35.0,False,False,False,
166,gradual,severity,prism,26.0,True,False,False,-2.0
167,gradual,severity,severity_only,,False,False,False,
167,gradual,severity,external_only,,False,False,False,
167,gradual,severity,internal_only,,False,False,False,
167,gradual,severity,prism,,False,False,False,
168,gradual,severity,severity_only,,False,False,False,
168,gradual,severity,external_only,,False,False,False,
168,gradual,severity,internal_only,,False,False,False,
168,gradual,severity,prism,,False,False,False,
169,gradual,severity,severity_only,,False,False,False,
169,gradual,severity,external_only,,False,False,False,
169,gradual,severity,internal_only,,False,False,False,
169,gradual,severity,prism,,False,False,False,
170,gradual,severity,severity_only,,False,False,False,
170,gradual,severity,external_only,26.0,True,False,False,-2.0
170,gradual,severity,internal_only,,False,False,False,
170,gradual,severity,prism,26.0,True,False,False,-2.0
171,gradual,severity,severity_only,,False,False,False,
171,gradual,severity,external_only,,False,False,False,
171,gradual,severity,internal_only,,False,False,False,
171,gradual,severity,prism,,False,False,False,
172,gradual,severity,severity_only,30.0,True,False,False,-6.0
172,gradual,severity,external_only,30.0,True,False,False,-6.0
172,gradual,severity,internal_only,,False,False,False,
172,gradual,severity,prism,38.0,False,False,False,
173,gradual,severity,severity_only,,False,False,False,
173,gradual,severity,external_only,,False,False,False,
173,gradual,severity,internal_only,30.0,True,False,False,-6.0
173,gradual,severity,prism,26.0,True,False,False,-2.0
174,gradual,severity,severity_only,,False,False,False,
174,gradual,severity,external_only,,False,False,False,
174,gradual,severity,internal_only,,False,False,False,
174,gradual,severity,prism,,False,False,False,
175,gradual,severity,severity_only,10.0,False,False,True,
175,gradual,severity,external_only,10.0,False,False,True,
175,gradual,severity,internal_only,10.0,False,False,True,
175,gradual,severity,prism,10.0,False,False,True,
176,gradual,severity,severity_only,,False,False,False,
176,gradual,severity,external_only,,False,False,False,
176,gradual,severity,internal_only,,False,False,False,
176,gradual,severity,prism,,False,False,False,
177,gradual,severity,severity_only,,False,False,False,
177,gradual,severity,external_only,,False,False,False,
177,gradual,severity,internal_only,,False,False,False,
177,gradual,severity,prism,,False,False,False,
178,gradual,severity,severity_only,,False,False,False,
178,gradual,severity,external_only,20.0,False,False,True,
178,gradual,severity,internal_only,27.0,True,False,False,-3.0
178,gradual,severity,prism,20.0,False,False,True,
179,gradual,severity,severity_only,,False,False,False,
179,gradual,severity,external_only,,False,False,False,
179,gradual,severity,internal_only,38.0,False,False,False,
179,gradual,severity,prism,,False,False,False,
180,gradual,severity,severity_only,,False,False,False,
180,gradual,severity,external_only,25.0,True,False,False,-1.0
180,gradual,severity,internal_only,33.0,False,False,False,
180,gradual,severity,prism,24.0,True,True,False,0.0
181,gradual,severity,severity_only,,False,False,False,
181,gradual,severity,external_only,,False,False,False,
181,gradual,severity,internal_only,,False,False,False,
181,gradual,severity,prism,27.0,True,False,False,-3.0
182,gradual,severity,severity_only,,False,False,False,
182,gradual,severity,external_only,26.0,True,False,False,-2.0
182,gradual,severity,internal_only,,False,False,False,
182,gradual,severity,prism,,False,False,False,
183,gradual,severity,severity_only,,False,False,False,
183,gradual,severity,external_only,28.0,True,False,False,-4.0
183,gradual,severity,internal_only,35.0,False,False,False,
183,gradual,severity,prism,35.0,False,False,False,
184,gradual,severity,severity_only,,False,False,False,
184,gradual,severity,external_only,27.0,True,False,False,-3.0
184,gradual,severity,internal_only,27.0,True,False,False,-3.0
184,gradual,severity,prism,26.0,True,False,False,-2.0
185,gradual,severity,severity_only,,False,False,False,
185,gradual,severity,external_only,,False,False,False,
185,gradual,severity,internal_only,21.0,False,False,False,
185,gradual,severity,prism,27.0,True,False,False,-3.0
186,gradual,severity,severity_only,,False,False,False,
186,gradual,severity,external_only,26.0,True,False,False,-2.0
186,gradual,severity,internal_only,26.0,True,False,False,-2.0
186,gradual,severity,prism,24.0,True,True,False,0.0
187,gradual,severity,severity_only,,False,False,False,
187,gradual,severity,external_only,,False,False,False,
187,gradual,severity,internal_only,,False,False,False,
187,gradual,severity,prism,,False,False,False,
188,gradual,severity,severity_only,,False,False,False,
188,gradual,severity,external_only,7.0,False,False,True,
188,gradual,severity,internal_only,,False,False,False,
188,gradual,severity,prism,7.0,False,False,True,
189,gradual,severity,severity_only,,False,False,False,
189,gradual,severity,external_only,26.0,True,False,False,-2.0
189,gradual,severity,internal_only,,False,False,False,
189,gradual,severity,prism,26.0,True,False,False,-2.0
190,gradual,severity,severity_only,,False,False,False,
190,gradual,severity,external_only,,False,False,False,
190,gradual,severity,internal_only,,False,False,False,
190,gradual,severity,prism,,False,False,False,
191,gradual,severity,severity_only,,False,False,False,
191,gradual,severity,external_only,,False,False,False,
191,gradual,severity,internal_only,,False,False,False,
191,gradual,severity,prism,24.0,True,True,False,0.0
192,gradual,severity,severity_only,,False,False,False,
192,gradual,severity,external_only,,False,False,False,
192,gradual,severity,internal_only,,False,False,False,
192,gradual,severity,prism,,False,False,False,
193,gradual,severity,severity_only,,False,False,False,
193,gradual,severity,external_only,,False,False,False,
193,gradual,severity,internal_only,,False,False,False,
193,gradual,severity,prism,,False,False,False,
194,gradual,severity,severity_only,,False,False,False,
194,gradual,severity,external_only,,False,False,False,
194,gradual,severity,internal_only,36.0,False,False,False,
194,gradual,severity,prism,25.0,True,False,False,-1.0
195,gradual,severity,severity_only,,False,False,False,
195,gradual,severity,external_only,,False,False,False,
195,gradual,severity,internal_only,,False,False,False,
195,gradual,severity,prism,,False,False,False,
196,gradual,severity,severity_only,,False,False,False,
196,gradual,severity,external_only,,False,False,False,
196,gradual,severity,internal_only,35.0,False,False,False,
196,gradual,severity,prism,34.0,False,False,False,
197,gradual,severity,severity_only,,False,False,False,
197,gradual,severity,external_only,,False,False,False,
197,gradual,severity,internal_only,35.0,False,False,False,
197,gradual,severity,prism,24.0,True,True,False,0.0
198,gradual,severity,severity_only,,False,False,False,
198,gradual,severity,external_only,,False,False,False,
198,gradual,severity,internal_only,,False,False,False,
198,gradual,severity,prism,25.0,True,False,False,-1.0
199,gradual,severity,severity_only,,False,False,False,
199,gradual,severity,external_only,,False,False,False,
199,gradual,severity,internal_only,39.0,False,False,False,
199,gradual,severity,prism,39.0,False,False,False,
200,gradual,severity,severity_only,,False,False,False,
200,gradual,severity,external_only,,False,False,False,
200,gradual,severity,internal_only,,False,False,False,
200,gradual,severity,prism,,False,False,False,
201,gradual,severity,severity_only,,False,False,False,
201,gradual,severity,external_only,,False,False,False,
201,gradual,severity,internal_only,,False,False,False,
201,gradual,severity,prism,,False,False,False,
202,gradual,severity,severity_only,32.0,False,False,False,
202,gradual,severity,external_only,31.0,False,False,False,
202,gradual,severity,internal_only,,False,False,False,
202,gradual,severity,prism,,False,False,False,
203,gradual,severity,severity_only,,False,False,False,
203,gradual,severity,external_only,,False,False,False,
203,gradual,severity,internal_only,34.0,False,False,False,
203,gradual,severity,prism,34.0,False,False,False,
204,gradual,severity,severity_only,,False,False,False,
204,gradual,severity,external_only,,False,False,False,
204,gradual,severity,internal_only,,False,False,False,
204,gradual,severity,prism,,False,False,False,
205,gradual,severity,severity_only,,False,False,False,
205,gradual,severity,external_only,22.0,True,True,False,2.0
205,gradual,severity,internal_only,,False,False,False,
205,gradual,severity,prism,22.0,True,True,False,2.0
206,gradual,severity,severity_only,,False,False,False,
206,gradual,severity,external_only,,False,False,False,
206,gradual,severity,internal_only,35.0,False,False,False,
206,gradual,severity,prism,31.0,False,False,False,
207,gradual,severity,severity_only,,False,False,False,
207,gradual,severity,external_only,,False,False,False,
207,gradual,severity,internal_only,,False,False,False,
207,gradual,severity,prism,26.0,True,False,False,-2.0
208,gradual,severity,severity_only,,False,False,False,
208,gradual,severity,external_only,,False,False,False,
208,gradual,severity,internal_only,,False,False,False,
208,gradual,severity,prism,25.0,True,False,False,-1.0
209,gradual,severity,severity_only,,False,False,False,
209,gradual,severity,external_only,,False,False,False,
209,gradual,severity,internal_only,,False,False,False,
209,gradual,severity,prism,36.0,False,False,False,
210,gradual,severity,severity_only,,False,False,False,
210,gradual,severity,external_only,26.0,True,False,False,-2.0
210,gradual,severity,internal_only,,False,False,False,
210,gradual,severity,prism,26.0,True,False,False,-2.0
211,gradual,severity,severity_only,,False,False,False,
211,gradual,severity,external_only,8.0,False,False,True,
211,gradual,severity,internal_only,,False,False,False,
211,gradual,severity,prism,8.0,False,False,True,
212,gradual,severity,severity_only,,False,False,False,
212,gradual,severity,external_only,,False,False,False,
212,gradual,severity,internal_only,30.0,True,False,False,-6.0
212,gradual,severity,prism,25.0,True,False,False,-1.0
213,gradual,severity,severity_only,,False,False,False,
213,gradual,severity,external_only,26.0,True,False,False,-2.0
213,gradual,severity,internal_only,26.0,True,False,False,-2.0
213,gradual,severity,prism,24.0,True,True,False,0.0
214,gradual,severity,severity_only,35.0,False,False,False,
214,gradual,severity,external_only,28.0,True,False,False,-4.0
214,gradual,severity,internal_only,35.0,False,False,False,
214,gradual,severity,prism,36.0,False,False,False,
215,gradual,severity,severity_only,,False,False,False,
215,gradual,severity,external_only,28.0,True,False,False,-4.0
215,gradual,severity,internal_only,,False,False,False,
215,gradual,severity,prism,28.0,True,False,False,-4.0
216,gradual,severity,severity_only,,False,False,False,
216,gradual,severity,external_only,,False,False,False,
216,gradual,severity,internal_only,,False,False,False,
216,gradual,severity,prism,25.0,True,False,False,-1.0
217,gradual,severity,severity_only,,False,False,False,
217,gradual,severity,external_only,29.0,True,False,False,-5.0
217,gradual,severity,internal_only,,False,False,False,
217,gradual,severity,prism,24.0,True,True,False,0.0
218,gradual,severity,severity_only,,False,False,False,
218,gradual,severity,external_only,,False,False,False,
218,gradual,severity,internal_only,38.0,False,False,False,
218,gradual,severity,prism,36.0,False,False,False,
219,gradual,severity,severity_only,,False,False,False,
219,gradual,severity,external_only,26.0,True,False,False,-2.0
219,gradual,severity,internal_only,34.0,False,False,False,
219,gradual,severity,prism,22.0,True,True,False,2.0
220,gradual,severity,severity_only,,False,False,False,
220,gradual,severity,external_only,25.0,True,False,False,-1.0
220,gradual,severity,internal_only,36.0,False,False,False,
220,gradual,severity,prism,25.0,True,False,False,-1.0
221,gradual,severity,severity_only,,False,False,False,
221,gradual,severity,external_only,31.0,False,False,False,
221,gradual,severity,internal_only,,False,False,False,
221,gradual,severity,prism,,False,False,False,
222,gradual,severity,severity_only,14.0,False,False,True,
222,gradual,severity,external_only,27.0,True,False,False,-3.0
222,gradual,severity,internal_only,14.0,False,False,True,
222,gradual,severity,prism,,False,False,False,
223,gradual,severity,severity_only,,False,False,False,
223,gradual,severity,external_only,25.0,True,False,False,-1.0
223,gradual,severity,internal_only,29.0,True,False,False,-5.0
223,gradual,severity,prism,25.0,True,False,False,-1.0
224,gradual,severity,severity_only,,False,False,False,
224,gradual,severity,external_only,,False,False,False,
224,gradual,severity,internal_only,38.0,False,False,False,
224,gradual,severity,prism,30.0,True,False,False,-6.0
225,gradual,severity,severity_only,,False,False,False,
225,gradual,severity,external_only,,False,False,False,
225,gradual,severity,internal_only,,False,False,False,
225,gradual,severity,prism,25.0,True,False,False,-1.0
226,gradual,severity,severity_only,,False,False,False,
226,gradual,severity,external_only,,False,False,False,
226,gradual,severity,internal_only,38.0,False,False,False,
226,gradual,severity,prism,27.0,True,False,False,-3.0
227,gradual,severity,severity_only,,False,False,False,
227,gradual,severity,external_only,,False,False,False,
227,gradual,severity,internal_only,33.0,False,False,False,
227,gradual,severity,prism,25.0,True,False,False,-1.0
228,gradual,severity,severity_only,21.0,False,False,False,
228,gradual,severity,external_only,26.0,True,False,False,-2.0
228,gradual,severity,internal_only,21.0,False,False,False,
228,gradual,severity,prism,21.0,False,False,False,
229,gradual,severity,severity_only,,False,False,False,
229,gradual,severity,external_only,,False,False,False,
229,gradual,severity,internal_only,38.0,False,False,False,
229,gradual,severity,prism,26.0,True,False,False,-2.0
230,gradual,severity,severity_only,,False,False,False,
230,gradual,severity,external_only,,False,False,False,
230,gradual,severity,internal_only,34.0,False,False,False,
230,gradual,severity,prism,30.0,True,False,False,-6.0
231,gradual,severity,severity_only,,False,False,False,
231,gradual,severity,external_only,,False,False,False,
231,gradual,severity,internal_only,36.0,False,False,False,
231,gradual,severity,prism,24.0,True,True,False,0.0
232,gradual,severity,severity_only,,False,False,False,
232,gradual,severity,external_only,,False,False,False,
232,gradual,severity,internal_only,,False,False,False,
232,gradual,severity,prism,,False,False,False,
233,gradual,severity,severity_only,17.0,False,False,True,
233,gradual,severity,external_only,17.0,False,False,True,
233,gradual,severity,internal_only,17.0,False,False,True,
233,gradual,severity,prism,17.0,False,False,True,
234,gradual,severity,severity_only,,False,False,False,
234,gradual,severity,external_only,,False,False,False,
234,gradual,severity,internal_only,,False,False,False,
234,gradual,severity,prism,,False,False,False,
235,gradual,severity,severity_only,,False,False,False,
235,gradual,severity,external_only,25.0,True,False,False,-1.0
235,gradual,severity,internal_only,,False,False,False,
235,gradual,severity,prism,26.0,True,False,False,-2.0
236,gradual,severity,severity_only,,False,False,False,
236,gradual,severity,external_only,24.0,True,True,False,0.0
236,gradual,severity,internal_only,37.0,False,False,False,
236,gradual,severity,prism,24.0,True,True,False,0.0
237,gradual,severity,severity_only,,False,False,False,
237,gradual,severity,external_only,,False,False,False,
237,gradual,severity,internal_only,,False,False,False,
237,gradual,severity,prism,30.0,True,False,False,-6.0
238,gradual,severity,severity_only,,False,False,False,
238,gradual,severity,external_only,,False,False,False,
238,gradual,severity,internal_only,,False,False,False,
238,gradual,severity,prism,,False,False,False,
239,gradual,severity,severity_only,,False,False,False,
239,gradual,severity,external_only,,False,False,False,
239,gradual,severity,internal_only,,False,False,False,
239,gradual,severity,prism,,False,False,False,
240,gradual,severity,severity_only,,False,False,False,
240,gradual,severity,external_only,,False,False,False,
240,gradual,severity,internal_only,38.0,False,False,False,
240,gradual,severity,prism,28.0,True,False,False,-4.0
241,gradual,severity,severity_only,,False,False,False,
241,gradual,severity,external_only,26.0,True,False,False,-2.0
241,gradual,severity,internal_only,,False,False,False,
241,gradual,severity,prism,24.0,True,True,False,0.0
242,gradual,severity,severity_only,,False,False,False,
242,gradual,severity,external_only,,False,False,False,
242,gradual,severity,internal_only,,False,False,False,
242,gradual,severity,prism,,False,False,False,
243,gradual,severity,severity_only,,False,False,False,
243,gradual,severity,external_only,25.0,True,False,False,-1.0
243,gradual,severity,internal_only,37.0,False,False,False,
243,gradual,severity,prism,25.0,True,False,False,-1.0
244,gradual,severity,severity_only,6.0,False,False,True,
244,gradual,severity,external_only,6.0,False,False,True,
244,gradual,severity,internal_only,6.0,False,False,True,
244,gradual,severity,prism,6.0,False,False,True,
245,gradual,severity,severity_only,,False,False,False,
245,gradual,severity,external_only,37.0,False,False,False,
245,gradual,severity,internal_only,37.0,False,False,False,
245,gradual,severity,prism,37.0,False,False,False,
246,gradual,severity,severity_only,,False,False,False,
246,gradual,severity,external_only,23.0,True,True,False,1.0
246,gradual,severity,internal_only,35.0,False,False,False,
246,gradual,severity,prism,28.0,True,False,False,-4.0
247,gradual,severity,severity_only,,False,False,False,
247,gradual,severity,external_only,,False,False,False,
247,gradual,severity,internal_only,,False,False,False,
247,gradual,severity,prism,,False,False,False,
248,gradual,severity,severity_only,,False,False,False,
248,gradual,severity,external_only,,False,False,False,
248,gradual,severity,internal_only,38.0,False,False,False,
248,gradual,severity,prism,25.0,True,False,False,-1.0
249,gradual,severity,severity_only,,False,False,False,
249,gradual,severity,external_only,22.0,True,True,False,2.0
249,gradual,severity,internal_only,,False,False,False,
249,gradual,severity,prism,22.0,True,True,False,2.0
250,gradual,severity,severity_only,,False,False,False,
250,gradual,severity,external_only,,False,False,False,
250,gradual,severity,internal_only,,False,False,False,
250,gradual,severity,prism,,False,False,False,
251,gradual,severity,severity_only,,False,False,False,
251,gradual,severity,external_only,,False,False,False,
251,gradual,severity,internal_only,,False,False,False,
251,gradual,severity,prism,25.0,True,False,False,-1.0
252,gradual,severity,severity_only,11.0,False,False,True,
252,gradual,severity,external_only,11.0,False,False,True,
252,gradual,severity,internal_only,11.0,False,False,True,
252,gradual,severity,prism,11.0,False,False,True,
253,gradual,severity,severity_only,,False,False,False,
253,gradual,severity,external_only,,False,False,False,
253,gradual,severity,internal_only,,False,False,False,
253,gradual,severity,prism,,False,False,False,
254,gradual,severity,severity_only,,False,False,False,
254,gradual,severity,external_only,,False,False,False,
254,gradual,severity,internal_only,38.0,False,False,False,
254,gradual,severity,prism,37.0,False,False,False,
255,gradual,severity,severity_only,,False,False,False,
255,gradual,severity,external_only,,False,False,False,
255,gradual,severity,internal_only,,False,False,False,
255,gradual,severity,prism,,False,False,False,
256,gradual,severity,severity_only,,False,False,False,
256,gradual,severity,external_only,,False,False,False,
256,gradual,severity,internal_only,,False,False,False,
256,gradual,severity,prism,,False,False,False,
257,gradual,severity,severity_only,,False,False,False,
257,gradual,severity,external_only,,False,False,False,
257,gradual,severity,internal_only,,False,False,False,
257,gradual,severity,prism,,False,False,False,
258,gradual,severity,severity_only,,False,False,False,
258,gradual,severity,external_only,,False,False,False,
258,gradual,severity,internal_only,35.0,False,False,False,
258,gradual,severity,prism,26.0,True,False,False,-2.0
259,gradual,severity,severity_only,,False,False,False,
259,gradual,severity,external_only,26.0,True,False,False,-2.0
259,gradual,severity,internal_only,36.0,False,False,False,
259,gradual,severity,prism,26.0,True,False,False,-2.0
260,gradual,severity,severity_only,,False,False,False,
260,gradual,severity,external_only,,False,False,False,
260,gradual,severity,internal_only,,False,False,False,
260,gradual,severity,prism,,False,False,False,
261,gradual,severity,severity_only,34.0,False,False,False,
261,gradual,severity,external_only,34.0,False,False,False,
261,gradual,severity,internal_only,34.0,False,False,False,
261,gradual,severity,prism,34.0,False,False,False,
262,gradual,severity,severity_only,,False,False,False,
262,gradual,severity,external_only,27.0,True,False,False,-3.0
262,gradual,severity,internal_only,,False,False,False,
262,gradual,severity,prism,,False,False,False,
263,gradual,severity,severity_only,,False,False,False,
263,gradual,severity,external_only,,False,False,False,
263,gradual,severity,internal_only,33.0,False,False,False,
263,gradual,severity,prism,24.0,True,True,False,0.0
264,gradual,severity,severity_only,,False,False,False,
264,gradual,severity,external_only,,False,False,False,
264,gradual,severity,internal_only,,False,False,False,
264,gradual,severity,prism,,False,False,False,
265,gradual,severity,severity_only,,False,False,False,
265,gradual,severity,external_only,,False,False,False,
265,gradual,severity,internal_only,,False,False,False,
265,gradual,severity,prism,,False,False,False,
266,gradual,severity,severity_only,,False,False,False,
266,gradual,severity,external_only,,False,False,False,
266,gradual,severity,internal_only,,False,False,False,
266,gradual,severity,prism,,False,False,False,
267,gradual,severity,severity_only,,False,False,False,
267,gradual,severity,external_only,26.0,True,False,False,-2.0
267,gradual,severity,internal_only,,False,False,False,
267,gradual,severity,prism,,False,False,False,
268,gradual,severity,severity_only,,False,False,False,
268,gradual,severity,external_only,,False,False,False,
268,gradual,severity,internal_only,39.0,False,False,False,
268,gradual,severity,prism,39.0,False,False,False,
269,gradual,severity,severity_only,,False,False,False,
269,gradual,severity,external_only,,False,False,False,
269,gradual,severity,internal_only,,False,False,False,
269,gradual,severity,prism,,False,False,False,
270,gradual,severity,severity_only,,False,False,False,
270,gradual,severity,external_only,26.0,True,False,False,-2.0
270,gradual,severity,internal_only,21.0,False,False,False,
270,gradual,severity,prism,21.0,False,False,False,
271,gradual,severity,severity_only,,False,False,False,
271,gradual,severity,external_only,,False,False,False,
271,gradual,severity,internal_only,,False,False,False,
271,gradual,severity,prism,,False,False,False,
272,gradual,severity,severity_only,,False,False,False,
272,gradual,severity,external_only,23.0,True,True,False,1.0
272,gradual,severity,internal_only,33.0,False,False,False,
272,gradual,severity,prism,22.0,True,True,False,2.0
273,gradual,severity,severity_only,,False,False,False,
273,gradual,severity,external_only,10.0,False,False,True,
273,gradual,severity,internal_only,,False,False,False,
273,gradual,severity,prism,10.0,False,False,True,
274,gradual,severity,severity_only,,False,False,False,
274,gradual,severity,external_only,,False,False,False,
274,gradual,severity,internal_only,,False,False,False,
274,gradual,severity,prism,,False,False,False,
275,gradual,severity,severity_only,,False,False,False,
275,gradual,severity,external_only,31.0,False,False,False,
275,gradual,severity,internal_only,,False,False,False,
275,gradual,severity,prism,,False,False,False,
276,gradual,severity,severity_only,,False,False,False,
276,gradual,severity,external_only,,False,False,False,
276,gradual,severity,internal_only,,False,False,False,
276,gradual,severity,prism,,False,False,False,
277,gradual,severity,severity_only,,False,False,False,
277,gradual,severity,external_only,,False,False,False,
277,gradual,severity,internal_only,,False,False,False,
277,gradual,severity,prism,25.0,True,False,False,-1.0
278,gradual,severity,severity_only,7.0,False,False,True,
278,gradual,severity,external_only,7.0,False,False,True,
278,gradual,severity,internal_only,7.0,False,False,True,
278,gradual,severity,prism,7.0,False,False,True,
279,gradual,severity,severity_only,,False,False,False,
279,gradual,severity,external_only,6.0,False,False,True,
279,gradual,severity,internal_only,,False,False,False,
279,gradual,severity,prism,6.0,False,False,True,
280,gradual,severity,severity_only,,False,False,False,
280,gradual,severity,external_only,,False,False,False,
280,gradual,severity,internal_only,,False,False,False,
280,gradual,severity,prism,,False,False,False,
281,gradual,severity,severity_only,,False,False,False,
281,gradual,severity,external_only,,False,False,False,
281,gradual,severity,internal_only,33.0,False,False,False,
281,gradual,severity,prism,25.0,True,False,False,-1.0
282,gradual,severity,severity_only,,False,False,False,
282,gradual,severity,external_only,,False,False,False,
282,gradual,severity,internal_only,,False,False,False,
282,gradual,severity,prism,24.0,True,True,False,0.0
283,gradual,severity,severity_only,,False,False,False,
283,gradual,severity,external_only,,False,False,False,
283,gradual,severity,internal_only,,False,False,False,
283,gradual,severity,prism,,False,False,False,
284,gradual,severity,severity_only,,False,False,False,
284,gradual,severity,external_only,,False,False,False,
284,gradual,severity,internal_only,,False,False,False,
284,gradual,severity,prism,,False,False,False,
285,gradual,severity,severity_only,,False,False,False,
285,gradual,severity,external_only,,False,False,False,
285,gradual,severity,internal_only,,False,False,False,
285,gradual,severity,prism,,False,False,False,
286,gradual,severity,severity_only,,False,False,False,
286,gradual,severity,external_only,,False,False,False,
286,gradual,severity,internal_only,,False,False,False,
286,gradual,severity,prism,,False,False,False,
287,gradual,severity,severity_only,,False,False,False,
287,gradual,severity,external_only,26.0,True,False,False,-2.0
287,gradual,severity,internal_only,,False,False,False,
287,gradual,severity,prism,26.0,True,False,False,-2.0
288,gradual,severity,severity_only,,False,False,False,
288,gradual,severity,external_only,,False,False,False,
288,gradual,severity,internal_only,,False,False,False,
288,gradual,severity,prism,,False,False,False,
289,gradual,severity,severity_only,,False,False,False,
289,gradual,severity,external_only,,False,False,False,
289,gradual,severity,internal_only,,False,False,False,
289,gradual,severity,prism,,False,False,False,
290,gradual,severity,severity_only,,False,False,False,
290,gradual,severity,external_only,,False,False,False,
290,gradual,severity,internal_only,,False,False,False,
290,gradual,severity,prism,24.0,True,True,False,0.0
291,gradual,severity,severity_only,,False,False,False,
291,gradual,severity,external_only,25.0,True,False,False,-1.0
291,gradual,severity,internal_only,,False,False,False,
291,gradual,severity,prism,,False,False,False,
292,gradual,severity,severity_only,,False,False,False,
292,gradual,severity,external_only,26.0,True,False,False,-2.0
292,gradual,severity,internal_only,,False,False,False,
292,gradual,severity,prism,25.0,True,False,False,-1.0
293,gradual,severity,severity_only,,False,False,False,
293,gradual,severity,external_only,,False,False,False,
293,gradual,severity,internal_only,,False,False,False,
293,gradual,severity,prism,,False,False,False,
294,gradual,severity,severity_only,,False,False,False,
294,gradual,severity,external_only,,False,False,False,
294,gradual,severity,internal_only,,False,False,False,
294,gradual,severity,prism,,False,False,False,
295,gradual,severity,severity_only,,False,False,False,
295,gradual,severity,external_only,,False,False,False,
295,gradual,severity,internal_only,,False,False,False,
295,gradual,severity,prism,,False,False,False,
296,gradual,severity,severity_only,,False,False,False,
296,gradual,severity,external_only,,False,False,False,
296,gradual,severity,internal_only,,False,False,False,
296,gradual,severity,prism,26.0,True,False,False,-2.0
297,gradual,severity,severity_only,,False,False,False,
297,gradual,severity,external_only,,False,False,False,
297,gradual,severity,internal_only,38.0,False,False,False,
297,gradual,severity,prism,24.0,True,True,False,0.0
298,gradual,severity,severity_only,,False,False,False,
298,gradual,severity,external_only,,False,False,False,
298,gradual,severity,internal_only,,False,False,False,
298,gradual,severity,prism,,False,False,False,
299,gradual,severity,severity_only,,False,False,False,
299,gradual,severity,external_only,,False,False,False,
299,gradual,severity,internal_only,,False,False,False,
299,gradual,severity,prism,,False,False,False,
300,gradual,severity,severity_only,,False,False,False,
300,gradual,severity,external_only,,False,False,False,
300,gradual,severity,internal_only,38.0,False,False,False,
300,gradual,severity,prism,27.0,True,False,False,-3.0
301,gradual,severity,severity_only,,False,False,False,
301,gradual,severity,external_only,,False,False,False,
301,gradual,severity,internal_only,38.0,False,False,False,
301,gradual,severity,prism,25.0,True,False,False,-1.0
302,gradual,severity,severity_only,,False,False,False,
302,gradual,severity,external_only,,False,False,False,
302,gradual,severity,internal_only,,False,False,False,
302,gradual,severity,prism,,False,False,False,
303,gradual,severity,severity_only,,False,False,False,
303,gradual,severity,external_only,26.0,True,False,False,-2.0
303,gradual,severity,internal_only,,False,False,False,
303,gradual,severity,prism,25.0,True,False,False,-1.0
304,gradual,severity,severity_only,,False,False,False,
304,gradual,severity,external_only,27.0,True,False,False,-3.0
304,gradual,severity,internal_only,,False,False,False,
304,gradual,severity,prism,27.0,True,False,False,-3.0
305,gradual,severity,severity_only,,False,False,False,
305,gradual,severity,external_only,,False,False,False,
305,gradual,severity,internal_only,,False,False,False,
305,gradual,severity,prism,,False,False,False,
306,gradual,severity,severity_only,,False,False,False,
306,gradual,severity,external_only,25.0,True,False,False,-1.0
306,gradual,severity,internal_only,,False,False,False,
306,gradual,severity,prism,26.0,True,False,False,-2.0
307,gradual,severity,severity_only,,False,False,False,
307,gradual,severity,external_only,,False,False,False,
307,gradual,severity,internal_only,,False,False,False,
307,gradual,severity,prism,,False,False,False,
308,gradual,severity,severity_only,,False,False,False,
308,gradual,severity,external_only,,False,False,False,
308,gradual,severity,internal_only,,False,False,False,
308,gradual,severity,prism,,False,False,False,
309,gradual,severity,severity_only,,False,False,False,
309,gradual,severity,external_only,27.0,True,False,False,-3.0
309,gradual,severity,internal_only,,False,False,False,
309,gradual,severity,prism,27.0,True,False,False,-3.0
310,gradual,severity,severity_only,31.0,False,False,False,
310,gradual,severity,external_only,31.0,False,False,False,
310,gradual,severity,internal_only,31.0,False,False,False,
310,gradual,severity,prism,22.0,True,True,False,2.0
311,gradual,severity,severity_only,,False,False,False,
311,gradual,severity,external_only,,False,False,False,
311,gradual,severity,internal_only,34.0,False,False,False,
311,gradual,severity,prism,25.0,True,False,False,-1.0
312,gradual,severity,severity_only,,False,False,False,
312,gradual,severity,external_only,4.0,False,False,True,
312,gradual,severity,internal_only,,False,False,False,
312,gradual,severity,prism,4.0,False,False,True,
313,gradual,severity,severity_only,,False,False,False,
313,gradual,severity,external_only,,False,False,False,
313,gradual,severity,internal_only,36.0,False,False,False,
313,gradual,severity,prism,37.0,False,False,False,
314,gradual,severity,severity_only,4.0,False,False,True,
314,gradual,severity,external_only,4.0,False,False,True,
314,gradual,severity,internal_only,4.0,False,False,True,
314,gradual,severity,prism,4.0,False,False,True,
315,gradual,severity,severity_only,,False,False,False,
315,gradual,severity,external_only,28.0,True,False,False,-4.0
315,gradual,severity,internal_only,,False,False,False,
315,gradual,severity,prism,28.0,True,False,False,-4.0
316,gradual,severity,severity_only,,False,False,False,
316,gradual,severity,external_only,,False,False,False,
316,gradual,severity,internal_only,,False,False,False,
316,gradual,severity,prism,,False,False,False,
317,gradual,severity,severity_only,,False,False,False,
317,gradual,severity,external_only,25.0,True,False,False,-1.0
317,gradual,severity,internal_only,26.0,True,False,False,-2.0
317,gradual,severity,prism,25.0,True,False,False,-1.0
318,gradual,severity,severity_only,,False,False,False,
318,gradual,severity,external_only,28.0,True,False,False,-4.0
318,gradual,severity,internal_only,,False,False,False,
318,gradual,severity,prism,,False,False,False,
319,gradual,severity,severity_only,,False,False,False,
319,gradual,severity,external_only,,False,False,False,
319,gradual,severity,internal_only,,False,False,False,
319,gradual,severity,prism,36.0,False,False,False,
320,gradual,severity,severity_only,,False,False,False,
320,gradual,severity,external_only,,False,False,False,
320,gradual,severity,internal_only,,False,False,False,
320,gradual,severity,prism,,False,False,False,
321,gradual,severity,severity_only,,False,False,False,
321,gradual,severity,external_only,,False,False,False,
321,gradual,severity,internal_only,33.0,False,False,False,
321,gradual,severity,prism,20.0,False,False,True,
322,gradual,severity,severity_only,22.0,True,True,False,2.0
322,gradual,severity,external_only,22.0,True,True,False,2.0
322,gradual,severity,internal_only,22.0,True,True,False,2.0
322,gradual,severity,prism,22.0,True,True,False,2.0
323,gradual,severity,severity_only,25.0,True,False,False,-1.0
323,gradual,severity,external_only,25.0,True,False,False,-1.0
323,gradual,severity,internal_only,25.0,True,False,False,-1.0
323,gradual,severity,prism,25.0,True,False,False,-1.0
324,gradual,severity,severity_only,,False,False,False,
324,gradual,severity,external_only,27.0,True,False,False,-3.0
324,gradual,severity,internal_only,,False,False,False,
324,gradual,severity,prism,,False,False,False,
325,gradual,severity,severity_only,,False,False,False,
325,gradual,severity,external_only,,False,False,False,
325,gradual,severity,internal_only,38.0,False,False,False,
325,gradual,severity,prism,35.0,False,False,False,
326,gradual,severity,severity_only,,False,False,False,
326,gradual,severity,external_only,,False,False,False,
326,gradual,severity,internal_only,,False,False,False,
326,gradual,severity,prism,29.0,True,False,False,-5.0
327,gradual,severity,severity_only,,False,False,False,
327,gradual,severity,external_only,,False,False,False,
327,gradual,severity,internal_only,,False,False,False,
327,gradual,severity,prism,,False,False,False,
328,gradual,severity,severity_only,,False,False,False,
328,gradual,severity,external_only,20.0,False,False,True,
328,gradual,severity,internal_only,,False,False,False,
328,gradual,severity,prism,20.0,False,False,True,
329,gradual,severity,severity_only,,False,False,False,
329,gradual,severity,external_only,,False,False,False,
329,gradual,severity,internal_only,34.0,False,False,False,
329,gradual,severity,prism,28.0,True,False,False,-4.0
330,gradual,severity,severity_only,32.0,False,False,False,
330,gradual,severity,external_only,,False,False,False,
330,gradual,severity,internal_only,,False,False,False,
330,gradual,severity,prism,,False,False,False,
331,gradual,severity,severity_only,,False,False,False,
331,gradual,severity,external_only,,False,False,False,
331,gradual,severity,internal_only,,False,False,False,
331,gradual,severity,prism,31.0,False,False,False,
332,gradual,severity,severity_only,,False,False,False,
332,gradual,severity,external_only,29.0,True,False,False,-5.0
332,gradual,severity,internal_only,35.0,False,False,False,
332,gradual,severity,prism,30.0,True,False,False,-6.0
333,gradual,severity,severity_only,10.0,False,False,True,
333,gradual,severity,external_only,10.0,False,False,True,
333,gradual,severity,internal_only,10.0,False,False,True,
333,gradual,severity,prism,10.0,False,False,True,
334,gradual,severity,severity_only,,False,False,False,
334,gradual,severity,external_only,,False,False,False,
334,gradual,severity,internal_only,,False,False,False,
334,gradual,severity,prism,31.0,False,False,False,
335,gradual,severity,severity_only,,False,False,False,
335,gradual,severity,external_only,30.0,True,False,False,-6.0
335,gradual,severity,internal_only,,False,False,False,
335,gradual,severity,prism,25.0,True,False,False,-1.0
336,gradual,severity,severity_only,,False,False,False,
336,gradual,severity,external_only,23.0,True,True,False,1.0
336,gradual,severity,internal_only,,False,False,False,
336,gradual,severity,prism,23.0,True,True,False,1.0
337,gradual,severity,severity_only,,False,False,False,
337,gradual,severity,external_only,,False,False,False,
337,gradual,severity,internal_only,,False,False,False,
337,gradual,severity,prism,,False,False,False,
338,gradual,severity,severity_only,,False,False,False,
338,gradual,severity,external_only,,False,False,False,
338,gradual,severity,internal_only,,False,False,False,
338,gradual,severity,prism,,False,False,False,
339,gradual,severity,severity_only,,False,False,False,
339,gradual,severity,external_only,30.0,True,False,False,-6.0
339,gradual,severity,internal_only,,False,False,False,
339,gradual,severity,prism,,False,False,False,
340,gradual,severity,severity_only,,False,False,False,
340,gradual,severity,external_only,,False,False,False,
340,gradual,severity,internal_only,34.0,False,False,False,
340,gradual,severity,prism,29.0,True,False,False,-5.0
341,gradual,severity,severity_only,,False,False,False,
341,gradual,severity,external_only,,False,False,False,
341,gradual,severity,internal_only,,False,False,False,
341,gradual,severity,prism,38.0,False,False,False,
342,gradual,severity,severity_only,,False,False,False,
342,gradual,severity,external_only,,False,False,False,
342,gradual,severity,internal_only,,False,False,False,
342,gradual,severity,prism,27.0,True,False,False,-3.0
343,gradual,severity,severity_only,,False,False,False,
343,gradual,severity,external_only,,False,False,False,
343,gradual,severity,internal_only,,False,False,False,
343,gradual,severity,prism,25.0,True,False,False,-1.0
344,gradual,severity,severity_only,,False,False,False,
344,gradual,severity,external_only,29.0,True,False,False,-5.0
344,gradual,severity,internal_only,,False,False,False,
344,gradual,severity,prism,26.0,True,False,False,-2.0
345,gradual,severity,severity_only,,False,False,False,
345,gradual,severity,external_only,,False,False,False,
345,gradual,severity,internal_only,,False,False,False,
345,gradual,severity,prism,,False,False,False,
346,gradual,severity,severity_only,,False,False,False,
346,gradual,severity,external_only,,False,False,False,
346,gradual,severity,internal_only,,False,False,False,
346,gradual,severity,prism,,False,False,False,
347,gradual,severity,severity_only,,False,False,False,
347,gradual,severity,external_only,26.0,True,False,False,-2.0
347,gradual,severity,internal_only,,False,False,False,
347,gradual,severity,prism,26.0,True,False,False,-2.0
348,gradual,severity,severity_only,,False,False,False,
348,gradual,severity,external_only,,False,False,False,
348,gradual,severity,internal_only,39.0,False,False,False,
348,gradual,severity,prism,38.0,False,False,False,
349,gradual,severity,severity_only,,False,False,False,
349,gradual,severity,external_only,,False,False,False,
349,gradual,severity,internal_only,,False,False,False,
349,gradual,severity,prism,,False,False,False,
350,gradual,severity,severity_only,,False,False,False,
350,gradual,severity,external_only,28.0,True,False,False,-4.0
350,gradual,severity,internal_only,39.0,False,False,False,
350,gradual,severity,prism,29.0,True,False,False,-5.0
351,gradual,severity,severity_only,,False,False,False,
351,gradual,severity,external_only,26.0,True,False,False,-2.0
351,gradual,severity,internal_only,,False,False,False,
351,gradual,severity,prism,26.0,True,False,False,-2.0
352,gradual,severity,severity_only,,False,False,False,
352,gradual,severity,external_only,27.0,True,False,False,-3.0
352,gradual,severity,internal_only,27.0,True,False,False,-3.0
352,gradual,severity,prism,26.0,True,False,False,-2.0
353,gradual,severity,severity_only,,False,False,False,
353,gradual,severity,external_only,,False,False,False,
353,gradual,severity,internal_only,,False,False,False,
353,gradual,severity,prism,,False,False,False,
354,gradual,severity,severity_only,,False,False,False,
354,gradual,severity,external_only,,False,False,False,
354,gradual,severity,internal_only,37.0,False,False,False,
354,gradual,severity,prism,38.0,False,False,False,
355,gradual,severity,severity_only,,False,False,False,
355,gradual,severity,external_only,29.0,True,False,False,-5.0
355,gradual,severity,internal_only,,False,False,False,
355,gradual,severity,prism,,False,False,False,
356,gradual,severity,severity_only,,False,False,False,
356,gradual,severity,external_only,26.0,True,False,False,-2.0
356,gradual,severity,internal_only,,False,False,False,
356,gradual,severity,prism,34.0,False,False,False,
357,gradual,severity,severity_only,34.0,False,False,False,
357,gradual,severity,external_only,,False,False,False,
357,gradual,severity,internal_only,,False,False,False,
357,gradual,severity,prism,,False,False,False,
358,gradual,severity,severity_only,,False,False,False,
358,gradual,severity,external_only,,False,False,False,
358,gradual,severity,internal_only,,False,False,False,
358,gradual,severity,prism,,False,False,False,
359,gradual,severity,severity_only,,False,False,False,
359,gradual,severity,external_only,,False,False,False,
359,gradual,severity,internal_only,,False,False,False,
359,gradual,severity,prism,,False,False,False,
360,gradual,severity,severity_only,,False,False,False,
360,gradual,severity,external_only,,False,False,False,
360,gradual,severity,internal_only,,False,False,False,
360,gradual,severity,prism,26.0,True,False,False,-2.0
361,gradual,severity,severity_only,,False,False,False,
361,gradual,severity,external_only,,False,False,False,
361,gradual,severity,internal_only,,False,False,False,
361,gradual,severity,prism,25.0,True,False,False,-1.0
362,gradual,severity,severity_only,,False,False,False,
362,gradual,severity,external_only,,False,False,False,
362,gradual,severity,internal_only,30.0,True,False,False,-6.0
362,gradual,severity,prism,25.0,True,False,False,-1.0
363,gradual,severity,severity_only,,False,False,False,
363,gradual,severity,external_only,,False,False,False,
363,gradual,severity,internal_only,,False,False,False,
363,gradual,severity,prism,,False,False,False,
364,gradual,severity,severity_only,,False,False,False,
364,gradual,severity,external_only,,False,False,False,
364,gradual,severity,internal_only,34.0,False,False,False,
364,gradual,severity,prism,26.0,True,False,False,-2.0
365,gradual,severity,severity_only,,False,False,False,
365,gradual,severity,external_only,,False,False,False,
365,gradual,severity,internal_only,,False,False,False,
365,gradual,severity,prism,30.0,True,False,False,-6.0
366,gradual,severity,severity_only,,False,False,False,
366,gradual,severity,external_only,,False,False,False,
366,gradual,severity,internal_only,34.0,False,False,False,
366,gradual,severity,prism,25.0,True,False,False,-1.0
367,gradual,severity,severity_only,,False,False,False,
367,gradual,severity,external_only,,False,False,False,
367,gradual,severity,internal_only,,False,False,False,
367,gradual,severity,prism,,False,False,False,
368,gradual,severity,severity_only,30.0,True,False,False,-6.0
368,gradual,severity,external_only,30.0,True,False,False,-6.0
368,gradual,severity,internal_only,,False,False,False,
368,gradual,severity,prism,30.0,True,False,False,-6.0
369,gradual,severity,severity_only,,False,False,False,
369,gradual,severity,external_only,,False,False,False,
369,gradual,severity,internal_only,,False,False,False,
369,gradual,severity,prism,,False,False,False,
370,gradual,severity,severity_only,,False,False,False,
370,gradual,severity,external_only,,False,False,False,
370,gradual,severity,internal_only,,False,False,False,
370,gradual,severity,prism,,False,False,False,
371,gradual,severity,severity_only,,False,False,False,
371,gradual,severity,external_only,,False,False,False,
371,gradual,severity,internal_only,,False,False,False,
371,gradual,severity,prism,,False,False,False,
372,gradual,severity,severity_only,,False,False,False,
372,gradual,severity,external_only,22.0,True,True,False,2.0
372,gradual,severity,internal_only,,False,False,False,
372,gradual,severity,prism,37.0,False,False,False,
373,gradual,severity,severity_only,,False,False,False,
373,gradual,severity,external_only,,False,False,False,
373,gradual,severity,internal_only,,False,False,False,
373,gradual,severity,prism,,False,False,False,
374,gradual,severity,severity_only,,False,False,False,
374,gradual,severity,external_only,35.0,False,False,False,
374,gradual,severity,internal_only,35.0,False,False,False,
374,gradual,severity,prism,34.0,False,False,False,
375,gradual,severity,severity_only,27.0,True,False,False,-3.0
375,gradual,severity,external_only,26.0,True,False,False,-2.0
375,gradual,severity,internal_only,26.0,True,False,False,-2.0
375,gradual,severity,prism,25.0,True,False,False,-1.0
376,gradual,severity,severity_only,,False,False,False,
376,gradual,severity,external_only,,False,False,False,
376,gradual,severity,internal_only,38.0,False,False,False,
376,gradual,severity,prism,21.0,False,False,False,
377,gradual,severity,severity_only,,False,False,False,
377,gradual,severity,external_only,,False,False,False,
377,gradual,severity,internal_only,,False,False,False,
377,gradual,severity,prism,,False,False,False,
378,gradual,severity,severity_only,,False,False,False,
378,gradual,severity,external_only,28.0,True,False,False,-4.0
378,gradual,severity,internal_only,,False,False,False,
378,gradual,severity,prism,,False,False,False,
379,gradual,severity,severity_only,,False,False,False,
379,gradual,severity,external_only,27.0,True,False,False,-3.0
379,gradual,severity,internal_only,,False,False,False,
379,gradual,severity,prism,27.0,True,False,False,-3.0
380,gradual,severity,severity_only,,False,False,False,
380,gradual,severity,external_only,26.0,True,False,False,-2.0
380,gradual,severity,internal_only,27.0,True,False,False,-3.0
380,gradual,severity,prism,24.0,True,True,False,0.0
381,gradual,severity,severity_only,,False,False,False,
381,gradual,severity,external_only,,False,False,False,
381,gradual,severity,internal_only,,False,False,False,
381,gradual,severity,prism,26.0,True,False,False,-2.0
382,gradual,severity,severity_only,,False,False,False,
382,gradual,severity,external_only,15.0,False,False,True,
382,gradual,severity,internal_only,,False,False,False,
382,gradual,severity,prism,15.0,False,False,True,
383,gradual,severity,severity_only,,False,False,False,
383,gradual,severity,external_only,,False,False,False,
383,gradual,severity,internal_only,37.0,False,False,False,
383,gradual,severity,prism,25.0,True,False,False,-1.0
384,gradual,severity,severity_only,,False,False,False,
384,gradual,severity,external_only,,False,False,False,
384,gradual,severity,internal_only,,False,False,False,
384,gradual,severity,prism,,False,False,False,
385,gradual,severity,severity_only,,False,False,False,
385,gradual,severity,external_only,,False,False,False,
385,gradual,severity,internal_only,,False,False,False,
385,gradual,severity,prism,,False,False,False,
386,gradual,severity,severity_only,,False,False,False,
386,gradual,severity,external_only,,False,False,False,
386,gradual,severity,internal_only,,False,False,False,
386,gradual,severity,prism,,False,False,False,
387,gradual,severity,severity_only,,False,False,False,
387,gradual,severity,external_only,,False,False,False,
387,gradual,severity,internal_only,,False,False,False,
387,gradual,severity,prism,,False,False,False,
388,gradual,severity,severity_only,,False,False,False,
388,gradual,severity,external_only,,False,False,False,
388,gradual,severity,internal_only,,False,False,False,
388,gradual,severity,prism,26.0,True,False,False,-2.0
389,gradual,severity,severity_only,,False,False,False,
389,gradual,severity,external_only,,False,False,False,
389,gradual,severity,internal_only,,False,False,False,
389,gradual,severity,prism,,False,False,False,
390,gradual,severity,severity_only,,False,False,False,
390,gradual,severity,external_only,,False,False,False,
390,gradual,severity,internal_only,,False,False,False,
390,gradual,severity,prism,,False,False,False,
391,gradual,severity,severity_only,,False,False,False,
391,gradual,severity,external_only,,False,False,False,
391,gradual,severity,internal_only,37.0,False,False,False,
391,gradual,severity,prism,37.0,False,False,False,
392,gradual,severity,severity_only,,False,False,False,
392,gradual,severity,external_only,28.0,True,False,False,-4.0
392,gradual,severity,internal_only,,False,False,False,
392,gradual,severity,prism,,False,False,False,
393,gradual,severity,severity_only,,False,False,False,
393,gradual,severity,external_only,,False,False,False,
393,gradual,severity,internal_only,,False,False,False,
393,gradual,severity,prism,,False,False,False,
394,gradual,severity,severity_only,,False,False,False,
394,gradual,severity,external_only,,False,False,False,
394,gradual,severity,internal_only,,False,False,False,
394,gradual,severity,prism,,False,False,False,
395,gradual,severity,severity_only,,False,False,False,
395,gradual,severity,external_only,,False,False,False,
395,gradual,severity,internal_only,,False,False,False,
395,gradual,severity,prism,,False,False,False,
396,gradual,severity,severity_only,,False,False,False,
396,gradual,severity,external_only,,False,False,False,
396,gradual,severity,internal_only,,False,False,False,
396,gradual,severity,prism,,False,False,False,
397,gradual,severity,severity_only,,False,False,False,
397,gradual,severity,external_only,,False,False,False,
397,gradual,severity,internal_only,,False,False,False,
397,gradual,severity,prism,,False,False,False,
398,gradual,severity,severity_only,,False,False,False,
398,gradual,severity,external_only,,False,False,False,
398,gradual,severity,internal_only,,False,False,False,
398,gradual,severity,prism,25.0,True,False,False,-1.0
399,gradual,severity,severity_only,,False,False,False,
399,gradual,severity,external_only,17.0,False,False,True,
399,gradual,severity,internal_only,39.0,False,False,False,
399,gradual,severity,prism,17.0,False,False,True,
400,gradual,severity,severity_only,,False,False,False,
400,gradual,severity,external_only,,False,False,False,
400,gradual,severity,internal_only,,False,False,False,
400,gradual,severity,prism,,False,False,False,
401,gradual,severity,severity_only,,False,False,False,
401,gradual,severity,external_only,,False,False,False,
401,gradual,severity,internal_only,34.0,False,False,False,
401,gradual,severity,prism,39.0,False,False,False,
402,gradual,severity,severity_only,,False,False,False,
402,gradual,severity,external_only,37.0,False,False,False,
402,gradual,severity,internal_only,37.0,False,False,False,
402,gradual,severity,prism,36.0,False,False,False,
403,gradual,severity,severity_only,,False,False,False,
403,gradual,severity,external_only,,False,False,False,
403,gradual,severity,internal_only,,False,False,False,
403,gradual,severity,prism,26.0,True,False,False,-2.0
404,gradual,severity,severity_only,,False,False,False,
404,gradual,severity,external_only,,False,False,False,
404,gradual,severity,internal_only,,False,False,False,
404,gradual,severity,prism,,False,False,False,
405,gradual,severity,severity_only,,False,False,False,
405,gradual,severity,external_only,24.0,True,True,False,0.0
405,gradual,severity,internal_only,,False,False,False,
405,gradual,severity,prism,24.0,True,True,False,0.0
406,gradual,severity,severity_only,,False,False,False,
406,gradual,severity,external_only,,False,False,False,
406,gradual,severity,internal_only,,False,False,False,
406,gradual,severity,prism,,False,False,False,
407,gradual,severity,severity_only,,False,False,False,
407,gradual,severity,external_only,,False,False,False,
407,gradual,severity,internal_only,,False,False,False,
407,gradual,severity,prism,26.0,True,False,False,-2.0
408,gradual,severity,severity_only,,False,False,False,
408,gradual,severity,external_only,28.0,True,False,False,-4.0
408,gradual,severity,internal_only,38.0,False,False,False,
408,gradual,severity,prism,28.0,True,False,False,-4.0
409,gradual,severity,severity_only,,False,False,False,
409,gradual,severity,external_only,27.0,True,False,False,-3.0
409,gradual,severity,internal_only,36.0,False,False,False,
409,gradual,severity,prism,27.0,True,False,False,-3.0
410,gradual,severity,severity_only,,False,False,False,
410,gradual,severity,external_only,,False,False,False,
410,gradual,severity,internal_only,39.0,False,False,False,
410,gradual,severity,prism,36.0,False,False,False,
411,gradual,severity,severity_only,,False,False,False,
411,gradual,severity,external_only,,False,False,False,
411,gradual,severity,internal_only,,False,False,False,
411,gradual,severity,prism,,False,False,False,
412,gradual,severity,severity_only,,False,False,False,
412,gradual,severity,external_only,,False,False,False,
412,gradual,severity,internal_only,37.0,False,False,False,
412,gradual,severity,prism,23.0,True,True,False,1.0
413,gradual,severity,severity_only,,False,False,False,
413,gradual,severity,external_only,25.0,True,False,False,-1.0
413,gradual,severity,internal_only,,False,False,False,
413,gradual,severity,prism,,False,False,False,
414,gradual,severity,severity_only,,False,False,False,
414,gradual,severity,external_only,,False,False,False,
414,gradual,severity,internal_only,,False,False,False,
414,gradual,severity,prism,,False,False,False,
415,gradual,severity,severity_only,,False,False,False,
415,gradual,severity,external_only,26.0,True,False,False,-2.0
415,gradual,severity,internal_only,38.0,False,False,False,
415,gradual,severity,prism,38.0,False,False,False,
416,gradual,severity,severity_only,,False,False,False,
416,gradual,severity,external_only,,False,False,False,
416,gradual,severity,internal_only,,False,False,False,
416,gradual,severity,prism,,False,False,False,
417,gradual,severity,severity_only,,False,False,False,
417,gradual,severity,external_only,,False,False,False,
417,gradual,severity,internal_only,,False,False,False,
417,gradual,severity,prism,24.0,True,True,False,0.0
418,gradual,severity,severity_only,,False,False,False,
418,gradual,severity,external_only,,False,False,False,
418,gradual,severity,internal_only,,False,False,False,
418,gradual,severity,prism,29.0,True,False,False,-5.0
419,gradual,severity,severity_only,,False,False,False,
419,gradual,severity,external_only,26.0,True,False,False,-2.0
419,gradual,severity,internal_only,38.0,False,False,False,
419,gradual,severity,prism,25.0,True,False,False,-1.0
420,gradual,severity,severity_only,,False,False,False,
420,gradual,severity,external_only,,False,False,False,
420,gradual,severity,internal_only,,False,False,False,
420,gradual,severity,prism,,False,False,False,
421,gradual,severity,severity_only,,False,False,False,
421,gradual,severity,external_only,25.0,True,False,False,-1.0
421,gradual,severity,internal_only,,False,False,False,
421,gradual,severity,prism,25.0,True,False,False,-1.0
422,gradual,severity,severity_only,,False,False,False,
422,gradual,severity,external_only,9.0,False,False,True,
422,gradual,severity,internal_only,,False,False,False,
422,gradual,severity,prism,9.0,False,False,True,
423,gradual,severity,severity_only,,False,False,False,
423,gradual,severity,external_only,,False,False,False,
423,gradual,severity,internal_only,,False,False,False,
423,gradual,severity,prism,,False,False,False,
424,gradual,severity,severity_only,,False,False,False,
424,gradual,severity,external_only,25.0,True,False,False,-1.0
424,gradual,severity,internal_only,36.0,False,False,False,
424,gradual,severity,prism,25.0,True,False,False,-1.0
425,gradual,severity,severity_only,,False,False,False,
425,gradual,severity,external_only,5.0,False,False,True,
425,gradual,severity,internal_only,,False,False,False,
425,gradual,severity,prism,5.0,False,False,True,
426,gradual,severity,severity_only,10.0,False,False,True,
426,gradual,severity,external_only,10.0,False,False,True,
426,gradual,severity,internal_only,10.0,False,False,True,
426,gradual,severity,prism,10.0,False,False,True,
427,gradual,severity,severity_only,,False,False,False,
427,gradual,severity,external_only,30.0,True,False,False,-6.0
427,gradual,severity,internal_only,39.0,False,False,False,
427,gradual,severity,prism,27.0,True,False,False,-3.0
428,gradual,severity,severity_only,,False,False,False,
428,gradual,severity,external_only,,False,False,False,
428,gradual,severity,internal_only,,False,False,False,
428,gradual,severity,prism,,False,False,False,
429,gradual,severity,severity_only,37.0,False,False,False,
429,gradual,severity,external_only,25.0,True,False,False,-1.0
429,gradual,severity,internal_only,37.0,False,False,False,
429,gradual,severity,prism,36.0,False,False,False,
430,gradual,severity,severity_only,,False,False,False,
430,gradual,severity,external_only,,False,False,False,
430,gradual,severity,internal_only,,False,False,False,
430,gradual,severity,prism,30.0,True,False,False,-6.0
431,gradual,severity,severity_only,,False,False,False,
431,gradual,severity,external_only,,False,False,False,
431,gradual,severity,internal_only,,False,False,False,
431,gradual,severity,prism,,False,False,False,
432,gradual,severity,severity_only,,False,False,False,
432,gradual,severity,external_only,26.0,True,False,False,-2.0
432,gradual,severity,internal_only,34.0,False,False,False,
432,gradual,severity,prism,25.0,True,False,False,-1.0
433,gradual,severity,severity_only,,False,False,False,
433,gradual,severity,external_only,,False,False,False,
433,gradual,severity,internal_only,,False,False,False,
433,gradual,severity,prism,,False,False,False,
434,gradual,severity,severity_only,27.0,True,False,False,-3.0
434,gradual,severity,external_only,26.0,True,False,False,-2.0
434,gradual,severity,internal_only,,False,False,False,
434,gradual,severity,prism,27.0,True,False,False,-3.0
435,gradual,severity,severity_only,,False,False,False,
435,gradual,severity,external_only,,False,False,False,
435,gradual,severity,internal_only,,False,False,False,
435,gradual,severity,prism,39.0,False,False,False,
436,gradual,severity,severity_only,,False,False,False,
436,gradual,severity,external_only,,False,False,False,
436,gradual,severity,internal_only,37.0,False,False,False,
436,gradual,severity,prism,38.0,False,False,False,
437,gradual,severity,severity_only,,False,False,False,
437,gradual,severity,external_only,25.0,True,False,False,-1.0
437,gradual,severity,internal_only,35.0,False,False,False,
437,gradual,severity,prism,27.0,True,False,False,-3.0
438,gradual,severity,severity_only,,False,False,False,
438,gradual,severity,external_only,,False,False,False,
438,gradual,severity,internal_only,37.0,False,False,False,
438,gradual,severity,prism,37.0,False,False,False,
439,gradual,severity,severity_only,30.0,True,False,False,-6.0
439,gradual,severity,external_only,29.0,True,False,False,-5.0
439,gradual,severity,internal_only,30.0,True,False,False,-6.0
439,gradual,severity,prism,29.0,True,False,False,-5.0
440,gradual,severity,severity_only,,False,False,False,
440,gradual,severity,external_only,,False,False,False,
440,gradual,severity,internal_only,36.0,False,False,False,
440,gradual,severity,prism,35.0,False,False,False,
441,gradual,severity,severity_only,,False,False,False,
441,gradual,severity,external_only,,False,False,False,
441,gradual,severity,internal_only,,False,False,False,
441,gradual,severity,prism,,False,False,False,
442,gradual,severity,severity_only,,False,False,False,
442,gradual,severity,external_only,15.0,False,False,True,
442,gradual,severity,internal_only,37.0,False,False,False,
442,gradual,severity,prism,15.0,False,False,True,
443,gradual,severity,severity_only,,False,False,False,
443,gradual,severity,external_only,,False,False,False,
443,gradual,severity,internal_only,,False,False,False,
443,gradual,severity,prism,,False,False,False,
444,gradual,severity,severity_only,,False,False,False,
444,gradual,severity,external_only,,False,False,False,
444,gradual,severity,internal_only,,False,False,False,
444,gradual,severity,prism,,False,False,False,
445,gradual,severity,severity_only,,False,False,False,
445,gradual,severity,external_only,,False,False,False,
445,gradual,severity,internal_only,,False,False,False,
445,gradual,severity,prism,,False,False,False,
446,gradual,severity,severity_only,,False,False,False,
446,gradual,severity,external_only,,False,False,False,
446,gradual,severity,internal_only,38.0,False,False,False,
446,gradual,severity,prism,21.0,False,False,False,
447,gradual,severity,severity_only,,False,False,False,
447,gradual,severity,external_only,,False,False,False,
447,gradual,severity,internal_only,39.0,False,False,False,
447,gradual,severity,prism,23.0,True,True,False,1.0
448,gradual,severity,severity_only,,False,False,False,
448,gradual,severity,external_only,26.0,True,False,False,-2.0
448,gradual,severity,internal_only,,False,False,False,
448,gradual,severity,prism,26.0,True,False,False,-2.0
449,gradual,severity,severity_only,31.0,False,False,False,
449,gradual,severity,external_only,31.0,False,False,False,
449,gradual,severity,internal_only,,False,False,False,
449,gradual,severity,prism,38.0,False,False,False,
450,gradual,severity,severity_only,,False,False,False,
450,gradual,severity,external_only,29.0,True,False,False,-5.0
450,gradual,severity,internal_only,,False,False,False,
450,gradual,severity,prism,29.0,True,False,False,-5.0
451,gradual,severity,severity_only,,False,False,False,
451,gradual,severity,external_only,,False,False,False,
451,gradual,severity,internal_only,34.0,False,False,False,
451,gradual,severity,prism,34.0,False,False,False,
452,gradual,severity,severity_only,,False,False,False,
452,gradual,severity,external_only,27.0,True,False,False,-3.0
452,gradual,severity,internal_only,37.0,False,False,False,
452,gradual,severity,prism,27.0,True,False,False,-3.0
453,gradual,severity,severity_only,,False,False,False,
453,gradual,severity,external_only,,False,False,False,
453,gradual,severity,internal_only,,False,False,False,
453,gradual,severity,prism,,False,False,False,
454,gradual,severity,severity_only,,False,False,False,
454,gradual,severity,external_only,,False,False,False,
454,gradual,severity,internal_only,38.0,False,False,False,
454,gradual,severity,prism,19.0,False,False,True,
455,gradual,severity,severity_only,,False,False,False,
455,gradual,severity,external_only,4.0,False,False,True,
455,gradual,severity,internal_only,38.0,False,False,False,
455,gradual,severity,prism,4.0,False,False,True,
456,gradual,severity,severity_only,,False,False,False,
456,gradual,severity,external_only,,False,False,False,
456,gradual,severity,internal_only,34.0,False,False,False,
456,gradual,severity,prism,23.0,True,True,False,1.0
457,gradual,severity,severity_only,,False,False,False,
457,gradual,severity,external_only,,False,False,False,
457,gradual,severity,internal_only,,False,False,False,
457,gradual,severity,prism,35.0,False,False,False,
458,gradual,severity,severity_only,,False,False,False,
458,gradual,severity,external_only,,False,False,False,
458,gradual,severity,internal_only,,False,False,False,
458,gradual,severity,prism,,False,False,False,
459,gradual,severity,severity_only,,False,False,False,
459,gradual,severity,external_only,,False,False,False,
459,gradual,severity,internal_only,,False,False,False,
459,gradual,severity,prism,,False,False,False,
460,gradual,severity,severity_only,,False,False,False,
460,gradual,severity,external_only,27.0,True,False,False,-3.0
460,gradual,severity,internal_only,,False,False,False,
460,gradual,severity,prism,,False,False,False,
461,gradual,severity,severity_only,,False,False,False,
461,gradual,severity,external_only,13.0,False,False,True,
461,gradual,severity,internal_only,,False,False,False,
461,gradual,severity,prism,13.0,False,False,True,
462,gradual,severity,severity_only,4.0,False,False,True,
462,gradual,severity,external_only,4.0,False,False,True,
462,gradual,severity,internal_only,4.0,False,False,True,
462,gradual,severity,prism,4.0,False,False,True,
463,gradual,severity,severity_only,,False,False,False,
463,gradual,severity,external_only,,False,False,False,
463,gradual,severity,internal_only,37.0,False,False,False,
463,gradual,severity,prism,25.0,True,False,False,-1.0
464,gradual,severity,severity_only,,False,False,False,
464,gradual,severity,external_only,,False,False,False,
464,gradual,severity,internal_only,36.0,False,False,False,
464,gradual,severity,prism,25.0,True,False,False,-1.0
465,gradual,severity,severity_only,,False,False,False,
465,gradual,severity,external_only,,False,False,False,
465,gradual,severity,internal_only,,False,False,False,
465,gradual,severity,prism,,False,False,False,
466,gradual,severity,severity_only,,False,False,False,
466,gradual,severity,external_only,,False,False,False,
466,gradual,severity,internal_only,,False,False,False,
466,gradual,severity,prism,,False,False,False,
467,gradual,severity,severity_only,,False,False,False,
467,gradual,severity,external_only,,False,False,False,
467,gradual,severity,internal_only,39.0,False,False,False,
467,gradual,severity,prism,25.0,True,False,False,-1.0
468,gradual,severity,severity_only,,False,False,False,
468,gradual,severity,external_only,,False,False,False,
468,gradual,severity,internal_only,34.0,False,False,False,
468,gradual,severity,prism,27.0,True,False,False,-3.0
469,gradual,severity,severity_only,,False,False,False,
469,gradual,severity,external_only,7.0,False,False,True,
469,gradual,severity,internal_only,,False,False,False,
469,gradual,severity,prism,7.0,False,False,True,
470,gradual,severity,severity_only,,False,False,False,
470,gradual,severity,external_only,25.0,True,False,False,-1.0
470,gradual,severity,internal_only,25.0,True,False,False,-1.0
470,gradual,severity,prism,24.0,True,True,False,0.0
471,gradual,severity,severity_only,,False,False,False,
471,gradual,severity,external_only,,False,False,False,
471,gradual,severity,internal_only,,False,False,False,
471,gradual,severity,prism,,False,False,False,
472,gradual,severity,severity_only,,False,False,False,
472,gradual,severity,external_only,,False,False,False,
472,gradual,severity,internal_only,39.0,False,False,False,
472,gradual,severity,prism,39.0,False,False,False,
473,gradual,severity,severity_only,,False,False,False,
473,gradual,severity,external_only,,False,False,False,
473,gradual,severity,internal_only,39.0,False,False,False,
473,gradual,severity,prism,26.0,True,False,False,-2.0
474,gradual,severity,severity_only,,False,False,False,
474,gradual,severity,external_only,30.0,True,False,False,-6.0
474,gradual,severity,internal_only,,False,False,False,
474,gradual,severity,prism,,False,False,False,
475,gradual,severity,severity_only,,False,False,False,
475,gradual,severity,external_only,,False,False,False,
475,gradual,severity,internal_only,,False,False,False,
475,gradual,severity,prism,28.0,True,False,False,-4.0
476,gradual,severity,severity_only,,False,False,False,
476,gradual,severity,external_only,,False,False,False,
476,gradual,severity,internal_only,34.0,False,False,False,
476,gradual,severity,prism,34.0,False,False,False,
477,gradual,severity,severity_only,,False,False,False,
477,gradual,severity,external_only,,False,False,False,
477,gradual,severity,internal_only,,False,False,False,
477,gradual,severity,prism,,False,False,False,
478,gradual,severity,severity_only,,False,False,False,
478,gradual,severity,external_only,,False,False,False,
478,gradual,severity,internal_only,32.0,False,False,False,
478,gradual,severity,prism,23.0,True,True,False,1.0
479,gradual,severity,severity_only,,False,False,False,
479,gradual,severity,external_only,,False,False,False,
479,gradual,severity,internal_only,,False,False,False,
479,gradual,severity,prism,,False,False,False,
480,gradual,severity,severity_only,,False,False,False,
480,gradual,severity,external_only,,False,False,False,
480,gradual,severity,internal_only,,False,False,False,
480,gradual,severity,prism,,False,False,False,
481,gradual,severity,severity_only,,False,False,False,
481,gradual,severity,external_only,,False,False,False,
481,gradual,severity,internal_only,,False,False,False,
481,gradual,severity,prism,,False,False,False,
482,gradual,severity,severity_only,,False,False,False,
482,gradual,severity,external_only,35.0,False,False,False,
482,gradual,severity,internal_only,35.0,False,False,False,
482,gradual,severity,prism,35.0,False,False,False,
483,gradual,severity,severity_only,21.0,False,False,False,
483,gradual,severity,external_only,21.0,False,False,False,
483,gradual,severity,internal_only,19.0,False,False,True,
483,gradual,severity,prism,19.0,False,False,True,
484,gradual,severity,severity_only,10.0,False,False,True,
484,gradual,severity,external_only,10.0,False,False,True,
484,gradual,severity,internal_only,10.0,False,False,True,
484,gradual,severity,prism,10.0,False,False,True,
485,gradual,severity,severity_only,,False,False,False,
485,gradual,severity,external_only,,False,False,False,
485,gradual,severity,internal_only,36.0,False,False,False,
485,gradual,severity,prism,25.0,True,False,False,-1.0
486,gradual,severity,severity_only,,False,False,False,
486,gradual,severity,external_only,,False,False,False,
486,gradual,severity,internal_only,,False,False,False,
486,gradual,severity,prism,23.0,True,True,False,1.0
487,gradual,severity,severity_only,,False,False,False,
487,gradual,severity,external_only,,False,False,False,
487,gradual,severity,internal_only,33.0,False,False,False,
487,gradual,severity,prism,33.0,False,False,False,
488,gradual,severity,severity_only,,False,False,False,
488,gradual,severity,external_only,,False,False,False,
488,gradual,severity,internal_only,,False,False,False,
488,gradual,severity,prism,,False,False,False,
489,gradual,severity,severity_only,23.0,True,True,False,1.0
489,gradual,severity,external_only,23.0,True,True,False,1.0
489,gradual,severity,internal_only,23.0,True,True,False,1.0
489,gradual,severity,prism,23.0,True,True,False,1.0
490,gradual,severity,severity_only,,False,False,False,
490,gradual,severity,external_only,,False,False,False,
490,gradual,severity,internal_only,,False,False,False,
490,gradual,severity,prism,,False,False,False,
491,gradual,severity,severity_only,,False,False,False,
491,gradual,severity,external_only,,False,False,False,
491,gradual,severity,internal_only,36.0,False,False,False,
491,gradual,severity,prism,24.0,True,True,False,0.0
492,gradual,severity,severity_only,31.0,False,False,False,
492,gradual,severity,external_only,30.0,True,False,False,-6.0
492,gradual,severity,internal_only,31.0,False,False,False,
492,gradual,severity,prism,30.0,True,False,False,-6.0
493,gradual,severity,severity_only,,False,False,False,
493,gradual,severity,external_only,26.0,True,False,False,-2.0
493,gradual,severity,internal_only,29.0,True,False,False,-5.0
493,gradual,severity,prism,22.0,True,True,False,2.0
494,gradual,severity,severity_only,,False,False,False,
494,gradual,severity,external_only,,False,False,False,
494,gradual,severity,internal_only,39.0,False,False,False,
494,gradual,severity,prism,36.0,False,False,False,
495,gradual,severity,severity_only,,False,False,False,
495,gradual,severity,external_only,24.0,True,True,False,0.0
495,gradual,severity,internal_only,38.0,False,False,False,
495,gradual,severity,prism,25.0,True,False,False,-1.0
496,gradual,severity,severity_only,,False,False,False,
496,gradual,severity,external_only,27.0,True,False,False,-3.0
496,gradual,severity,internal_only,28.0,True,False,False,-4.0
496,gradual,severity,prism,26.0,True,False,False,-2.0
497,gradual,severity,severity_only,,False,False,False,
497,gradual,severity,external_only,,False,False,False,
497,gradual,severity,internal_only,35.0,False,False,False,
497,gradual,severity,prism,25.0,True,False,False,-1.0
498,gradual,severity,severity_only,,False,False,False,
498,gradual,severity,external_only,28.0,True,False,False,-4.0
498,gradual,severity,internal_only,31.0,False,False,False,
498,gradual,severity,prism,23.0,True,True,False,1.0
499,gradual,severity,severity_only,,False,False,False,
499,gradual,severity,external_only,26.0,True,False,False,-2.0
499,gradual,severity,internal_only,25.0,True,False,False,-1.0
499,gradual,severity,prism,22.0,True,True,False,2.0
500,gradual,severity,severity_only,7.0,False,False,True,
500,gradual,severity,external_only,7.0,False,False,True,
500,gradual,severity,internal_only,7.0,False,False,True,
500,gradual,severity,prism,7.0,False,False,True,
501,gradual,severity,severity_only,,False,False,False,
501,gradual,severity,external_only,28.0,True,False,False,-4.0
501,gradual,severity,internal_only,,False,False,False,
501,gradual,severity,prism,,False,False,False,
502,gradual,severity,severity_only,,False,False,False,
502,gradual,severity,external_only,,False,False,False,
502,gradual,severity,internal_only,,False,False,False,
502,gradual,severity,prism,,False,False,False,
503,gradual,severity,severity_only,,False,False,False,
503,gradual,severity,external_only,9.0,False,False,True,
503,gradual,severity,internal_only,32.0,False,False,False,
503,gradual,severity,prism,9.0,False,False,True,
504,gradual,severity,severity_only,,False,False,False,
504,gradual,severity,external_only,,False,False,False,
504,gradual,severity,internal_only,,False,False,False,
504,gradual,severity,prism,,False,False,False,
505,gradual,severity,severity_only,,False,False,False,
505,gradual,severity,external_only,,False,False,False,
505,gradual,severity,internal_only,,False,False,False,
505,gradual,severity,prism,,False,False,False,
506,gradual,severity,severity_only,,False,False,False,
506,gradual,severity,external_only,,False,False,False,
506,gradual,severity,internal_only,21.0,False,False,False,
506,gradual,severity,prism,21.0,False,False,False,
507,gradual,severity,severity_only,,False,False,False,
507,gradual,severity,external_only,26.0,True,False,False,-2.0
507,gradual,severity,internal_only,,False,False,False,
507,gradual,severity,prism,26.0,True,False,False,-2.0
508,gradual,severity,severity_only,,False,False,False,
508,gradual,severity,external_only,,False,False,False,
508,gradual,severity,internal_only,,False,False,False,
508,gradual,severity,prism,,False,False,False,
509,gradual,severity,severity_only,,False,False,False,
509,gradual,severity,external_only,,False,False,False,
509,gradual,severity,internal_only,,False,False,False,
509,gradual,severity,prism,,False,False,False,
510,gradual,severity,severity_only,14.0,False,False,True,
510,gradual,severity,external_only,13.0,False,False,True,
510,gradual,severity,internal_only,14.0,False,False,True,
510,gradual,severity,prism,13.0,False,False,True,
511,gradual,severity,severity_only,,False,False,False,
511,gradual,severity,external_only,26.0,True,False,False,-2.0
511,gradual,severity,internal_only,39.0,False,False,False,
511,gradual,severity,prism,26.0,True,False,False,-2.0
512,gradual,severity,severity_only,,False,False,False,
512,gradual,severity,external_only,,False,False,False,
512,gradual,severity,internal_only,,False,False,False,
512,gradual,severity,prism,,False,False,False,
513,gradual,severity,severity_only,,False,False,False,
513,gradual,severity,external_only,,False,False,False,
513,gradual,severity,internal_only,,False,False,False,
513,gradual,severity,prism,,False,False,False,
514,gradual,severity,severity_only,,False,False,False,
514,gradual,severity,external_only,,False,False,False,
514,gradual,severity,internal_only,,False,False,False,
514,gradual,severity,prism,,False,False,False,
515,gradual,severity,severity_only,27.0,True,False,False,-3.0
515,gradual,severity,external_only,25.0,True,False,False,-1.0
515,gradual,severity,internal_only,,False,False,False,
515,gradual,severity,prism,26.0,True,False,False,-2.0
516,gradual,severity,severity_only,,False,False,False,
516,gradual,severity,external_only,,False,False,False,
516,gradual,severity,internal_only,,False,False,False,
516,gradual,severity,prism,,False,False,False,
517,gradual,severity,severity_only,,False,False,False,
517,gradual,severity,external_only,,False,False,False,
517,gradual,severity,internal_only,,False,False,False,
517,gradual,severity,prism,,False,False,False,
518,gradual,severity,severity_only,,False,False,False,
518,gradual,severity,external_only,23.0,True,True,False,1.0
518,gradual,severity,internal_only,,False,False,False,
518,gradual,severity,prism,,False,False,False,
519,gradual,severity,severity_only,,False,False,False,
519,gradual,severity,external_only,,False,False,False,
519,gradual,severity,internal_only,,False,False,False,
519,gradual,severity,prism,27.0,True,False,False,-3.0
520,gradual,severity,severity_only,,False,False,False,
520,gradual,severity,external_only,,False,False,False,
520,gradual,severity,internal_only,,False,False,False,
520,gradual,severity,prism,,False,False,False,
521,gradual,severity,severity_only,,False,False,False,
521,gradual,severity,external_only,,False,False,False,
521,gradual,severity,internal_only,,False,False,False,
521,gradual,severity,prism,29.0,True,False,False,-5.0
522,gradual,severity,severity_only,,False,False,False,
522,gradual,severity,external_only,,False,False,False,
522,gradual,severity,internal_only,,False,False,False,
522,gradual,severity,prism,,False,False,False,
523,gradual,severity,severity_only,,False,False,False,
523,gradual,severity,external_only,,False,False,False,
523,gradual,severity,internal_only,,False,False,False,
523,gradual,severity,prism,36.0,False,False,False,
524,gradual,severity,severity_only,,False,False,False,
524,gradual,severity,external_only,,False,False,False,
524,gradual,severity,internal_only,38.0,False,False,False,
524,gradual,severity,prism,25.0,True,False,False,-1.0
525,gradual,severity,severity_only,,False,False,False,
525,gradual,severity,external_only,,False,False,False,
525,gradual,severity,internal_only,35.0,False,False,False,
525,gradual,severity,prism,27.0,True,False,False,-3.0
526,gradual,severity,severity_only,,False,False,False,
526,gradual,severity,external_only,28.0,True,False,False,-4.0
526,gradual,severity,internal_only,,False,False,False,
526,gradual,severity,prism,28.0,True,False,False,-4.0
527,gradual,severity,severity_only,,False,False,False,
527,gradual,severity,external_only,,False,False,False,
527,gradual,severity,internal_only,34.0,False,False,False,
527,gradual,severity,prism,34.0,False,False,False,
528,gradual,severity,severity_only,,False,False,False,
528,gradual,severity,external_only,,False,False,False,
528,gradual,severity,internal_only,39.0,False,False,False,
528,gradual,severity,prism,26.0,True,False,False,-2.0
529,gradual,severity,severity_only,,False,False,False,
529,gradual,severity,external_only,,False,False,False,
529,gradual,severity,internal_only,,False,False,False,
529,gradual,severity,prism,,False,False,False,
530,gradual,severity,severity_only,,False,False,False,
530,gradual,severity,external_only,,False,False,False,
530,gradual,severity,internal_only,,False,False,False,
530,gradual,severity,prism,,False,False,False,
531,gradual,severity,severity_only,,False,False,False,
531,gradual,severity,external_only,32.0,False,False,False,
531,gradual,severity,internal_only,,False,False,False,
531,gradual,severity,prism,32.0,False,False,False,
532,gradual,severity,severity_only,,False,False,False,
532,gradual,severity,external_only,,False,False,False,
532,gradual,severity,internal_only,,False,False,False,
532,gradual,severity,prism,,False,False,False,
533,gradual,severity,severity_only,,False,False,False,
533,gradual,severity,external_only,,False,False,False,
533,gradual,severity,internal_only,,False,False,False,
533,gradual,severity,prism,,False,False,False,
534,gradual,severity,severity_only,,False,False,False,
534,gradual,severity,external_only,,False,False,False,
534,gradual,severity,internal_only,,False,False,False,
534,gradual,severity,prism,,False,False,False,
535,gradual,severity,severity_only,,False,False,False,
535,gradual,severity,external_only,,False,False,False,
535,gradual,severity,internal_only,,False,False,False,
535,gradual,severity,prism,,False,False,False,
536,gradual,severity,severity_only,,False,False,False,
536,gradual,severity,external_only,24.0,True,True,False,0.0
536,gradual,severity,internal_only,38.0,False,False,False,
536,gradual,severity,prism,37.0,False,False,False,
537,gradual,severity,severity_only,,False,False,False,
537,gradual,severity,external_only,,False,False,False,
537,gradual,severity,internal_only,,False,False,False,
537,gradual,severity,prism,,False,False,False,
538,gradual,severity,severity_only,31.0,False,False,False,
538,gradual,severity,external_only,31.0,False,False,False,
538,gradual,severity,internal_only,,False,False,False,
538,gradual,severity,prism,,False,False,False,
539,gradual,severity,severity_only,,False,False,False,
539,gradual,severity,external_only,,False,False,False,
539,gradual,severity,internal_only,38.0,False,False,False,
539,gradual,severity,prism,19.0,False,False,True,
540,gradual,severity,severity_only,,False,False,False,
540,gradual,severity,external_only,,False,False,False,
540,gradual,severity,internal_only,,False,False,False,
540,gradual,severity,prism,,False,False,False,
541,gradual,severity,severity_only,,False,False,False,
541,gradual,severity,external_only,,False,False,False,
541,gradual,severity,internal_only,,False,False,False,
541,gradual,severity,prism,,False,False,False,
542,gradual,severity,severity_only,,False,False,False,
542,gradual,severity,external_only,,False,False,False,
542,gradual,severity,internal_only,33.0,False,False,False,
542,gradual,severity,prism,37.0,False,False,False,
543,gradual,severity,severity_only,,False,False,False,
543,gradual,severity,external_only,,False,False,False,
543,gradual,severity,internal_only,39.0,False,False,False,
543,gradual,severity,prism,27.0,True,False,False,-3.0
544,gradual,severity,severity_only,,False,False,False,
544,gradual,severity,external_only,,False,False,False,
544,gradual,severity,internal_only,,False,False,False,
544,gradual,severity,prism,,False,False,False,
545,gradual,severity,severity_only,,False,False,False,
545,gradual,severity,external_only,4.0,False,False,True,
545,gradual,severity,internal_only,,False,False,False,
545,gradual,severity,prism,4.0,False,False,True,
546,gradual,severity,severity_only,,False,False,False,
546,gradual,severity,external_only,27.0,True,False,False,-3.0
546,gradual,severity,internal_only,,False,False,False,
546,gradual,severity,prism,27.0,True,False,False,-3.0
547,gradual,severity,severity_only,,False,False,False,
547,gradual,severity,external_only,24.0,True,True,False,0.0
547,gradual,severity,internal_only,38.0,False,False,False,
547,gradual,severity,prism,22.0,True,True,False,2.0
548,gradual,severity,severity_only,,False,False,False,
548,gradual,severity,external_only,25.0,True,False,False,-1.0
548,gradual,severity,internal_only,,False,False,False,
548,gradual,severity,prism,25.0,True,False,False,-1.0
549,gradual,severity,severity_only,,False,False,False,
549,gradual,severity,external_only,,False,False,False,
549,gradual,severity,internal_only,32.0,False,False,False,
549,gradual,severity,prism,,False,False,False,
550,gradual,severity,severity_only,,False,False,False,
550,gradual,severity,external_only,,False,False,False,
550,gradual,severity,internal_only,,False,False,False,
550,gradual,severity,prism,,False,False,False,
551,gradual,severity,severity_only,,False,False,False,
551,gradual,severity,external_only,,False,False,False,
551,gradual,severity,internal_only,37.0,False,False,False,
551,gradual,severity,prism,37.0,False,False,False,
552,gradual,severity,severity_only,,False,False,False,
552,gradual,severity,external_only,,False,False,False,
552,gradual,severity,internal_only,,False,False,False,
552,gradual,severity,prism,,False,False,False,
553,gradual,severity,severity_only,,False,False,False,
553,gradual,severity,external_only,,False,False,False,
553,gradual,severity,internal_only,,False,False,False,
553,gradual,severity,prism,,False,False,False,
554,gradual,severity,severity_only,,False,False,False,
554,gradual,severity,external_only,,False,False,False,
554,gradual,severity,internal_only,,False,False,False,
554,gradual,severity,prism,,False,False,False,
555,gradual,severity,severity_only,,False,False,False,
555,gradual,severity,external_only,,False,False,False,
555,gradual,severity,internal_only,,False,False,False,
555,gradual,severity,prism,,False,False,False,
556,gradual,severity,severity_only,,False,False,False,
556,gradual,severity,external_only,,False,False,False,
556,gradual,severity,internal_only,32.0,False,False,False,
556,gradual,severity,prism,23.0,True,True,False,1.0
557,gradual,severity,severity_only,,False,False,False,
557,gradual,severity,external_only,,False,False,False,
557,gradual,severity,internal_only,,False,False,False,
557,gradual,severity,prism,,False,False,False,
558,gradual,severity,severity_only,,False,False,False,
558,gradual,severity,external_only,,False,False,False,
558,gradual,severity,internal_only,,False,False,False,
558,gradual,severity,prism,,False,False,False,
559,gradual,severity,severity_only,,False,False,False,
559,gradual,severity,external_only,,False,False,False,
559,gradual,severity,internal_only,33.0,False,False,False,
559,gradual,severity,prism,31.0,False,False,False,
560,gradual,severity,severity_only,,False,False,False,
560,gradual,severity,external_only,,False,False,False,
560,gradual,severity,internal_only,35.0,False,False,False,
560,gradual,severity,prism,25.0,True,False,False,-1.0
561,gradual,severity,severity_only,,False,False,False,
561,gradual,severity,external_only,,False,False,False,
561,gradual,severity,internal_only,,False,False,False,
561,gradual,severity,prism,,False,False,False,
562,gradual,severity,severity_only,,False,False,False,
562,gradual,severity,external_only,28.0,True,False,False,-4.0
562,gradual,severity,internal_only,33.0,False,False,False,
562,gradual,severity,prism,25.0,True,False,False,-1.0
563,gradual,severity,severity_only,,False,False,False,
563,gradual,severity,external_only,,False,False,False,
563,gradual,severity,internal_only,35.0,False,False,False,
563,gradual,severity,prism,35.0,False,False,False,
564,gradual,severity,severity_only,,False,False,False,
564,gradual,severity,external_only,26.0,True,False,False,-2.0
564,gradual,severity,internal_only,,False,False,False,
564,gradual,severity,prism,,False,False,False,
565,gradual,severity,severity_only,,False,False,False,
565,gradual,severity,external_only,26.0,True,False,False,-2.0
565,gradual,severity,internal_only,36.0,False,False,False,
565,gradual,severity,prism,31.0,False,False,False,
566,gradual,severity,severity_only,,False,False,False,
566,gradual,severity,external_only,,False,False,False,
566,gradual,severity,internal_only,,False,False,False,
566,gradual,severity,prism,,False,False,False,
567,gradual,severity,severity_only,9.0,False,False,True,
567,gradual,severity,external_only,9.0,False,False,True,
567,gradual,severity,internal_only,9.0,False,False,True,
567,gradual,severity,prism,9.0,False,False,True,
568,gradual,severity,severity_only,5.0,False,False,True,
568,gradual,severity,external_only,5.0,False,False,True,
568,gradual,severity,internal_only,5.0,False,False,True,
568,gradual,severity,prism,5.0,False,False,True,
569,gradual,severity,severity_only,,False,False,False,
569,gradual,severity,external_only,27.0,True,False,False,-3.0
569,gradual,severity,internal_only,,False,False,False,
569,gradual,severity,prism,25.0,True,False,False,-1.0
570,gradual,severity,severity_only,,False,False,False,
570,gradual,severity,external_only,27.0,True,False,False,-3.0
570,gradual,severity,internal_only,,False,False,False,
570,gradual,severity,prism,,False,False,False,
571,gradual,severity,severity_only,,False,False,False,
571,gradual,severity,external_only,29.0,True,False,False,-5.0
571,gradual,severity,internal_only,,False,False,False,
571,gradual,severity,prism,,False,False,False,
572,gradual,severity,severity_only,,False,False,False,
572,gradual,severity,external_only,,False,False,False,
572,gradual,severity,internal_only,,False,False,False,
572,gradual,severity,prism,24.0,True,True,False,0.0
573,gradual,severity,severity_only,,False,False,False,
573,gradual,severity,external_only,,False,False,False,
573,gradual,severity,internal_only,,False,False,False,
573,gradual,severity,prism,,False,False,False,
574,gradual,severity,severity_only,,False,False,False,
574,gradual,severity,external_only,,False,False,False,
574,gradual,severity,internal_only,,False,False,False,
574,gradual,severity,prism,,False,False,False,
575,gradual,severity,severity_only,9.0,False,False,True,
575,gradual,severity,external_only,8.0,False,False,True,
575,gradual,severity,internal_only,9.0,False,False,True,
575,gradual,severity,prism,8.0,False,False,True,
576,gradual,severity,severity_only,,False,False,False,
576,gradual,severity,external_only,,False,False,False,
576,gradual,severity,internal_only,,False,False,False,
576,gradual,severity,prism,27.0,True,False,False,-3.0
577,gradual,severity,severity_only,,False,False,False,
577,gradual,severity,external_only,,False,False,False,
577,gradual,severity,internal_only,,False,False,False,
577,gradual,severity,prism,28.0,True,False,False,-4.0
578,gradual,severity,severity_only,,False,False,False,
578,gradual,severity,external_only,,False,False,False,
578,gradual,severity,internal_only,,False,False,False,
578,gradual,severity,prism,,False,False,False,
579,gradual,severity,severity_only,,False,False,False,
579,gradual,severity,external_only,,False,False,False,
579,gradual,severity,internal_only,,False,False,False,
579,gradual,severity,prism,,False,False,False,
580,gradual,severity,severity_only,,False,False,False,
580,gradual,severity,external_only,,False,False,False,
580,gradual,severity,internal_only,,False,False,False,
580,gradual,severity,prism,,False,False,False,
581,gradual,severity,severity_only,,False,False,False,
581,gradual,severity,external_only,,False,False,False,
581,gradual,severity,internal_only,,False,False,False,
581,gradual,severity,prism,,False,False,False,
582,gradual,severity,severity_only,,False,False,False,
582,gradual,severity,external_only,,False,False,False,
582,gradual,severity,internal_only,,False,False,False,
582,gradual,severity,prism,,False,False,False,
583,gradual,severity,severity_only,37.0,False,False,False,
583,gradual,severity,external_only,36.0,False,False,False,
583,gradual,severity,internal_only,36.0,False,False,False,
583,gradual,severity,prism,36.0,False,False,False,
584,gradual,severity,severity_only,,False,False,False,
584,gradual,severity,external_only,,False,False,False,
584,gradual,severity,internal_only,,False,False,False,
584,gradual,severity,prism,,False,False,False,
585,gradual,severity,severity_only,,False,False,False,
585,gradual,severity,external_only,,False,False,False,
585,gradual,severity,internal_only,,False,False,False,
585,gradual,severity,prism,29.0,True,False,False,-5.0
586,gradual,severity,severity_only,,False,False,False,
586,gradual,severity,external_only,,False,False,False,
586,gradual,severity,internal_only,,False,False,False,
586,gradual,severity,prism,,False,False,False,
587,gradual,severity,severity_only,,False,False,False,
587,gradual,severity,external_only,,False,False,False,
587,gradual,severity,internal_only,,False,False,False,
587,gradual,severity,prism,19.0,False,False,True,
588,gradual,severity,severity_only,,False,False,False,
588,gradual,severity,external_only,26.0,True,False,False,-2.0
588,gradual,severity,internal_only,,False,False,False,
588,gradual,severity,prism,26.0,True,False,False,-2.0
589,gradual,severity,severity_only,,False,False,False,
589,gradual,severity,external_only,,False,False,False,
589,gradual,severity,internal_only,29.0,True,False,False,-5.0
589,gradual,severity,prism,25.0,True,False,False,-1.0
590,gradual,severity,severity_only,38.0,False,False,False,
590,gradual,severity,external_only,28.0,True,False,False,-4.0
590,gradual,severity,internal_only,38.0,False,False,False,
590,gradual,severity,prism,30.0,True,False,False,-6.0
591,gradual,severity,severity_only,,False,False,False,
591,gradual,severity,external_only,,False,False,False,
591,gradual,severity,internal_only,,False,False,False,
591,gradual,severity,prism,,False,False,False,
592,gradual,severity,severity_only,,False,False,False,
592,gradual,severity,external_only,,False,False,False,
592,gradual,severity,internal_only,,False,False,False,
592,gradual,severity,prism,,False,False,False,
593,gradual,severity,severity_only,19.0,False,False,True,
593,gradual,severity,external_only,19.0,False,False,True,
593,gradual,severity,internal_only,19.0,False,False,True,
593,gradual,severity,prism,19.0,False,False,True,
594,gradual,severity,severity_only,,False,False,False,
594,gradual,severity,external_only,25.0,True,False,False,-1.0
594,gradual,severity,internal_only,39.0,False,False,False,
594,gradual,severity,prism,26.0,True,False,False,-2.0
595,gradual,severity,severity_only,,False,False,False,
595,gradual,severity,external_only,,False,False,False,
595,gradual,severity,internal_only,,False,False,False,
595,gradual,severity,prism,,False,False,False,
596,gradual,severity,severity_only,,False,False,False,
596,gradual,severity,external_only,,False,False,False,
596,gradual,severity,internal_only,,False,False,False,
596,gradual,severity,prism,,False,False,False,
597,gradual,severity,severity_only,,False,False,False,
597,gradual,severity,external_only,,False,False,False,
597,gradual,severity,internal_only,38.0,False,False,False,
597,gradual,severity,prism,24.0,True,True,False,0.0
598,gradual,severity,severity_only,,False,False,False,
598,gradual,severity,external_only,25.0,True,False,False,-1.0
598,gradual,severity,internal_only,,False,False,False,
598,gradual,severity,prism,25.0,True,False,False,-1.0
599,gradual,severity,severity_only,,False,False,False,
599,gradual,severity,external_only,,False,False,False,
599,gradual,severity,internal_only,,False,False,False,
599,gradual,severity,prism,35.0,False,False,False,
600,gradual,severity,severity_only,,False,False,False,
600,gradual,severity,external_only,,False,False,False,
600,gradual,severity,internal_only,33.0,False,False,False,
600,gradual,severity,prism,24.0,True,True,False,0.0
601,gradual,severity,severity_only,,False,False,False,
601,gradual,severity,external_only,4.0,False,False,True,
601,gradual,severity,internal_only,32.0,False,False,False,
601,gradual,severity,prism,4.0,False,False,True,
602,gradual,severity,severity_only,38.0,False,False,False,
602,gradual,severity,external_only,38.0,False,False,False,
602,gradual,severity,internal_only,38.0,False,False,False,
602,gradual,severity,prism,25.0,True,False,False,-1.0
603,gradual,severity,severity_only,,False,False,False,
603,gradual,severity,external_only,,False,False,False,
603,gradual,severity,internal_only,,False,False,False,
603,gradual,severity,prism,,False,False,False,
604,gradual,severity,severity_only,,False,False,False,
604,gradual,severity,external_only,,False,False,False,
604,gradual,severity,internal_only,35.0,False,False,False,
604,gradual,severity,prism,24.0,True,True,False,0.0
605,gradual,severity,severity_only,,False,False,False,
605,gradual,severity,external_only,25.0,True,False,False,-1.0
605,gradual,severity,internal_only,,False,False,False,
605,gradual,severity,prism,26.0,True,False,False,-2.0
606,gradual,severity,severity_only,39.0,False,False,False,
606,gradual,severity,external_only,28.0,True,False,False,-4.0
606,gradual,severity,internal_only,39.0,False,False,False,
606,gradual,severity,prism,39.0,False,False,False,
607,gradual,severity,severity_only,,False,False,False,
607,gradual,severity,external_only,,False,False,False,
607,gradual,severity,internal_only,,False,False,False,
607,gradual,severity,prism,,False,False,False,
608,gradual,severity,severity_only,,False,False,False,
608,gradual,severity,external_only,,False,False,False,
608,gradual,severity,internal_only,,False,False,False,
608,gradual,severity,prism,28.0,True,False,False,-4.0
609,gradual,severity,severity_only,39.0,False,False,False,
609,gradual,severity,external_only,26.0,True,False,False,-2.0
609,gradual,severity,internal_only,27.0,True,False,False,-3.0
609,gradual,severity,prism,26.0,True,False,False,-2.0
610,gradual,severity,severity_only,,False,False,False,
610,gradual,severity,external_only,24.0,True,True,False,0.0
610,gradual,severity,internal_only,39.0,False,False,False,
610,gradual,severity,prism,25.0,True,False,False,-1.0
611,gradual,severity,severity_only,,False,False,False,
611,gradual,severity,external_only,,False,False,False,
611,gradual,severity,internal_only,,False,False,False,
611,gradual,severity,prism,33.0,False,False,False,
612,gradual,severity,severity_only,,False,False,False,
612,gradual,severity,external_only,,False,False,False,
612,gradual,severity,internal_only,28.0,True,False,False,-4.0
612,gradual,severity,prism,24.0,True,True,False,0.0
613,gradual,severity,severity_only,,False,False,False,
613,gradual,severity,external_only,35.0,False,False,False,
613,gradual,severity,internal_only,,False,False,False,
613,gradual,severity,prism,,False,False,False,
614,gradual,severity,severity_only,,False,False,False,
614,gradual,severity,external_only,,False,False,False,
614,gradual,severity,internal_only,,False,False,False,
614,gradual,severity,prism,,False,False,False,
615,gradual,severity,severity_only,,False,False,False,
615,gradual,severity,external_only,,False,False,False,
615,gradual,severity,internal_only,39.0,False,False,False,
615,gradual,severity,prism,25.0,True,False,False,-1.0
616,gradual,severity,severity_only,29.0,True,False,False,-5.0
616,gradual,severity,external_only,29.0,True,False,False,-5.0
616,gradual,severity,internal_only,,False,False,False,
616,gradual,severity,prism,,False,False,False,
617,gradual,severity,severity_only,,False,False,False,
617,gradual,severity,external_only,,False,False,False,
617,gradual,severity,internal_only,,False,False,False,
617,gradual,severity,prism,,False,False,False,
618,gradual,severity,severity_only,,False,False,False,
618,gradual,severity,external_only,,False,False,False,
618,gradual,severity,internal_only,,False,False,False,
618,gradual,severity,prism,39.0,False,False,False,
619,gradual,severity,severity_only,,False,False,False,
619,gradual,severity,external_only,,False,False,False,
619,gradual,severity,internal_only,,False,False,False,
619,gradual,severity,prism,,False,False,False,
620,gradual,severity,severity_only,26.0,True,False,False,-2.0
620,gradual,severity,external_only,24.0,True,True,False,0.0
620,gradual,severity,internal_only,25.0,True,False,False,-1.0
620,gradual,severity,prism,24.0,True,True,False,0.0
621,gradual,severity,severity_only,,False,False,False,
621,gradual,severity,external_only,,False,False,False,
621,gradual,severity,internal_only,36.0,False,False,False,
621,gradual,severity,prism,23.0,True,True,False,1.0
622,gradual,severity,severity_only,,False,False,False,
622,gradual,severity,external_only,,False,False,False,
622,gradual,severity,internal_only,,False,False,False,
622,gradual,severity,prism,,False,False,False,
623,gradual,severity,severity_only,,False,False,False,
623,gradual,severity,external_only,25.0,True,False,False,-1.0
623,gradual,severity,internal_only,,False,False,False,
623,gradual,severity,prism,,False,False,False,
624,gradual,severity,severity_only,,False,False,False,
624,gradual,severity,external_only,,False,False,False,
624,gradual,severity,internal_only,,False,False,False,
624,gradual,severity,prism,,False,False,False,
625,gradual,severity,severity_only,,False,False,False,
625,gradual,severity,external_only,,False,False,False,
625,gradual,severity,internal_only,36.0,False,False,False,
625,gradual,severity,prism,28.0,True,False,False,-4.0
626,gradual,severity,severity_only,,False,False,False,
626,gradual,severity,external_only,,False,False,False,
626,gradual,severity,internal_only,,False,False,False,
626,gradual,severity,prism,38.0,False,False,False,
627,gradual,severity,severity_only,,False,False,False,
627,gradual,severity,external_only,28.0,True,False,False,-4.0
627,gradual,severity,internal_only,38.0,False,False,False,
627,gradual,severity,prism,26.0,True,False,False,-2.0
628,gradual,severity,severity_only,,False,False,False,
628,gradual,severity,external_only,25.0,True,False,False,-1.0
628,gradual,severity,internal_only,,False,False,False,
628,gradual,severity,prism,25.0,True,False,False,-1.0
629,gradual,severity,severity_only,,False,False,False,
629,gradual,severity,external_only,,False,False,False,
629,gradual,severity,internal_only,,False,False,False,
629,gradual,severity,prism,,False,False,False,
630,gradual,severity,severity_only,,False,False,False,
630,gradual,severity,external_only,26.0,True,False,False,-2.0
630,gradual,severity,internal_only,,False,False,False,
630,gradual,severity,prism,26.0,True,False,False,-2.0
631,gradual,severity,severity_only,,False,False,False,
631,gradual,severity,external_only,,False,False,False,
631,gradual,severity,internal_only,34.0,False,False,False,
631,gradual,severity,prism,30.0,True,False,False,-6.0
632,gradual,severity,severity_only,,False,False,False,
632,gradual,severity,external_only,,False,False,False,
632,gradual,severity,internal_only,33.0,False,False,False,
632,gradual,severity,prism,33.0,False,False,False,
633,gradual,severity,severity_only,,False,False,False,
633,gradual,severity,external_only,26.0,True,False,False,-2.0
633,gradual,severity,internal_only,,False,False,False,
633,gradual,severity,prism,26.0,True,False,False,-2.0
634,gradual,severity,severity_only,,False,False,False,
634,gradual,severity,external_only,,False,False,False,
634,gradual,severity,internal_only,38.0,False,False,False,
634,gradual,severity,prism,25.0,True,False,False,-1.0
635,gradual,severity,severity_only,18.0,False,False,True,
635,gradual,severity,external_only,26.0,True,False,False,-2.0
635,gradual,severity,internal_only,18.0,False,False,True,
635,gradual,severity,prism,18.0,False,False,True,
636,gradual,severity,severity_only,,False,False,False,
636,gradual,severity,external_only,,False,False,False,
636,gradual,severity,internal_only,,False,False,False,
636,gradual,severity,prism,,False,False,False,
637,gradual,severity,severity_only,,False,False,False,
637,gradual,severity,external_only,26.0,True,False,False,-2.0
637,gradual,severity,internal_only,,False,False,False,
637,gradual,severity,prism,25.0,True,False,False,-1.0
638,gradual,severity,severity_only,,False,False,False,
638,gradual,severity,external_only,,False,False,False,
638,gradual,severity,internal_only,,False,False,False,
638,gradual,severity,prism,,False,False,False,
639,gradual,severity,severity_only,,False,False,False,
639,gradual,severity,external_only,,False,False,False,
639,gradual,severity,internal_only,,False,False,False,
639,gradual,severity,prism,,False,False,False,
640,gradual,severity,severity_only,,False,False,False,
640,gradual,severity,external_only,,False,False,False,
640,gradual,severity,internal_only,,False,False,False,
640,gradual,severity,prism,,False,False,False,
641,gradual,severity,severity_only,,False,False,False,
641,gradual,severity,external_only,26.0,True,False,False,-2.0
641,gradual,severity,internal_only,38.0,False,False,False,
641,gradual,severity,prism,22.0,True,True,False,2.0
642,gradual,severity,severity_only,,False,False,False,
642,gradual,severity,external_only,,False,False,False,
642,gradual,severity,internal_only,,False,False,False,
642,gradual,severity,prism,,False,False,False,
643,gradual,severity,severity_only,,False,False,False,
643,gradual,severity,external_only,,False,False,False,
643,gradual,severity,internal_only,,False,False,False,
643,gradual,severity,prism,,False,False,False,
644,gradual,severity,severity_only,,False,False,False,
644,gradual,severity,external_only,,False,False,False,
644,gradual,severity,internal_only,37.0,False,False,False,
644,gradual,severity,prism,30.0,True,False,False,-6.0
645,gradual,severity,severity_only,6.0,False,False,True,
645,gradual,severity,external_only,,False,False,False,
645,gradual,severity,internal_only,6.0,False,False,True,
645,gradual,severity,prism,,False,False,False,
646,gradual,severity,severity_only,,False,False,False,
646,gradual,severity,external_only,,False,False,False,
646,gradual,severity,internal_only,,False,False,False,
646,gradual,severity,prism,,False,False,False,
647,gradual,severity,severity_only,,False,False,False,
647,gradual,severity,external_only,10.0,False,False,True,
647,gradual,severity,internal_only,,False,False,False,
647,gradual,severity,prism,10.0,False,False,True,
648,gradual,severity,severity_only,,False,False,False,
648,gradual,severity,external_only,,False,False,False,
648,gradual,severity,internal_only,,False,False,False,
648,gradual,severity,prism,,False,False,False,
649,gradual,severity,severity_only,,False,False,False,
649,gradual,severity,external_only,,False,False,False,
649,gradual,severity,internal_only,,False,False,False,
649,gradual,severity,prism,,False,False,False,
650,gradual,severity,severity_only,,False,False,False,
650,gradual,severity,external_only,,False,False,False,
650,gradual,severity,internal_only,,False,False,False,
650,gradual,severity,prism,,False,False,False,
651,gradual,severity,severity_only,33.0,False,False,False,
651,gradual,severity,external_only,32.0,False,False,False,
651,gradual,severity,internal_only,33.0,False,False,False,
651,gradual,severity,prism,33.0,False,False,False,
652,gradual,severity,severity_only,,False,False,False,
652,gradual,severity,external_only,26.0,True,False,False,-2.0
652,gradual,severity,internal_only,,False,False,False,
652,gradual,severity,prism,26.0,True,False,False,-2.0
653,gradual,severity,severity_only,27.0,True,False,False,-3.0
653,gradual,severity,external_only,27.0,True,False,False,-3.0
653,gradual,severity,internal_only,27.0,True,False,False,-3.0
653,gradual,severity,prism,27.0,True,False,False,-3.0
654,gradual,severity,severity_only,,False,False,False,
654,gradual,severity,external_only,24.0,True,True,False,0.0
654,gradual,severity,internal_only,38.0,False,False,False,
654,gradual,severity,prism,24.0,True,True,False,0.0
655,gradual,severity,severity_only,,False,False,False,
655,gradual,severity,external_only,,False,False,False,
655,gradual,severity,internal_only,35.0,False,False,False,
655,gradual,severity,prism,27.0,True,False,False,-3.0
656,gradual,severity,severity_only,5.0,False,False,True,
656,gradual,severity,external_only,5.0,False,False,True,
656,gradual,severity,internal_only,5.0,False,False,True,
656,gradual,severity,prism,5.0,False,False,True,
657,gradual,severity,severity_only,,False,False,False,
657,gradual,severity,external_only,,False,False,False,
657,gradual,severity,internal_only,,False,False,False,
657,gradual,severity,prism,37.0,False,False,False,
658,gradual,severity,severity_only,,False,False,False,
658,gradual,severity,external_only,,False,False,False,
658,gradual,severity,internal_only,,False,False,False,
658,gradual,severity,prism,,False,False,False,
659,gradual,severity,severity_only,,False,False,False,
659,gradual,severity,external_only,,False,False,False,
659,gradual,severity,internal_only,,False,False,False,
659,gradual,severity,prism,,False,False,False,
660,gradual,severity,severity_only,,False,False,False,
660,gradual,severity,external_only,24.0,True,True,False,0.0
660,gradual,severity,internal_only,35.0,False,False,False,
660,gradual,severity,prism,26.0,True,False,False,-2.0
661,gradual,severity,severity_only,,False,False,False,
661,gradual,severity,external_only,,False,False,False,
661,gradual,severity,internal_only,,False,False,False,
661,gradual,severity,prism,22.0,True,True,False,2.0
662,gradual,severity,severity_only,,False,False,False,
662,gradual,severity,external_only,,False,False,False,
662,gradual,severity,internal_only,38.0,False,False,False,
662,gradual,severity,prism,38.0,False,False,False,
663,gradual,severity,severity_only,,False,False,False,
663,gradual,severity,external_only,,False,False,False,
663,gradual,severity,internal_only,,False,False,False,
663,gradual,severity,prism,,False,False,False,
664,gradual,severity,severity_only,,False,False,False,
664,gradual,severity,external_only,,False,False,False,
664,gradual,severity,internal_only,,False,False,False,
664,gradual,severity,prism,23.0,True,True,False,1.0
665,gradual,severity,severity_only,,False,False,False,
665,gradual,severity,external_only,7.0,False,False,True,
665,gradual,severity,internal_only,,False,False,False,
665,gradual,severity,prism,7.0,False,False,True,
666,gradual,severity,severity_only,,False,False,False,
666,gradual,severity,external_only,,False,False,False,
666,gradual,severity,internal_only,,False,False,False,
666,gradual,severity,prism,,False,False,False,
667,gradual,severity,severity_only,,False,False,False,
667,gradual,severity,external_only,,False,False,False,
667,gradual,severity,internal_only,,False,False,False,
667,gradual,severity,prism,,False,False,False,
668,gradual,severity,severity_only,9.0,False,False,True,
668,gradual,severity,external_only,9.0,False,False,True,
668,gradual,severity,internal_only,9.0,False,False,True,
668,gradual,severity,prism,9.0,False,False,True,
669,gradual,severity,severity_only,29.0,True,False,False,-5.0
669,gradual,severity,external_only,29.0,True,False,False,-5.0
669,gradual,severity,internal_only,30.0,True,False,False,-6.0
669,gradual,severity,prism,30.0,True,False,False,-6.0
670,gradual,severity,severity_only,,False,False,False,
670,gradual,severity,external_only,26.0,True,False,False,-2.0
670,gradual,severity,internal_only,,False,False,False,
670,gradual,severity,prism,26.0,True,False,False,-2.0
671,gradual,severity,severity_only,,False,False,False,
671,gradual,severity,external_only,,False,False,False,
671,gradual,severity,internal_only,35.0,False,False,False,
671,gradual,severity,prism,27.0,True,False,False,-3.0
672,gradual,severity,severity_only,,False,False,False,
672,gradual,severity,external_only,,False,False,False,
672,gradual,severity,internal_only,20.0,False,False,True,
672,gradual,severity,prism,20.0,False,False,True,
673,gradual,severity,severity_only,,False,False,False,
673,gradual,severity,external_only,,False,False,False,
673,gradual,severity,internal_only,,False,False,False,
673,gradual,severity,prism,26.0,True,False,False,-2.0
674,gradual,severity,severity_only,,False,False,False,
674,gradual,severity,external_only,6.0,False,False,True,
674,gradual,severity,internal_only,34.0,False,False,False,
674,gradual,severity,prism,6.0,False,False,True,
675,gradual,severity,severity_only,,False,False,False,
675,gradual,severity,external_only,,False,False,False,
675,gradual,severity,internal_only,38.0,False,False,False,
675,gradual,severity,prism,25.0,True,False,False,-1.0
676,gradual,severity,severity_only,,False,False,False,
676,gradual,severity,external_only,,False,False,False,
676,gradual,severity,internal_only,,False,False,False,
676,gradual,severity,prism,,False,False,False,
677,gradual,severity,severity_only,4.0,False,False,True,
677,gradual,severity,external_only,5.0,False,False,True,
677,gradual,severity,internal_only,4.0,False,False,True,
677,gradual,severity,prism,5.0,False,False,True,
678,gradual,severity,severity_only,,False,False,False,
678,gradual,severity,external_only,,False,False,False,
678,gradual,severity,internal_only,,False,False,False,
678,gradual,severity,prism,,False,False,False,
679,gradual,severity,severity_only,,False,False,False,
679,gradual,severity,external_only,,False,False,False,
679,gradual,severity,internal_only,,False,False,False,
679,gradual,severity,prism,,False,False,False,
680,gradual,severity,severity_only,,False,False,False,
680,gradual,severity,external_only,,False,False,False,
680,gradual,severity,internal_only,,False,False,False,
680,gradual,severity,prism,,False,False,False,
681,gradual,severity,severity_only,,False,False,False,
681,gradual,severity,external_only,,False,False,False,
681,gradual,severity,internal_only,,False,False,False,
681,gradual,severity,prism,,False,False,False,
682,gradual,severity,severity_only,,False,False,False,
682,gradual,severity,external_only,27.0,True,False,False,-3.0
682,gradual,severity,internal_only,,False,False,False,
682,gradual,severity,prism,27.0,True,False,False,-3.0
683,gradual,severity,severity_only,,False,False,False,
683,gradual,severity,external_only,,False,False,False,
683,gradual,severity,internal_only,,False,False,False,
683,gradual,severity,prism,,False,False,False,
684,gradual,severity,severity_only,,False,False,False,
684,gradual,severity,external_only,18.0,False,False,True,
684,gradual,severity,internal_only,,False,False,False,
684,gradual,severity,prism,,False,False,False,
685,gradual,severity,severity_only,,False,False,False,
685,gradual,severity,external_only,,False,False,False,
685,gradual,severity,internal_only,,False,False,False,
685,gradual,severity,prism,22.0,True,True,False,2.0
686,gradual,severity,severity_only,,False,False,False,
686,gradual,severity,external_only,27.0,True,False,False,-3.0
686,gradual,severity,internal_only,30.0,True,False,False,-6.0
686,gradual,severity,prism,25.0,True,False,False,-1.0
687,gradual,severity,severity_only,35.0,False,False,False,
687,gradual,severity,external_only,35.0,False,False,False,
687,gradual,severity,internal_only,,False,False,False,
687,gradual,severity,prism,,False,False,False,
688,gradual,severity,severity_only,,False,False,False,
688,gradual,severity,external_only,26.0,True,False,False,-2.0
688,gradual,severity,internal_only,,False,False,False,
688,gradual,severity,prism,25.0,True,False,False,-1.0
689,gradual,severity,severity_only,,False,False,False,
689,gradual,severity,external_only,,False,False,False,
689,gradual,severity,internal_only,,False,False,False,
689,gradual,severity,prism,33.0,False,False,False,
690,gradual,severity,severity_only,28.0,True,False,False,-4.0
690,gradual,severity,external_only,26.0,True,False,False,-2.0
690,gradual,severity,internal_only,27.0,True,False,False,-3.0
690,gradual,severity,prism,24.0,True,True,False,0.0
691,gradual,severity,severity_only,,False,False,False,
691,gradual,severity,external_only,,False,False,False,
691,gradual,severity,internal_only,,False,False,False,
691,gradual,severity,prism,,False,False,False,
692,gradual,severity,severity_only,,False,False,False,
692,gradual,severity,external_only,29.0,True,False,False,-5.0
692,gradual,severity,internal_only,,False,False,False,
692,gradual,severity,prism,28.0,True,False,False,-4.0
693,gradual,severity,severity_only,,False,False,False,
693,gradual,severity,external_only,29.0,True,False,False,-5.0
693,gradual,severity,internal_only,,False,False,False,
693,gradual,severity,prism,,False,False,False,
694,gradual,severity,severity_only,,False,False,False,
694,gradual,severity,external_only,,False,False,False,
694,gradual,severity,internal_only,,False,False,False,
694,gradual,severity,prism,,False,False,False,
695,gradual,severity,severity_only,,False,False,False,
695,gradual,severity,external_only,,False,False,False,
695,gradual,severity,internal_only,,False,False,False,
695,gradual,severity,prism,,False,False,False,
696,gradual,severity,severity_only,,False,False,False,
696,gradual,severity,external_only,,False,False,False,
696,gradual,severity,internal_only,,False,False,False,
696,gradual,severity,prism,26.0,True,False,False,-2.0
697,gradual,severity,severity_only,,False,False,False,
697,gradual,severity,external_only,,False,False,False,
697,gradual,severity,internal_only,,False,False,False,
697,gradual,severity,prism,,False,False,False,
698,gradual,severity,severity_only,,False,False,False,
698,gradual,severity,external_only,,False,False,False,
698,gradual,severity,internal_only,39.0,False,False,False,
698,gradual,severity,prism,27.0,True,False,False,-3.0
699,gradual,severity,severity_only,,False,False,False,
699,gradual,severity,external_only,,False,False,False,
699,gradual,severity,internal_only,29.0,True,False,False,-5.0
699,gradual,severity,prism,29.0,True,False,False,-5.0
700,gradual,severity,severity_only,,False,False,False,
700,gradual,severity,external_only,,False,False,False,
700,gradual,severity,internal_only,,False,False,False,
700,gradual,severity,prism,,False,False,False,
701,gradual,severity,severity_only,,False,False,False,
701,gradual,severity,external_only,,False,False,False,
701,gradual,severity,internal_only,,False,False,False,
701,gradual,severity,prism,27.0,True,False,False,-3.0
702,gradual,severity,severity_only,,False,False,False,
702,gradual,severity,external_only,,False,False,False,
702,gradual,severity,internal_only,,False,False,False,
702,gradual,severity,prism,,False,False,False,
703,gradual,severity,severity_only,,False,False,False,
703,gradual,severity,external_only,,False,False,False,
703,gradual,severity,internal_only,37.0,False,False,False,
703,gradual,severity,prism,26.0,True,False,False,-2.0
704,gradual,severity,severity_only,,False,False,False,
704,gradual,severity,external_only,,False,False,False,
704,gradual,severity,internal_only,,False,False,False,
704,gradual,severity,prism,29.0,True,False,False,-5.0
705,gradual,severity,severity_only,,False,False,False,
705,gradual,severity,external_only,,False,False,False,
705,gradual,severity,internal_only,,False,False,False,
705,gradual,severity,prism,30.0,True,False,False,-6.0
706,gradual,severity,severity_only,,False,False,False,
706,gradual,severity,external_only,,False,False,False,
706,gradual,severity,internal_only,33.0,False,False,False,
706,gradual,severity,prism,33.0,False,False,False,
707,gradual,severity,severity_only,,False,False,False,
707,gradual,severity,external_only,,False,False,False,
707,gradual,severity,internal_only,,False,False,False,
707,gradual,severity,prism,33.0,False,False,False,
708,gradual,severity,severity_only,,False,False,False,
708,gradual,severity,external_only,,False,False,False,
708,gradual,severity,internal_only,,False,False,False,
708,gradual,severity,prism,28.0,True,False,False,-4.0
709,gradual,severity,severity_only,,False,False,False,
709,gradual,severity,external_only,,False,False,False,
709,gradual,severity,internal_only,35.0,False,False,False,
709,gradual,severity,prism,23.0,True,True,False,1.0
710,gradual,severity,severity_only,,False,False,False,
710,gradual,severity,external_only,,False,False,False,
710,gradual,severity,internal_only,36.0,False,False,False,
710,gradual,severity,prism,36.0,False,False,False,
711,gradual,severity,severity_only,,False,False,False,
711,gradual,severity,external_only,4.0,False,False,True,
711,gradual,severity,internal_only,,False,False,False,
711,gradual,severity,prism,4.0,False,False,True,
712,gradual,severity,severity_only,,False,False,False,
712,gradual,severity,external_only,25.0,True,False,False,-1.0
712,gradual,severity,internal_only,30.0,True,False,False,-6.0
712,gradual,severity,prism,23.0,True,True,False,1.0
713,gradual,severity,severity_only,,False,False,False,
713,gradual,severity,external_only,,False,False,False,
713,gradual,severity,internal_only,34.0,False,False,False,
713,gradual,severity,prism,29.0,True,False,False,-5.0
714,gradual,severity,severity_only,,False,False,False,
714,gradual,severity,external_only,26.0,True,False,False,-2.0
714,gradual,severity,internal_only,,False,False,False,
714,gradual,severity,prism,26.0,True,False,False,-2.0
715,gradual,severity,severity_only,,False,False,False,
715,gradual,severity,external_only,,False,False,False,
715,gradual,severity,internal_only,37.0,False,False,False,
715,gradual,severity,prism,35.0,False,False,False,
716,gradual,severity,severity_only,,False,False,False,
716,gradual,severity,external_only,26.0,True,False,False,-2.0
716,gradual,severity,internal_only,27.0,True,False,False,-3.0
716,gradual,severity,prism,24.0,True,True,False,0.0
717,gradual,severity,severity_only,,False,False,False,
717,gradual,severity,external_only,,False,False,False,
717,gradual,severity,internal_only,,False,False,False,
717,gradual,severity,prism,,False,False,False,
718,gradual,severity,severity_only,,False,False,False,
718,gradual,severity,external_only,,False,False,False,
718,gradual,severity,internal_only,24.0,True,True,False,0.0
718,gradual,severity,prism,24.0,True,True,False,0.0
719,gradual,severity,severity_only,31.0,False,False,False,
719,gradual,severity,external_only,28.0,True,False,False,-4.0
719,gradual,severity,internal_only,31.0,False,False,False,
719,gradual,severity,prism,31.0,False,False,False,
720,gradual,severity,severity_only,,False,False,False,
720,gradual,severity,external_only,,False,False,False,
720,gradual,severity,internal_only,,False,False,False,
720,gradual,severity,prism,25.0,True,False,False,-1.0
721,gradual,severity,severity_only,,False,False,False,
721,gradual,severity,external_only,28.0,True,False,False,-4.0
721,gradual,severity,internal_only,,False,False,False,
721,gradual,severity,prism,28.0,True,False,False,-4.0
722,gradual,severity,severity_only,,False,False,False,
722,gradual,severity,external_only,,False,False,False,
722,gradual,severity,internal_only,,False,False,False,
722,gradual,severity,prism,,False,False,False,
723,gradual,severity,severity_only,37.0,False,False,False,
723,gradual,severity,external_only,,False,False,False,
723,gradual,severity,internal_only,37.0,False,False,False,
723,gradual,severity,prism,,False,False,False,
724,gradual,severity,severity_only,,False,False,False,
724,gradual,severity,external_only,28.0,True,False,False,-4.0
724,gradual,severity,internal_only,,False,False,False,
724,gradual,severity,prism,28.0,True,False,False,-4.0
725,gradual,severity,severity_only,,False,False,False,
725,gradual,severity,external_only,26.0,True,False,False,-2.0
725,gradual,severity,internal_only,,False,False,False,
725,gradual,severity,prism,25.0,True,False,False,-1.0
726,gradual,severity,severity_only,,False,False,False,
726,gradual,severity,external_only,,False,False,False,
726,gradual,severity,internal_only,,False,False,False,
726,gradual,severity,prism,,False,False,False,
727,gradual,severity,severity_only,,False,False,False,
727,gradual,severity,external_only,,False,False,False,
727,gradual,severity,internal_only,,False,False,False,
727,gradual,severity,prism,,False,False,False,
728,gradual,severity,severity_only,,False,False,False,
728,gradual,severity,external_only,25.0,True,False,False,-1.0
728,gradual,severity,internal_only,39.0,False,False,False,
728,gradual,severity,prism,38.0,False,False,False,
729,gradual,severity,severity_only,,False,False,False,
729,gradual,severity,external_only,,False,False,False,
729,gradual,severity,internal_only,37.0,False,False,False,
729,gradual,severity,prism,23.0,True,True,False,1.0
730,gradual,severity,severity_only,,False,False,False,
730,gradual,severity,external_only,,False,False,False,
730,gradual,severity,internal_only,,False,False,False,
730,gradual,severity,prism,,False,False,False,
731,gradual,severity,severity_only,,False,False,False,
731,gradual,severity,external_only,,False,False,False,
731,gradual,severity,internal_only,,False,False,False,
731,gradual,severity,prism,31.0,False,False,False,
732,gradual,severity,severity_only,,False,False,False,
732,gradual,severity,external_only,,False,False,False,
732,gradual,severity,internal_only,,False,False,False,
732,gradual,severity,prism,,False,False,False,
733,gradual,severity,severity_only,,False,False,False,
733,gradual,severity,external_only,,False,False,False,
733,gradual,severity,internal_only,,False,False,False,
733,gradual,severity,prism,25.0,True,False,False,-1.0
734,gradual,severity,severity_only,23.0,True,True,False,1.0
734,gradual,severity,external_only,22.0,True,True,False,2.0
734,gradual,severity,internal_only,22.0,True,True,False,2.0
734,gradual,severity,prism,22.0,True,True,False,2.0
735,gradual,severity,severity_only,,False,False,False,
735,gradual,severity,external_only,25.0,True,False,False,-1.0
735,gradual,severity,internal_only,,False,False,False,
735,gradual,severity,prism,25.0,True,False,False,-1.0
736,gradual,severity,severity_only,,False,False,False,
736,gradual,severity,external_only,,False,False,False,
736,gradual,severity,internal_only,34.0,False,False,False,
736,gradual,severity,prism,34.0,False,False,False,
737,gradual,severity,severity_only,,False,False,False,
737,gradual,severity,external_only,,False,False,False,
737,gradual,severity,internal_only,,False,False,False,
737,gradual,severity,prism,,False,False,False,
738,gradual,severity,severity_only,,False,False,False,
738,gradual,severity,external_only,,False,False,False,
738,gradual,severity,internal_only,,False,False,False,
738,gradual,severity,prism,25.0,True,False,False,-1.0
739,gradual,severity,severity_only,,False,False,False,
739,gradual,severity,external_only,,False,False,False,
739,gradual,severity,internal_only,,False,False,False,
739,gradual,severity,prism,,False,False,False,
740,gradual,severity,severity_only,,False,False,False,
740,gradual,severity,external_only,32.0,False,False,False,
740,gradual,severity,internal_only,,False,False,False,
740,gradual,severity,prism,,False,False,False,
741,gradual,severity,severity_only,,False,False,False,
741,gradual,severity,external_only,25.0,True,False,False,-1.0
741,gradual,severity,internal_only,,False,False,False,
741,gradual,severity,prism,24.0,True,True,False,0.0
742,gradual,severity,severity_only,,False,False,False,
742,gradual,severity,external_only,,False,False,False,
742,gradual,severity,internal_only,,False,False,False,
742,gradual,severity,prism,25.0,True,False,False,-1.0
743,gradual,severity,severity_only,,False,False,False,
743,gradual,severity,external_only,26.0,True,False,False,-2.0
743,gradual,severity,internal_only,,False,False,False,
743,gradual,severity,prism,26.0,True,False,False,-2.0
744,gradual,severity,severity_only,,False,False,False,
744,gradual,severity,external_only,,False,False,False,
744,gradual,severity,internal_only,33.0,False,False,False,
744,gradual,severity,prism,27.0,True,False,False,-3.0
745,gradual,severity,severity_only,,False,False,False,
745,gradual,severity,external_only,,False,False,False,
745,gradual,severity,internal_only,,False,False,False,
745,gradual,severity,prism,,False,False,False,
746,gradual,severity,severity_only,,False,False,False,
746,gradual,severity,external_only,,False,False,False,
746,gradual,severity,internal_only,,False,False,False,
746,gradual,severity,prism,,False,False,False,
747,gradual,severity,severity_only,,False,False,False,
747,gradual,severity,external_only,,False,False,False,
747,gradual,severity,internal_only,,False,False,False,
747,gradual,severity,prism,,False,False,False,
748,gradual,severity,severity_only,,False,False,False,
748,gradual,severity,external_only,,False,False,False,
748,gradual,severity,internal_only,,False,False,False,
748,gradual,severity,prism,,False,False,False,
749,gradual,severity,severity_only,19.0,False,False,True,
749,gradual,severity,external_only,19.0,False,False,True,
749,gradual,severity,internal_only,19.0,False,False,True,
749,gradual,severity,prism,37.0,False,False,False,
750,gradual,severity,severity_only,,False,False,False,
750,gradual,severity,external_only,,False,False,False,
750,gradual,severity,internal_only,31.0,False,False,False,
750,gradual,severity,prism,27.0,True,False,False,-3.0
751,gradual,severity,severity_only,,False,False,False,
751,gradual,severity,external_only,,False,False,False,
751,gradual,severity,internal_only,,False,False,False,
751,gradual,severity,prism,,False,False,False,
752,gradual,severity,severity_only,,False,False,False,
752,gradual,severity,external_only,33.0,False,False,False,
752,gradual,severity,internal_only,37.0,False,False,False,
752,gradual,severity,prism,33.0,False,False,False,
753,gradual,severity,severity_only,,False,False,False,
753,gradual,severity,external_only,,False,False,False,
753,gradual,severity,internal_only,,False,False,False,
753,gradual,severity,prism,,False,False,False,
754,gradual,severity,severity_only,,False,False,False,
754,gradual,severity,external_only,,False,False,False,
754,gradual,severity,internal_only,,False,False,False,
754,gradual,severity,prism,,False,False,False,
755,gradual,severity,severity_only,,False,False,False,
755,gradual,severity,external_only,,False,False,False,
755,gradual,severity,internal_only,,False,False,False,
755,gradual,severity,prism,23.0,True,True,False,1.0
756,gradual,severity,severity_only,,False,False,False,
756,gradual,severity,external_only,26.0,True,False,False,-2.0
756,gradual,severity,internal_only,,False,False,False,
756,gradual,severity,prism,26.0,True,False,False,-2.0
757,gradual,severity,severity_only,,False,False,False,
757,gradual,severity,external_only,,False,False,False,
757,gradual,severity,internal_only,37.0,False,False,False,
757,gradual,severity,prism,21.0,False,False,False,
758,gradual,severity,severity_only,,False,False,False,
758,gradual,severity,external_only,25.0,True,False,False,-1.0
758,gradual,severity,internal_only,,False,False,False,
758,gradual,severity,prism,19.0,False,False,True,
759,gradual,severity,severity_only,,False,False,False,
759,gradual,severity,external_only,,False,False,False,
759,gradual,severity,internal_only,,False,False,False,
759,gradual,severity,prism,,False,False,False,
760,gradual,severity,severity_only,,False,False,False,
760,gradual,severity,external_only,,False,False,False,
760,gradual,severity,internal_only,,False,False,False,
760,gradual,severity,prism,,False,False,False,
761,gradual,severity,severity_only,,False,False,False,
761,gradual,severity,external_only,,False,False,False,
761,gradual,severity,internal_only,,False,False,False,
761,gradual,severity,prism,38.0,False,False,False,
762,gradual,severity,severity_only,,False,False,False,
762,gradual,severity,external_only,,False,False,False,
762,gradual,severity,internal_only,,False,False,False,
762,gradual,severity,prism,,False,False,False,
763,gradual,severity,severity_only,9.0,False,False,True,
763,gradual,severity,external_only,9.0,False,False,True,
763,gradual,severity,internal_only,9.0,False,False,True,
763,gradual,severity,prism,9.0,False,False,True,
764,gradual,severity,severity_only,4.0,False,False,True,
764,gradual,severity,external_only,26.0,True,False,False,-2.0
764,gradual,severity,internal_only,4.0,False,False,True,
764,gradual,severity,prism,24.0,True,True,False,0.0
765,gradual,severity,severity_only,36.0,False,False,False,
765,gradual,severity,external_only,,False,False,False,
765,gradual,severity,internal_only,36.0,False,False,False,
765,gradual,severity,prism,,False,False,False,
766,gradual,severity,severity_only,,False,False,False,
766,gradual,severity,external_only,27.0,True,False,False,-3.0
766,gradual,severity,internal_only,28.0,True,False,False,-4.0
766,gradual,severity,prism,25.0,True,False,False,-1.0
767,gradual,severity,severity_only,,False,False,False,
767,gradual,severity,external_only,,False,False,False,
767,gradual,severity,internal_only,21.0,False,False,False,
767,gradual,severity,prism,21.0,False,False,False,
768,gradual,severity,severity_only,,False,False,False,
768,gradual,severity,external_only,,False,False,False,
768,gradual,severity,internal_only,,False,False,False,
768,gradual,severity,prism,,False,False,False,
769,gradual,severity,severity_only,,False,False,False,
769,gradual,severity,external_only,28.0,True,False,False,-4.0
769,gradual,severity,internal_only,,False,False,False,
769,gradual,severity,prism,28.0,True,False,False,-4.0
770,gradual,severity,severity_only,,False,False,False,
770,gradual,severity,external_only,26.0,True,False,False,-2.0
770,gradual,severity,internal_only,,False,False,False,
770,gradual,severity,prism,,False,False,False,
771,gradual,severity,severity_only,,False,False,False,
771,gradual,severity,external_only,,False,False,False,
771,gradual,severity,internal_only,,False,False,False,
771,gradual,severity,prism,,False,False,False,
772,gradual,severity,severity_only,,False,False,False,
772,gradual,severity,external_only,,False,False,False,
772,gradual,severity,internal_only,,False,False,False,
772,gradual,severity,prism,,False,False,False,
773,gradual,severity,severity_only,,False,False,False,
773,gradual,severity,external_only,,False,False,False,
773,gradual,severity,internal_only,,False,False,False,
773,gradual,severity,prism,,False,False,False,
774,gradual,severity,severity_only,,False,False,False,
774,gradual,severity,external_only,,False,False,False,
774,gradual,severity,internal_only,,False,False,False,
774,gradual,severity,prism,,False,False,False,
775,gradual,severity,severity_only,,False,False,False,
775,gradual,severity,external_only,,False,False,False,
775,gradual,severity,internal_only,,False,False,False,
775,gradual,severity,prism,,False,False,False,
776,gradual,severity,severity_only,,False,False,False,
776,gradual,severity,external_only,,False,False,False,
776,gradual,severity,internal_only,,False,False,False,
776,gradual,severity,prism,25.0,True,False,False,-1.0
777,gradual,severity,severity_only,,False,False,False,
777,gradual,severity,external_only,,False,False,False,
777,gradual,severity,internal_only,36.0,False,False,False,
777,gradual,severity,prism,35.0,False,False,False,
778,gradual,severity,severity_only,,False,False,False,
778,gradual,severity,external_only,,False,False,False,
778,gradual,severity,internal_only,,False,False,False,
778,gradual,severity,prism,25.0,True,False,False,-1.0
779,gradual,severity,severity_only,,False,False,False,
779,gradual,severity,external_only,,False,False,False,
779,gradual,severity,internal_only,,False,False,False,
779,gradual,severity,prism,25.0,True,False,False,-1.0
780,gradual,severity,severity_only,,False,False,False,
780,gradual,severity,external_only,,False,False,False,
780,gradual,severity,internal_only,37.0,False,False,False,
780,gradual,severity,prism,26.0,True,False,False,-2.0
781,gradual,severity,severity_only,,False,False,False,
781,gradual,severity,external_only,27.0,True,False,False,-3.0
781,gradual,severity,internal_only,34.0,False,False,False,
781,gradual,severity,prism,26.0,True,False,False,-2.0
782,gradual,severity,severity_only,,False,False,False,
782,gradual,severity,external_only,,False,False,False,
782,gradual,severity,internal_only,,False,False,False,
782,gradual,severity,prism,,False,False,False,
783,gradual,severity,severity_only,20.0,False,False,True,
783,gradual,severity,external_only,20.0,False,False,True,
783,gradual,severity,internal_only,20.0,False,False,True,
783,gradual,severity,prism,20.0,False,False,True,
784,gradual,severity,severity_only,,False,False,False,
784,gradual,severity,external_only,,False,False,False,
784,gradual,severity,internal_only,25.0,True,False,False,-1.0
784,gradual,severity,prism,23.0,True,True,False,1.0
785,gradual,severity,severity_only,,False,False,False,
785,gradual,severity,external_only,,False,False,False,
785,gradual,severity,internal_only,,False,False,False,
785,gradual,severity,prism,31.0,False,False,False,
786,gradual,severity,severity_only,,False,False,False,
786,gradual,severity,external_only,,False,False,False,
786,gradual,severity,internal_only,,False,False,False,
786,gradual,severity,prism,25.0,True,False,False,-1.0
787,gradual,severity,severity_only,39.0,False,False,False,
787,gradual,severity,external_only,39.0,False,False,False,
787,gradual,severity,internal_only,38.0,False,False,False,
787,gradual,severity,prism,38.0,False,False,False,
788,gradual,severity,severity_only,5.0,False,False,True,
788,gradual,severity,external_only,5.0,False,False,True,
788,gradual,severity,internal_only,5.0,False,False,True,
788,gradual,severity,prism,5.0,False,False,True,
789,gradual,severity,severity_only,,False,False,False,
789,gradual,severity,external_only,26.0,True,False,False,-2.0
789,gradual,severity,internal_only,,False,False,False,
789,gradual,severity,prism,,False,False,False,
790,gradual,severity,severity_only,,False,False,False,
790,gradual,severity,external_only,28.0,True,False,False,-4.0
790,gradual,severity,internal_only,,False,False,False,
790,gradual,severity,prism,,False,False,False,
791,gradual,severity,severity_only,,False,False,False,
791,gradual,severity,external_only,,False,False,False,
791,gradual,severity,internal_only,,False,False,False,
791,gradual,severity,prism,25.0,True,False,False,-1.0
792,gradual,severity,severity_only,,False,False,False,
792,gradual,severity,external_only,,False,False,False,
792,gradual,severity,internal_only,38.0,False,False,False,
792,gradual,severity,prism,38.0,False,False,False,
793,gradual,severity,severity_only,,False,False,False,
793,gradual,severity,external_only,24.0,True,True,False,0.0
793,gradual,severity,internal_only,,False,False,False,
793,gradual,severity,prism,29.0,True,False,False,-5.0
794,gradual,severity,severity_only,,False,False,False,
794,gradual,severity,external_only,,False,False,False,
794,gradual,severity,internal_only,,False,False,False,
794,gradual,severity,prism,25.0,True,False,False,-1.0
795,gradual,severity,severity_only,,False,False,False,
795,gradual,severity,external_only,25.0,True,False,False,-1.0
795,gradual,severity,internal_only,,False,False,False,
795,gradual,severity,prism,25.0,True,False,False,-1.0
796,gradual,severity,severity_only,,False,False,False,
796,gradual,severity,external_only,,False,False,False,
796,gradual,severity,internal_only,,False,False,False,
796,gradual,severity,prism,,False,False,False,
797,gradual,severity,severity_only,,False,False,False,
797,gradual,severity,external_only,,False,False,False,
797,gradual,severity,internal_only,,False,False,False,
797,gradual,severity,prism,,False,False,False,
798,gradual,severity,severity_only,,False,False,False,
798,gradual,severity,external_only,,False,False,False,
798,gradual,severity,internal_only,35.0,False,False,False,
798,gradual,severity,prism,24.0,True,True,False,0.0
799,gradual,severity,severity_only,,False,False,False,
799,gradual,severity,external_only,,False,False,False,
799,gradual,severity,internal_only,,False,False,False,
799,gradual,severity,prism,19.0,False,False,True,
800,gradual,severity,severity_only,14.0,False,False,True,
800,gradual,severity,external_only,,False,False,False,
800,gradual,severity,internal_only,14.0,False,False,True,
800,gradual,severity,prism,21.0,False,False,False,
801,gradual,severity,severity_only,,False,False,False,
801,gradual,severity,external_only,,False,False,False,
801,gradual,severity,internal_only,,False,False,False,
801,gradual,severity,prism,,False,False,False,
802,gradual,severity,severity_only,,False,False,False,
802,gradual,severity,external_only,,False,False,False,
802,gradual,severity,internal_only,,False,False,False,
802,gradual,severity,prism,,False,False,False,
803,gradual,severity,severity_only,,False,False,False,
803,gradual,severity,external_only,15.0,False,False,True,
803,gradual,severity,internal_only,32.0,False,False,False,
803,gradual,severity,prism,15.0,False,False,True,
804,gradual,severity,severity_only,,False,False,False,
804,gradual,severity,external_only,,False,False,False,
804,gradual,severity,internal_only,,False,False,False,
804,gradual,severity,prism,,False,False,False,
805,gradual,severity,severity_only,,False,False,False,
805,gradual,severity,external_only,,False,False,False,
805,gradual,severity,internal_only,,False,False,False,
805,gradual,severity,prism,,False,False,False,
806,gradual,severity,severity_only,,False,False,False,
806,gradual,severity,external_only,27.0,True,False,False,-3.0
806,gradual,severity,internal_only,,False,False,False,
806,gradual,severity,prism,27.0,True,False,False,-3.0
807,gradual,severity,severity_only,,False,False,False,
807,gradual,severity,external_only,,False,False,False,
807,gradual,severity,internal_only,,False,False,False,
807,gradual,severity,prism,,False,False,False,
808,gradual,severity,severity_only,,False,False,False,
808,gradual,severity,external_only,,False,False,False,
808,gradual,severity,internal_only,,False,False,False,
808,gradual,severity,prism,,False,False,False,
809,gradual,severity,severity_only,,False,False,False,
809,gradual,severity,external_only,15.0,False,False,True,
809,gradual,severity,internal_only,,False,False,False,
809,gradual,severity,prism,15.0,False,False,True,
810,gradual,severity,severity_only,,False,False,False,
810,gradual,severity,external_only,,False,False,False,
810,gradual,severity,internal_only,,False,False,False,
810,gradual,severity,prism,,False,False,False,
811,gradual,severity,severity_only,,False,False,False,
811,gradual,severity,external_only,,False,False,False,
811,gradual,severity,internal_only,35.0,False,False,False,
811,gradual,severity,prism,25.0,True,False,False,-1.0
812,gradual,severity,severity_only,,False,False,False,
812,gradual,severity,external_only,,False,False,False,
812,gradual,severity,internal_only,19.0,False,False,True,
812,gradual,severity,prism,37.0,False,False,False,
813,gradual,severity,severity_only,,False,False,False,
813,gradual,severity,external_only,,False,False,False,
813,gradual,severity,internal_only,,False,False,False,
813,gradual,severity,prism,,False,False,False,
814,gradual,severity,severity_only,11.0,False,False,True,
814,gradual,severity,external_only,11.0,False,False,True,
814,gradual,severity,internal_only,11.0,False,False,True,
814,gradual,severity,prism,11.0,False,False,True,
815,gradual,severity,severity_only,,False,False,False,
815,gradual,severity,external_only,25.0,True,False,False,-1.0
815,gradual,severity,internal_only,35.0,False,False,False,
815,gradual,severity,prism,22.0,True,True,False,2.0
816,gradual,severity,severity_only,,False,False,False,
816,gradual,severity,external_only,,False,False,False,
816,gradual,severity,internal_only,37.0,False,False,False,
816,gradual,severity,prism,37.0,False,False,False,
817,gradual,severity,severity_only,,False,False,False,
817,gradual,severity,external_only,,False,False,False,
817,gradual,severity,internal_only,33.0,False,False,False,
817,gradual,severity,prism,33.0,False,False,False,
818,gradual,severity,severity_only,,False,False,False,
818,gradual,severity,external_only,28.0,True,False,False,-4.0
818,gradual,severity,internal_only,,False,False,False,
818,gradual,severity,prism,28.0,True,False,False,-4.0
819,gradual,severity,severity_only,,False,False,False,
819,gradual,severity,external_only,28.0,True,False,False,-4.0
819,gradual,severity,internal_only,34.0,False,False,False,
819,gradual,severity,prism,22.0,True,True,False,2.0
820,gradual,severity,severity_only,,False,False,False,
820,gradual,severity,external_only,,False,False,False,
820,gradual,severity,internal_only,,False,False,False,
820,gradual,severity,prism,,False,False,False,
821,gradual,severity,severity_only,,False,False,False,
821,gradual,severity,external_only,29.0,True,False,False,-5.0
821,gradual,severity,internal_only,29.0,True,False,False,-5.0
821,gradual,severity,prism,29.0,True,False,False,-5.0
822,gradual,severity,severity_only,,False,False,False,
822,gradual,severity,external_only,,False,False,False,
822,gradual,severity,internal_only,,False,False,False,
822,gradual,severity,prism,,False,False,False,
823,gradual,severity,severity_only,,False,False,False,
823,gradual,severity,external_only,,False,False,False,
823,gradual,severity,internal_only,,False,False,False,
823,gradual,severity,prism,,False,False,False,
824,gradual,severity,severity_only,,False,False,False,
824,gradual,severity,external_only,,False,False,False,
824,gradual,severity,internal_only,,False,False,False,
824,gradual,severity,prism,,False,False,False,
825,gradual,severity,severity_only,,False,False,False,
825,gradual,severity,external_only,,False,False,False,
825,gradual,severity,internal_only,,False,False,False,
825,gradual,severity,prism,,False,False,False,
826,gradual,severity,severity_only,,False,False,False,
826,gradual,severity,external_only,,False,False,False,
826,gradual,severity,internal_only,,False,False,False,
826,gradual,severity,prism,,False,False,False,
827,gradual,severity,severity_only,27.0,True,False,False,-3.0
827,gradual,severity,external_only,26.0,True,False,False,-2.0
827,gradual,severity,internal_only,27.0,True,False,False,-3.0
827,gradual,severity,prism,24.0,True,True,False,0.0
828,gradual,severity,severity_only,,False,False,False,
828,gradual,severity,external_only,,False,False,False,
828,gradual,severity,internal_only,,False,False,False,
828,gradual,severity,prism,,False,False,False,
829,gradual,severity,severity_only,,False,False,False,
829,gradual,severity,external_only,,False,False,False,
829,gradual,severity,internal_only,31.0,False,False,False,
829,gradual,severity,prism,26.0,True,False,False,-2.0
830,gradual,severity,severity_only,,False,False,False,
830,gradual,severity,external_only,,False,False,False,
830,gradual,severity,internal_only,,False,False,False,
830,gradual,severity,prism,,False,False,False,
831,gradual,severity,severity_only,29.0,True,False,False,-5.0
831,gradual,severity,external_only,27.0,True,False,False,-3.0
831,gradual,severity,internal_only,29.0,True,False,False,-5.0
831,gradual,severity,prism,25.0,True,False,False,-1.0
832,gradual,severity,severity_only,,False,False,False,
832,gradual,severity,external_only,,False,False,False,
832,gradual,severity,internal_only,37.0,False,False,False,
832,gradual,severity,prism,31.0,False,False,False,
833,gradual,severity,severity_only,,False,False,False,
833,gradual,severity,external_only,,False,False,False,
833,gradual,severity,internal_only,32.0,False,False,False,
833,gradual,severity,prism,20.0,False,False,True,
834,gradual,severity,severity_only,,False,False,False,
834,gradual,severity,external_only,,False,False,False,
834,gradual,severity,internal_only,,False,False,False,
834,gradual,severity,prism,,False,False,False,
835,gradual,severity,severity_only,,False,False,False,
835,gradual,severity,external_only,,False,False,False,
835,gradual,severity,internal_only,32.0,False,False,False,
835,gradual,severity,prism,26.0,True,False,False,-2.0
836,gradual,severity,severity_only,,False,False,False,
836,gradual,severity,external_only,31.0,False,False,False,
836,gradual,severity,internal_only,,False,False,False,
836,gradual,severity,prism,,False,False,False,
837,gradual,severity,severity_only,,False,False,False,
837,gradual,severity,external_only,,False,False,False,
837,gradual,severity,internal_only,,False,False,False,
837,gradual,severity,prism,,False,False,False,
838,gradual,severity,severity_only,,False,False,False,
838,gradual,severity,external_only,,False,False,False,
838,gradual,severity,internal_only,,False,False,False,
838,gradual,severity,prism,38.0,False,False,False,
839,gradual,severity,severity_only,,False,False,False,
839,gradual,severity,external_only,,False,False,False,
839,gradual,severity,internal_only,38.0,False,False,False,
839,gradual,severity,prism,27.0,True,False,False,-3.0
840,gradual,severity,severity_only,,False,False,False,
840,gradual,severity,external_only,,False,False,False,
840,gradual,severity,internal_only,,False,False,False,
840,gradual,severity,prism,,False,False,False,
841,gradual,severity,severity_only,,False,False,False,
841,gradual,severity,external_only,,False,False,False,
841,gradual,severity,internal_only,,False,False,False,
841,gradual,severity,prism,,False,False,False,
842,gradual,severity,severity_only,,False,False,False,
842,gradual,severity,external_only,23.0,True,True,False,1.0
842,gradual,severity,internal_only,,False,False,False,
842,gradual,severity,prism,23.0,True,True,False,1.0
843,gradual,severity,severity_only,,False,False,False,
843,gradual,severity,external_only,,False,False,False,
843,gradual,severity,internal_only,,False,False,False,
843,gradual,severity,prism,35.0,False,False,False,
844,gradual,severity,severity_only,,False,False,False,
844,gradual,severity,external_only,27.0,True,False,False,-3.0
844,gradual,severity,internal_only,,False,False,False,
844,gradual,severity,prism,26.0,True,False,False,-2.0
845,gradual,severity,severity_only,,False,False,False,
845,gradual,severity,external_only,,False,False,False,
845,gradual,severity,internal_only,,False,False,False,
845,gradual,severity,prism,,False,False,False,
846,gradual,severity,severity_only,,False,False,False,
846,gradual,severity,external_only,,False,False,False,
846,gradual,severity,internal_only,,False,False,False,
846,gradual,severity,prism,,False,False,False,
847,gradual,severity,severity_only,6.0,False,False,True,
847,gradual,severity,external_only,6.0,False,False,True,
847,gradual,severity,internal_only,6.0,False,False,True,
847,gradual,severity,prism,6.0,False,False,True,
848,gradual,severity,severity_only,,False,False,False,
848,gradual,severity,external_only,24.0,True,True,False,0.0
848,gradual,severity,internal_only,29.0,True,False,False,-5.0
848,gradual,severity,prism,25.0,True,False,False,-1.0
849,gradual,severity,severity_only,22.0,True,True,False,2.0
849,gradual,severity,external_only,21.0,False,False,False,
849,gradual,severity,internal_only,21.0,False,False,False,
849,gradual,severity,prism,21.0,False,False,False,
850,gradual,severity,severity_only,,False,False,False,
850,gradual,severity,external_only,26.0,True,False,False,-2.0
850,gradual,severity,internal_only,,False,False,False,
850,gradual,severity,prism,,False,False,False,
851,gradual,severity,severity_only,,False,False,False,
851,gradual,severity,external_only,26.0,True,False,False,-2.0
851,gradual,severity,internal_only,30.0,True,False,False,-6.0
851,gradual,severity,prism,26.0,True,False,False,-2.0
852,gradual,severity,severity_only,,False,False,False,
852,gradual,severity,external_only,29.0,True,False,False,-5.0
852,gradual,severity,internal_only,33.0,False,False,False,
852,gradual,severity,prism,23.0,True,True,False,1.0
853,gradual,severity,severity_only,,False,False,False,
853,gradual,severity,external_only,,False,False,False,
853,gradual,severity,internal_only,,False,False,False,
853,gradual,severity,prism,,False,False,False,
854,gradual,severity,severity_only,,False,False,False,
854,gradual,severity,external_only,,False,False,False,
854,gradual,severity,internal_only,25.0,True,False,False,-1.0
854,gradual,severity,prism,23.0,True,True,False,1.0
855,gradual,severity,severity_only,,False,False,False,
855,gradual,severity,external_only,,False,False,False,
855,gradual,severity,internal_only,33.0,False,False,False,
855,gradual,severity,prism,,False,False,False,
856,gradual,severity,severity_only,,False,False,False,
856,gradual,severity,external_only,24.0,True,True,False,0.0
856,gradual,severity,internal_only,,False,False,False,
856,gradual,severity,prism,24.0,True,True,False,0.0
857,gradual,severity,severity_only,,False,False,False,
857,gradual,severity,external_only,,False,False,False,
857,gradual,severity,internal_only,35.0,False,False,False,
857,gradual,severity,prism,29.0,True,False,False,-5.0
858,gradual,severity,severity_only,8.0,False,False,True,
858,gradual,severity,external_only,8.0,False,False,True,
858,gradual,severity,internal_only,8.0,False,False,True,
858,gradual,severity,prism,8.0,False,False,True,
859,gradual,severity,severity_only,39.0,False,False,False,
859,gradual,severity,external_only,,False,False,False,
859,gradual,severity,internal_only,,False,False,False,
859,gradual,severity,prism,,False,False,False,
860,gradual,severity,severity_only,4.0,False,False,True,
860,gradual,severity,external_only,4.0,False,False,True,
860,gradual,severity,internal_only,4.0,False,False,True,
860,gradual,severity,prism,4.0,False,False,True,
861,gradual,severity,severity_only,,False,False,False,
861,gradual,severity,external_only,,False,False,False,
861,gradual,severity,internal_only,,False,False,False,
861,gradual,severity,prism,28.0,True,False,False,-4.0
862,gradual,severity,severity_only,,False,False,False,
862,gradual,severity,external_only,26.0,True,False,False,-2.0
862,gradual,severity,internal_only,39.0,False,False,False,
862,gradual,severity,prism,27.0,True,False,False,-3.0
863,gradual,severity,severity_only,,False,False,False,
863,gradual,severity,external_only,,False,False,False,
863,gradual,severity,internal_only,,False,False,False,
863,gradual,severity,prism,,False,False,False,
864,gradual,severity,severity_only,,False,False,False,
864,gradual,severity,external_only,,False,False,False,
864,gradual,severity,internal_only,,False,False,False,
864,gradual,severity,prism,,False,False,False,
865,gradual,severity,severity_only,,False,False,False,
865,gradual,severity,external_only,13.0,False,False,True,
865,gradual,severity,internal_only,,False,False,False,
865,gradual,severity,prism,13.0,False,False,True,
866,gradual,severity,severity_only,,False,False,False,
866,gradual,severity,external_only,,False,False,False,
866,gradual,severity,internal_only,,False,False,False,
866,gradual,severity,prism,26.0,True,False,False,-2.0
867,gradual,severity,severity_only,,False,False,False,
867,gradual,severity,external_only,,False,False,False,
867,gradual,severity,internal_only,,False,False,False,
867,gradual,severity,prism,,False,False,False,
868,gradual,severity,severity_only,,False,False,False,
868,gradual,severity,external_only,,False,False,False,
868,gradual,severity,internal_only,36.0,False,False,False,
868,gradual,severity,prism,33.0,False,False,False,
869,gradual,severity,severity_only,,False,False,False,
869,gradual,severity,external_only,,False,False,False,
869,gradual,severity,internal_only,,False,False,False,
869,gradual,severity,prism,,False,False,False,
870,gradual,severity,severity_only,,False,False,False,
870,gradual,severity,external_only,27.0,True,False,False,-3.0
870,gradual,severity,internal_only,28.0,True,False,False,-4.0
870,gradual,severity,prism,24.0,True,True,False,0.0
871,gradual,severity,severity_only,7.0,False,False,True,
871,gradual,severity,external_only,7.0,False,False,True,
871,gradual,severity,internal_only,7.0,False,False,True,
871,gradual,severity,prism,7.0,False,False,True,
872,gradual,severity,severity_only,,False,False,False,
872,gradual,severity,external_only,,False,False,False,
872,gradual,severity,internal_only,,False,False,False,
872,gradual,severity,prism,,False,False,False,
873,gradual,severity,severity_only,,False,False,False,
873,gradual,severity,external_only,,False,False,False,
873,gradual,severity,internal_only,,False,False,False,
873,gradual,severity,prism,,False,False,False,
874,gradual,severity,severity_only,,False,False,False,
874,gradual,severity,external_only,,False,False,False,
874,gradual,severity,internal_only,24.0,True,True,False,0.0
874,gradual,severity,prism,23.0,True,True,False,1.0
875,gradual,severity,severity_only,,False,False,False,
875,gradual,severity,external_only,,False,False,False,
875,gradual,severity,internal_only,,False,False,False,
875,gradual,severity,prism,25.0,True,False,False,-1.0
876,gradual,severity,severity_only,,False,False,False,
876,gradual,severity,external_only,22.0,True,True,False,2.0
876,gradual,severity,internal_only,,False,False,False,
876,gradual,severity,prism,22.0,True,True,False,2.0
877,gradual,severity,severity_only,,False,False,False,
877,gradual,severity,external_only,,False,False,False,
877,gradual,severity,internal_only,,False,False,False,
877,gradual,severity,prism,,False,False,False,
878,gradual,severity,severity_only,,False,False,False,
878,gradual,severity,external_only,,False,False,False,
878,gradual,severity,internal_only,,False,False,False,
878,gradual,severity,prism,,False,False,False,
879,gradual,severity,severity_only,,False,False,False,
879,gradual,severity,external_only,,False,False,False,
879,gradual,severity,internal_only,,False,False,False,
879,gradual,severity,prism,,False,False,False,
880,gradual,severity,severity_only,,False,False,False,
880,gradual,severity,external_only,,False,False,False,
880,gradual,severity,internal_only,,False,False,False,
880,gradual,severity,prism,,False,False,False,
881,gradual,severity,severity_only,,False,False,False,
881,gradual,severity,external_only,26.0,True,False,False,-2.0
881,gradual,severity,internal_only,,False,False,False,
881,gradual,severity,prism,28.0,True,False,False,-4.0
882,gradual,severity,severity_only,7.0,False,False,True,
882,gradual,severity,external_only,7.0,False,False,True,
882,gradual,severity,internal_only,7.0,False,False,True,
882,gradual,severity,prism,7.0,False,False,True,
883,gradual,severity,severity_only,,False,False,False,
883,gradual,severity,external_only,,False,False,False,
883,gradual,severity,internal_only,,False,False,False,
883,gradual,severity,prism,,False,False,False,
884,gradual,severity,severity_only,,False,False,False,
884,gradual,severity,external_only,9.0,False,False,True,
884,gradual,severity,internal_only,,False,False,False,
884,gradual,severity,prism,9.0,False,False,True,
885,gradual,severity,severity_only,,False,False,False,
885,gradual,severity,external_only,,False,False,False,
885,gradual,severity,internal_only,34.0,False,False,False,
885,gradual,severity,prism,23.0,True,True,False,1.0
886,gradual,severity,severity_only,,False,False,False,
886,gradual,severity,external_only,,False,False,False,
886,gradual,severity,internal_only,,False,False,False,
886,gradual,severity,prism,25.0,True,False,False,-1.0
887,gradual,severity,severity_only,,False,False,False,
887,gradual,severity,external_only,,False,False,False,
887,gradual,severity,internal_only,,False,False,False,
887,gradual,severity,prism,26.0,True,False,False,-2.0
888,gradual,severity,severity_only,,False,False,False,
888,gradual,severity,external_only,26.0,True,False,False,-2.0
888,gradual,severity,internal_only,,False,False,False,
888,gradual,severity,prism,26.0,True,False,False,-2.0
889,gradual,severity,severity_only,,False,False,False,
889,gradual,severity,external_only,,False,False,False,
889,gradual,severity,internal_only,,False,False,False,
889,gradual,severity,prism,,False,False,False,
890,gradual,severity,severity_only,,False,False,False,
890,gradual,severity,external_only,,False,False,False,
890,gradual,severity,internal_only,33.0,False,False,False,
890,gradual,severity,prism,25.0,True,False,False,-1.0
891,gradual,severity,severity_only,,False,False,False,
891,gradual,severity,external_only,,False,False,False,
891,gradual,severity,internal_only,,False,False,False,
891,gradual,severity,prism,,False,False,False,
892,gradual,severity,severity_only,,False,False,False,
892,gradual,severity,external_only,27.0,True,False,False,-3.0
892,gradual,severity,internal_only,,False,False,False,
892,gradual,severity,prism,28.0,True,False,False,-4.0
893,gradual,severity,severity_only,,False,False,False,
893,gradual,severity,external_only,,False,False,False,
893,gradual,severity,internal_only,36.0,False,False,False,
893,gradual,severity,prism,30.0,True,False,False,-6.0
894,gradual,severity,severity_only,,False,False,False,
894,gradual,severity,external_only,,False,False,False,
894,gradual,severity,internal_only,,False,False,False,
894,gradual,severity,prism,30.0,True,False,False,-6.0
895,gradual,severity,severity_only,,False,False,False,
895,gradual,severity,external_only,,False,False,False,
895,gradual,severity,internal_only,,False,False,False,
895,gradual,severity,prism,,False,False,False,
896,gradual,severity,severity_only,,False,False,False,
896,gradual,severity,external_only,27.0,True,False,False,-3.0
896,gradual,severity,internal_only,,False,False,False,
896,gradual,severity,prism,,False,False,False,
897,gradual,severity,severity_only,,False,False,False,
897,gradual,severity,external_only,,False,False,False,
897,gradual,severity,internal_only,36.0,False,False,False,
897,gradual,severity,prism,29.0,True,False,False,-5.0
898,gradual,severity,severity_only,,False,False,False,
898,gradual,severity,external_only,28.0,True,False,False,-4.0
898,gradual,severity,internal_only,,False,False,False,
898,gradual,severity,prism,,False,False,False,
899,gradual,severity,severity_only,,False,False,False,
899,gradual,severity,external_only,26.0,True,False,False,-2.0
899,gradual,severity,internal_only,38.0,False,False,False,
899,gradual,severity,prism,24.0,True,True,False,0.0
900,gradual,severity,severity_only,,False,False,False,
900,gradual,severity,external_only,,False,False,False,
900,gradual,severity,internal_only,,False,False,False,
900,gradual,severity,prism,,False,False,False,
901,gradual,severity,severity_only,,False,False,False,
901,gradual,severity,external_only,25.0,True,False,False,-1.0
901,gradual,severity,internal_only,,False,False,False,
901,gradual,severity,prism,25.0,True,False,False,-1.0
902,gradual,severity,severity_only,,False,False,False,
902,gradual,severity,external_only,,False,False,False,
902,gradual,severity,internal_only,,False,False,False,
902,gradual,severity,prism,,False,False,False,
903,gradual,severity,severity_only,,False,False,False,
903,gradual,severity,external_only,26.0,True,False,False,-2.0
903,gradual,severity,internal_only,,False,False,False,
903,gradual,severity,prism,,False,False,False,
904,gradual,severity,severity_only,,False,False,False,
904,gradual,severity,external_only,,False,False,False,
904,gradual,severity,internal_only,,False,False,False,
904,gradual,severity,prism,,False,False,False,
905,gradual,severity,severity_only,,False,False,False,
905,gradual,severity,external_only,,False,False,False,
905,gradual,severity,internal_only,,False,False,False,
905,gradual,severity,prism,25.0,True,False,False,-1.0
906,gradual,severity,severity_only,29.0,True,False,False,-5.0
906,gradual,severity,external_only,29.0,True,False,False,-5.0
906,gradual,severity,internal_only,29.0,True,False,False,-5.0
906,gradual,severity,prism,29.0,True,False,False,-5.0
907,gradual,severity,severity_only,,False,False,False,
907,gradual,severity,external_only,,False,False,False,
907,gradual,severity,internal_only,37.0,False,False,False,
907,gradual,severity,prism,37.0,False,False,False,
908,gradual,severity,severity_only,,False,False,False,
908,gradual,severity,external_only,38.0,False,False,False,
908,gradual,severity,internal_only,,False,False,False,
908,gradual,severity,prism,38.0,False,False,False,
909,gradual,severity,severity_only,,False,False,False,
909,gradual,severity,external_only,,False,False,False,
909,gradual,severity,internal_only,,False,False,False,
909,gradual,severity,prism,,False,False,False,
910,gradual,severity,severity_only,,False,False,False,
910,gradual,severity,external_only,,False,False,False,
910,gradual,severity,internal_only,,False,False,False,
910,gradual,severity,prism,25.0,True,False,False,-1.0
911,gradual,severity,severity_only,,False,False,False,
911,gradual,severity,external_only,,False,False,False,
911,gradual,severity,internal_only,27.0,True,False,False,-3.0
911,gradual,severity,prism,25.0,True,False,False,-1.0
912,gradual,severity,severity_only,,False,False,False,
912,gradual,severity,external_only,,False,False,False,
912,gradual,severity,internal_only,,False,False,False,
912,gradual,severity,prism,25.0,True,False,False,-1.0
913,gradual,severity,severity_only,,False,False,False,
913,gradual,severity,external_only,,False,False,False,
913,gradual,severity,internal_only,,False,False,False,
913,gradual,severity,prism,25.0,True,False,False,-1.0
914,gradual,severity,severity_only,,False,False,False,
914,gradual,severity,external_only,,False,False,False,
914,gradual,severity,internal_only,32.0,False,False,False,
914,gradual,severity,prism,24.0,True,True,False,0.0
915,gradual,severity,severity_only,,False,False,False,
915,gradual,severity,external_only,,False,False,False,
915,gradual,severity,internal_only,,False,False,False,
915,gradual,severity,prism,,False,False,False,
916,gradual,severity,severity_only,,False,False,False,
916,gradual,severity,external_only,,False,False,False,
916,gradual,severity,internal_only,,False,False,False,
916,gradual,severity,prism,,False,False,False,
917,gradual,severity,severity_only,,False,False,False,
917,gradual,severity,external_only,,False,False,False,
917,gradual,severity,internal_only,,False,False,False,
917,gradual,severity,prism,,False,False,False,
918,gradual,severity,severity_only,,False,False,False,
918,gradual,severity,external_only,,False,False,False,
918,gradual,severity,internal_only,,False,False,False,
918,gradual,severity,prism,25.0,True,False,False,-1.0
919,gradual,severity,severity_only,,False,False,False,
919,gradual,severity,external_only,,False,False,False,
919,gradual,severity,internal_only,,False,False,False,
919,gradual,severity,prism,35.0,False,False,False,
920,gradual,severity,severity_only,,False,False,False,
920,gradual,severity,external_only,,False,False,False,
920,gradual,severity,internal_only,,False,False,False,
920,gradual,severity,prism,,False,False,False,
921,gradual,severity,severity_only,,False,False,False,
921,gradual,severity,external_only,,False,False,False,
921,gradual,severity,internal_only,,False,False,False,
921,gradual,severity,prism,,False,False,False,
922,gradual,severity,severity_only,,False,False,False,
922,gradual,severity,external_only,,False,False,False,
922,gradual,severity,internal_only,,False,False,False,
922,gradual,severity,prism,24.0,True,True,False,0.0
923,gradual,severity,severity_only,,False,False,False,
923,gradual,severity,external_only,,False,False,False,
923,gradual,severity,internal_only,,False,False,False,
923,gradual,severity,prism,26.0,True,False,False,-2.0
924,gradual,severity,severity_only,,False,False,False,
924,gradual,severity,external_only,,False,False,False,
924,gradual,severity,internal_only,,False,False,False,
924,gradual,severity,prism,,False,False,False,
925,gradual,severity,severity_only,,False,False,False,
925,gradual,severity,external_only,13.0,False,False,True,
925,gradual,severity,internal_only,,False,False,False,
925,gradual,severity,prism,13.0,False,False,True,
926,gradual,severity,severity_only,,False,False,False,
926,gradual,severity,external_only,,False,False,False,
926,gradual,severity,internal_only,,False,False,False,
926,gradual,severity,prism,26.0,True,False,False,-2.0
927,gradual,severity,severity_only,,False,False,False,
927,gradual,severity,external_only,,False,False,False,
927,gradual,severity,internal_only,,False,False,False,
927,gradual,severity,prism,,False,False,False,
928,gradual,severity,severity_only,,False,False,False,
928,gradual,severity,external_only,24.0,True,True,False,0.0
928,gradual,severity,internal_only,31.0,False,False,False,
928,gradual,severity,prism,24.0,True,True,False,0.0
929,gradual,severity,severity_only,,False,False,False,
929,gradual,severity,external_only,,False,False,False,
929,gradual,severity,internal_only,,False,False,False,
929,gradual,severity,prism,,False,False,False,
930,gradual,severity,severity_only,,False,False,False,
930,gradual,severity,external_only,,False,False,False,
930,gradual,severity,internal_only,,False,False,False,
930,gradual,severity,prism,29.0,True,False,False,-5.0
931,gradual,severity,severity_only,,False,False,False,
931,gradual,severity,external_only,,False,False,False,
931,gradual,severity,internal_only,,False,False,False,
931,gradual,severity,prism,,False,False,False,
932,gradual,severity,severity_only,,False,False,False,
932,gradual,severity,external_only,,False,False,False,
932,gradual,severity,internal_only,,False,False,False,
932,gradual,severity,prism,,False,False,False,
933,gradual,severity,severity_only,,False,False,False,
933,gradual,severity,external_only,,False,False,False,
933,gradual,severity,internal_only,,False,False,False,
933,gradual,severity,prism,,False,False,False,
934,gradual,severity,severity_only,20.0,False,False,True,
934,gradual,severity,external_only,20.0,False,False,True,
934,gradual,severity,internal_only,20.0,False,False,True,
934,gradual,severity,prism,20.0,False,False,True,
935,gradual,severity,severity_only,,False,False,False,
935,gradual,severity,external_only,,False,False,False,
935,gradual,severity,internal_only,,False,False,False,
935,gradual,severity,prism,,False,False,False,
936,gradual,severity,severity_only,,False,False,False,
936,gradual,severity,external_only,,False,False,False,
936,gradual,severity,internal_only,,False,False,False,
936,gradual,severity,prism,,False,False,False,
937,gradual,severity,severity_only,,False,False,False,
937,gradual,severity,external_only,,False,False,False,
937,gradual,severity,internal_only,,False,False,False,
937,gradual,severity,prism,,False,False,False,
938,gradual,severity,severity_only,,False,False,False,
938,gradual,severity,external_only,,False,False,False,
938,gradual,severity,internal_only,,False,False,False,
938,gradual,severity,prism,,False,False,False,
939,gradual,severity,severity_only,,False,False,False,
939,gradual,severity,external_only,,False,False,False,
939,gradual,severity,internal_only,,False,False,False,
939,gradual,severity,prism,,False,False,False,
940,gradual,severity,severity_only,,False,False,False,
940,gradual,severity,external_only,,False,False,False,
940,gradual,severity,internal_only,,False,False,False,
940,gradual,severity,prism,,False,False,False,
941,gradual,severity,severity_only,,False,False,False,
941,gradual,severity,external_only,,False,False,False,
941,gradual,severity,internal_only,,False,False,False,
941,gradual,severity,prism,39.0,False,False,False,
942,gradual,severity,severity_only,15.0,False,False,True,
942,gradual,severity,external_only,15.0,False,False,True,
942,gradual,severity,internal_only,15.0,False,False,True,
942,gradual,severity,prism,15.0,False,False,True,
943,gradual,severity,severity_only,,False,False,False,
943,gradual,severity,external_only,26.0,True,False,False,-2.0
943,gradual,severity,internal_only,36.0,False,False,False,
943,gradual,severity,prism,24.0,True,True,False,0.0
944,gradual,severity,severity_only,,False,False,False,
944,gradual,severity,external_only,,False,False,False,
944,gradual,severity,internal_only,37.0,False,False,False,
944,gradual,severity,prism,37.0,False,False,False,
945,gradual,severity,severity_only,20.0,False,False,True,
945,gradual,severity,external_only,20.0,False,False,True,
945,gradual,severity,internal_only,20.0,False,False,True,
945,gradual,severity,prism,20.0,False,False,True,
946,gradual,severity,severity_only,14.0,False,False,True,
946,gradual,severity,external_only,14.0,False,False,True,
946,gradual,severity,internal_only,14.0,False,False,True,
946,gradual,severity,prism,14.0,False,False,True,
947,gradual,severity,severity_only,,False,False,False,
947,gradual,severity,external_only,,False,False,False,
947,gradual,severity,internal_only,32.0,False,False,False,
947,gradual,severity,prism,24.0,True,True,False,0.0
948,gradual,severity,severity_only,38.0,False,False,False,
948,gradual,severity,external_only,38.0,False,False,False,
948,gradual,severity,internal_only,37.0,False,False,False,
948,gradual,severity,prism,37.0,False,False,False,
949,gradual,severity,severity_only,,False,False,False,
949,gradual,severity,external_only,27.0,True,False,False,-3.0
949,gradual,severity,internal_only,,False,False,False,
949,gradual,severity,prism,23.0,True,True,False,1.0
950,gradual,severity,severity_only,,False,False,False,
950,gradual,severity,external_only,24.0,True,True,False,0.0
950,gradual,severity,internal_only,31.0,False,False,False,
950,gradual,severity,prism,24.0,True,True,False,0.0
951,gradual,severity,severity_only,,False,False,False,
951,gradual,severity,external_only,26.0,True,False,False,-2.0
951,gradual,severity,internal_only,,False,False,False,
951,gradual,severity,prism,,False,False,False,
952,gradual,severity,severity_only,,False,False,False,
952,gradual,severity,external_only,,False,False,False,
952,gradual,severity,internal_only,,False,False,False,
952,gradual,severity,prism,,False,False,False,
953,gradual,severity,severity_only,,False,False,False,
953,gradual,severity,external_only,21.0,False,False,False,
953,gradual,severity,internal_only,,False,False,False,
953,gradual,severity,prism,,False,False,False,
954,gradual,severity,severity_only,,False,False,False,
954,gradual,severity,external_only,23.0,True,True,False,1.0
954,gradual,severity,internal_only,34.0,False,False,False,
954,gradual,severity,prism,23.0,True,True,False,1.0
955,gradual,severity,severity_only,,False,False,False,
955,gradual,severity,external_only,,False,False,False,
955,gradual,severity,internal_only,,False,False,False,
955,gradual,severity,prism,,False,False,False,
956,gradual,severity,severity_only,,False,False,False,
956,gradual,severity,external_only,,False,False,False,
956,gradual,severity,internal_only,33.0,False,False,False,
956,gradual,severity,prism,28.0,True,False,False,-4.0
957,gradual,severity,severity_only,,False,False,False,
957,gradual,severity,external_only,,False,False,False,
957,gradual,severity,internal_only,21.0,False,False,False,
957,gradual,severity,prism,22.0,True,True,False,2.0
958,gradual,severity,severity_only,,False,False,False,
958,gradual,severity,external_only,,False,False,False,
958,gradual,severity,internal_only,,False,False,False,
958,gradual,severity,prism,,False,False,False,
959,gradual,severity,severity_only,,False,False,False,
959,gradual,severity,external_only,,False,False,False,
959,gradual,severity,internal_only,,False,False,False,
959,gradual,severity,prism,,False,False,False,
960,gradual,severity,severity_only,,False,False,False,
960,gradual,severity,external_only,,False,False,False,
960,gradual,severity,internal_only,33.0,False,False,False,
960,gradual,severity,prism,27.0,True,False,False,-3.0
961,gradual,severity,severity_only,,False,False,False,
961,gradual,severity,external_only,,False,False,False,
961,gradual,severity,internal_only,,False,False,False,
961,gradual,severity,prism,,False,False,False,
962,gradual,severity,severity_only,,False,False,False,
962,gradual,severity,external_only,,False,False,False,
962,gradual,severity,internal_only,,False,False,False,
962,gradual,severity,prism,,False,False,False,
963,gradual,severity,severity_only,,False,False,False,
963,gradual,severity,external_only,,False,False,False,
963,gradual,severity,internal_only,,False,False,False,
963,gradual,severity,prism,,False,False,False,
964,gradual,severity,severity_only,,False,False,False,
964,gradual,severity,external_only,,False,False,False,
964,gradual,severity,internal_only,,False,False,False,
964,gradual,severity,prism,28.0,True,False,False,-4.0
965,gradual,severity,severity_only,20.0,False,False,True,
965,gradual,severity,external_only,20.0,False,False,True,
965,gradual,severity,internal_only,20.0,False,False,True,
965,gradual,severity,prism,20.0,False,False,True,
966,gradual,severity,severity_only,,False,False,False,
966,gradual,severity,external_only,,False,False,False,
966,gradual,severity,internal_only,,False,False,False,
966,gradual,severity,prism,39.0,False,False,False,
967,gradual,severity,severity_only,,False,False,False,
967,gradual,severity,external_only,,False,False,False,
967,gradual,severity,internal_only,,False,False,False,
967,gradual,severity,prism,,False,False,False,
968,gradual,severity,severity_only,,False,False,False,
968,gradual,severity,external_only,28.0,True,False,False,-4.0
968,gradual,severity,internal_only,,False,False,False,
968,gradual,severity,prism,,False,False,False,
969,gradual,severity,severity_only,,False,False,False,
969,gradual,severity,external_only,,False,False,False,
969,gradual,severity,internal_only,30.0,True,False,False,-6.0
969,gradual,severity,prism,25.0,True,False,False,-1.0
970,gradual,severity,severity_only,,False,False,False,
970,gradual,severity,external_only,,False,False,False,
970,gradual,severity,internal_only,31.0,False,False,False,
970,gradual,severity,prism,22.0,True,True,False,2.0
971,gradual,severity,severity_only,,False,False,False,
971,gradual,severity,external_only,27.0,True,False,False,-3.0
971,gradual,severity,internal_only,,False,False,False,
971,gradual,severity,prism,39.0,False,False,False,
972,gradual,severity,severity_only,8.0,False,False,True,
972,gradual,severity,external_only,8.0,False,False,True,
972,gradual,severity,internal_only,8.0,False,False,True,
972,gradual,severity,prism,8.0,False,False,True,
973,gradual,severity,severity_only,,False,False,False,
973,gradual,severity,external_only,,False,False,False,
973,gradual,severity,internal_only,,False,False,False,
973,gradual,severity,prism,,False,False,False,
974,gradual,severity,severity_only,,False,False,False,
974,gradual,severity,external_only,,False,False,False,
974,gradual,severity,internal_only,,False,False,False,
974,gradual,severity,prism,,False,False,False,
975,gradual,severity,severity_only,,False,False,False,
975,gradual,severity,external_only,13.0,False,False,True,
975,gradual,severity,internal_only,,False,False,False,
975,gradual,severity,prism,13.0,False,False,True,
976,gradual,severity,severity_only,,False,False,False,
976,gradual,severity,external_only,,False,False,False,
976,gradual,severity,internal_only,,False,False,False,
976,gradual,severity,prism,,False,False,False,
977,gradual,severity,severity_only,,False,False,False,
977,gradual,severity,external_only,,False,False,False,
977,gradual,severity,internal_only,36.0,False,False,False,
977,gradual,severity,prism,25.0,True,False,False,-1.0
978,gradual,severity,severity_only,34.0,False,False,False,
978,gradual,severity,external_only,26.0,True,False,False,-2.0
978,gradual,severity,internal_only,,False,False,False,
978,gradual,severity,prism,26.0,True,False,False,-2.0
979,gradual,severity,severity_only,,False,False,False,
979,gradual,severity,external_only,,False,False,False,
979,gradual,severity,internal_only,,False,False,False,
979,gradual,severity,prism,30.0,True,False,False,-6.0
980,gradual,severity,severity_only,,False,False,False,
980,gradual,severity,external_only,27.0,True,False,False,-3.0
980,gradual,severity,internal_only,,False,False,False,
980,gradual,severity,prism,,False,False,False,
981,gradual,severity,severity_only,,False,False,False,
981,gradual,severity,external_only,,False,False,False,
981,gradual,severity,internal_only,,False,False,False,
981,gradual,severity,prism,,False,False,False,
982,gradual,severity,severity_only,,False,False,False,
982,gradual,severity,external_only,,False,False,False,
982,gradual,severity,internal_only,,False,False,False,
982,gradual,severity,prism,,False,False,False,
983,gradual,severity,severity_only,,False,False,False,
983,gradual,severity,external_only,,False,False,False,
983,gradual,severity,internal_only,35.0,False,False,False,
983,gradual,severity,prism,34.0,False,False,False,
984,gradual,severity,severity_only,,False,False,False,
984,gradual,severity,external_only,,False,False,False,
984,gradual,severity,internal_only,34.0,False,False,False,
984,gradual,severity,prism,21.0,False,False,False,
985,gradual,severity,severity_only,,False,False,False,
985,gradual,severity,external_only,29.0,True,False,False,-5.0
985,gradual,severity,internal_only,,False,False,False,
985,gradual,severity,prism,29.0,True,False,False,-5.0
986,gradual,severity,severity_only,,False,False,False,
986,gradual,severity,external_only,,False,False,False,
986,gradual,severity,internal_only,36.0,False,False,False,
986,gradual,severity,prism,29.0,True,False,False,-5.0
987,gradual,severity,severity_only,,False,False,False,
987,gradual,severity,external_only,,False,False,False,
987,gradual,severity,internal_only,,False,False,False,
987,gradual,severity,prism,26.0,True,False,False,-2.0
988,gradual,severity,severity_only,,False,False,False,
988,gradual,severity,external_only,,False,False,False,
988,gradual,severity,internal_only,,False,False,False,
988,gradual,severity,prism,35.0,False,False,False,
989,gradual,severity,severity_only,,False,False,False,
989,gradual,severity,external_only,,False,False,False,
989,gradual,severity,internal_only,,False,False,False,
989,gradual,severity,prism,,False,False,False,
990,gradual,severity,severity_only,,False,False,False,
990,gradual,severity,external_only,,False,False,False,
990,gradual,severity,internal_only,,False,False,False,
990,gradual,severity,prism,26.0,True,False,False,-2.0
991,gradual,severity,severity_only,,False,False,False,
991,gradual,severity,external_only,26.0,True,False,False,-2.0
991,gradual,severity,internal_only,30.0,True,False,False,-6.0
991,gradual,severity,prism,26.0,True,False,False,-2.0
992,gradual,severity,severity_only,,False,False,False,
992,gradual,severity,external_only,27.0,True,False,False,-3.0
992,gradual,severity,internal_only,34.0,False,False,False,
992,gradual,severity,prism,27.0,True,False,False,-3.0
993,gradual,severity,severity_only,,False,False,False,
993,gradual,severity,external_only,,False,False,False,
993,gradual,severity,internal_only,,False,False,False,
993,gradual,severity,prism,25.0,True,False,False,-1.0
994,gradual,severity,severity_only,,False,False,False,
994,gradual,severity,external_only,39.0,False,False,False,
994,gradual,severity,internal_only,39.0,False,False,False,
994,gradual,severity,prism,24.0,True,True,False,0.0
995,gradual,severity,severity_only,,False,False,False,
995,gradual,severity,external_only,26.0,True,False,False,-2.0
995,gradual,severity,internal_only,,False,False,False,
995,gradual,severity,prism,26.0,True,False,False,-2.0
996,gradual,severity,severity_only,,False,False,False,
996,gradual,severity,external_only,,False,False,False,
996,gradual,severity,internal_only,,False,False,False,
996,gradual,severity,prism,22.0,True,True,False,2.0
997,gradual,severity,severity_only,,False,False,False,
997,gradual,severity,external_only,,False,False,False,
997,gradual,severity,internal_only,,False,False,False,
997,gradual,severity,prism,,False,False,False,
998,gradual,severity,severity_only,31.0,False,False,False,
998,gradual,severity,external_only,31.0,False,False,False,
998,gradual,severity,internal_only,31.0,False,False,False,
998,gradual,severity,prism,31.0,False,False,False,
999,gradual,severity,severity_only,,False,False,False,
999,gradual,severity,external_only,,False,False,False,
999,gradual,severity,internal_only,,False,False,False,
999,gradual,severity,prism,27.0,True,False,False,-3.0
0,abrupt,frequency,severity_only,25.0,True,False,False,-1.0
0,abrupt,frequency,external_only,25.0,True,False,False,-1.0
0,abrupt,frequency,internal_only,25.0,True,False,False,-1.0
0,abrupt,frequency,prism,24.0,True,True,False,0.0
1,abrupt,frequency,severity_only,,False,False,False,
1,abrupt,frequency,external_only,24.0,True,True,False,0.0
1,abrupt,frequency,internal_only,24.0,True,True,False,0.0
1,abrupt,frequency,prism,24.0,True,True,False,0.0
2,abrupt,frequency,severity_only,,False,False,False,
2,abrupt,frequency,external_only,23.0,True,True,False,1.0
2,abrupt,frequency,internal_only,26.0,True,False,False,-2.0
2,abrupt,frequency,prism,22.0,True,True,False,2.0
3,abrupt,frequency,severity_only,25.0,True,False,False,-1.0
3,abrupt,frequency,external_only,25.0,True,False,False,-1.0
3,abrupt,frequency,internal_only,25.0,True,False,False,-1.0
3,abrupt,frequency,prism,25.0,True,False,False,-1.0
4,abrupt,frequency,severity_only,,False,False,False,
4,abrupt,frequency,external_only,,False,False,False,
4,abrupt,frequency,internal_only,32.0,False,False,False,
4,abrupt,frequency,prism,25.0,True,False,False,-1.0
5,abrupt,frequency,severity_only,,False,False,False,
5,abrupt,frequency,external_only,,False,False,False,
5,abrupt,frequency,internal_only,,False,False,False,
5,abrupt,frequency,prism,,False,False,False,
6,abrupt,frequency,severity_only,,False,False,False,
6,abrupt,frequency,external_only,,False,False,False,
6,abrupt,frequency,internal_only,24.0,True,True,False,0.0
6,abrupt,frequency,prism,24.0,True,True,False,0.0
7,abrupt,frequency,severity_only,25.0,True,False,False,-1.0
7,abrupt,frequency,external_only,25.0,True,False,False,-1.0
7,abrupt,frequency,internal_only,25.0,True,False,False,-1.0
7,abrupt,frequency,prism,25.0,True,False,False,-1.0
8,abrupt,frequency,severity_only,,False,False,False,
8,abrupt,frequency,external_only,24.0,True,True,False,0.0
8,abrupt,frequency,internal_only,24.0,True,True,False,0.0
8,abrupt,frequency,prism,24.0,True,True,False,0.0
9,abrupt,frequency,severity_only,26.0,True,False,False,-2.0
9,abrupt,frequency,external_only,26.0,True,False,False,-2.0
9,abrupt,frequency,internal_only,26.0,True,False,False,-2.0
9,abrupt,frequency,prism,26.0,True,False,False,-2.0
10,abrupt,frequency,severity_only,26.0,True,False,False,-2.0
10,abrupt,frequency,external_only,26.0,True,False,False,-2.0
10,abrupt,frequency,internal_only,26.0,True,False,False,-2.0
10,abrupt,frequency,prism,25.0,True,False,False,-1.0
11,abrupt,frequency,severity_only,,False,False,False,
11,abrupt,frequency,external_only,,False,False,False,
11,abrupt,frequency,internal_only,,False,False,False,
11,abrupt,frequency,prism,27.0,True,False,False,-3.0
12,abrupt,frequency,severity_only,26.0,True,False,False,-2.0
12,abrupt,frequency,external_only,26.0,True,False,False,-2.0
12,abrupt,frequency,internal_only,26.0,True,False,False,-2.0
12,abrupt,frequency,prism,26.0,True,False,False,-2.0
13,abrupt,frequency,severity_only,,False,False,False,
13,abrupt,frequency,external_only,25.0,True,False,False,-1.0
13,abrupt,frequency,internal_only,25.0,True,False,False,-1.0
13,abrupt,frequency,prism,25.0,True,False,False,-1.0
14,abrupt,frequency,severity_only,,False,False,False,
14,abrupt,frequency,external_only,26.0,True,False,False,-2.0
14,abrupt,frequency,internal_only,,False,False,False,
14,abrupt,frequency,prism,26.0,True,False,False,-2.0
15,abrupt,frequency,severity_only,27.0,True,False,False,-3.0
15,abrupt,frequency,external_only,26.0,True,False,False,-2.0
15,abrupt,frequency,internal_only,,False,False,False,
15,abrupt,frequency,prism,27.0,True,False,False,-3.0
16,abrupt,frequency,severity_only,,False,False,False,
16,abrupt,frequency,external_only,24.0,True,True,False,0.0
16,abrupt,frequency,internal_only,25.0,True,False,False,-1.0
16,abrupt,frequency,prism,24.0,True,True,False,0.0
17,abrupt,frequency,severity_only,,False,False,False,
17,abrupt,frequency,external_only,,False,False,False,
17,abrupt,frequency,internal_only,,False,False,False,
17,abrupt,frequency,prism,,False,False,False,
18,abrupt,frequency,severity_only,,False,False,False,
18,abrupt,frequency,external_only,,False,False,False,
18,abrupt,frequency,internal_only,,False,False,False,
18,abrupt,frequency,prism,,False,False,False,
19,abrupt,frequency,severity_only,24.0,True,True,False,0.0
19,abrupt,frequency,external_only,24.0,True,True,False,0.0
19,abrupt,frequency,internal_only,24.0,True,True,False,0.0
19,abrupt,frequency,prism,24.0,True,True,False,0.0
20,abrupt,frequency,severity_only,,False,False,False,
20,abrupt,frequency,external_only,,False,False,False,
20,abrupt,frequency,internal_only,20.0,False,False,True,
20,abrupt,frequency,prism,24.0,True,True,False,0.0
21,abrupt,frequency,severity_only,,False,False,False,
21,abrupt,frequency,external_only,,False,False,False,
21,abrupt,frequency,internal_only,,False,False,False,
21,abrupt,frequency,prism,,False,False,False,
22,abrupt,frequency,severity_only,26.0,True,False,False,-2.0
22,abrupt,frequency,external_only,26.0,True,False,False,-2.0
22,abrupt,frequency,internal_only,26.0,True,False,False,-2.0
22,abrupt,frequency,prism,26.0,True,False,False,-2.0
23,abrupt,frequency,severity_only,27.0,True,False,False,-3.0
23,abrupt,frequency,external_only,27.0,True,False,False,-3.0
23,abrupt,frequency,internal_only,27.0,True,False,False,-3.0
23,abrupt,frequency,prism,27.0,True,False,False,-3.0
24,abrupt,frequency,severity_only,,False,False,False,
24,abrupt,frequency,external_only,26.0,True,False,False,-2.0
24,abrupt,frequency,internal_only,,False,False,False,
24,abrupt,frequency,prism,26.0,True,False,False,-2.0
25,abrupt,frequency,severity_only,26.0,True,False,False,-2.0
25,abrupt,frequency,external_only,20.0,False,False,True,
25,abrupt,frequency,internal_only,26.0,True,False,False,-2.0
25,abrupt,frequency,prism,20.0,False,False,True,
26,abrupt,frequency,severity_only,,False,False,False,
26,abrupt,frequency,external_only,,False,False,False,
26,abrupt,frequency,internal_only,,False,False,False,
26,abrupt,frequency,prism,,False,False,False,
27,abrupt,frequency,severity_only,,False,False,False,
27,abrupt,frequency,external_only,7.0,False,False,True,
27,abrupt,frequency,internal_only,,False,False,False,
27,abrupt,frequency,prism,7.0,False,False,True,
28,abrupt,frequency,severity_only,,False,False,False,
28,abrupt,frequency,external_only,,False,False,False,
28,abrupt,frequency,internal_only,21.0,False,False,False,
28,abrupt,frequency,prism,21.0,False,False,False,
29,abrupt,frequency,severity_only,,False,False,False,
29,abrupt,frequency,external_only,25.0,True,False,False,-1.0
29,abrupt,frequency,internal_only,,False,False,False,
29,abrupt,frequency,prism,25.0,True,False,False,-1.0
30,abrupt,frequency,severity_only,,False,False,False,
30,abrupt,frequency,external_only,25.0,True,False,False,-1.0
30,abrupt,frequency,internal_only,25.0,True,False,False,-1.0
30,abrupt,frequency,prism,25.0,True,False,False,-1.0
31,abrupt,frequency,severity_only,,False,False,False,
31,abrupt,frequency,external_only,,False,False,False,
31,abrupt,frequency,internal_only,,False,False,False,
31,abrupt,frequency,prism,,False,False,False,
32,abrupt,frequency,severity_only,25.0,True,False,False,-1.0
32,abrupt,frequency,external_only,25.0,True,False,False,-1.0
32,abrupt,frequency,internal_only,25.0,True,False,False,-1.0
32,abrupt,frequency,prism,24.0,True,True,False,0.0
33,abrupt,frequency,severity_only,,False,False,False,
33,abrupt,frequency,external_only,,False,False,False,
33,abrupt,frequency,internal_only,27.0,True,False,False,-3.0
33,abrupt,frequency,prism,27.0,True,False,False,-3.0
34,abrupt,frequency,severity_only,,False,False,False,
34,abrupt,frequency,external_only,,False,False,False,
34,abrupt,frequency,internal_only,,False,False,False,
34,abrupt,frequency,prism,,False,False,False,
35,abrupt,frequency,severity_only,17.0,False,False,True,
35,abrupt,frequency,external_only,17.0,False,False,True,
35,abrupt,frequency,internal_only,17.0,False,False,True,
35,abrupt,frequency,prism,17.0,False,False,True,
36,abrupt,frequency,severity_only,,False,False,False,
36,abrupt,frequency,external_only,24.0,True,True,False,0.0
36,abrupt,frequency,internal_only,24.0,True,True,False,0.0
36,abrupt,frequency,prism,24.0,True,True,False,0.0
37,abrupt,frequency,severity_only,24.0,True,True,False,0.0
37,abrupt,frequency,external_only,24.0,True,True,False,0.0
37,abrupt,frequency,internal_only,24.0,True,True,False,0.0
37,abrupt,frequency,prism,24.0,True,True,False,0.0
38,abrupt,frequency,severity_only,,False,False,False,
38,abrupt,frequency,external_only,,False,False,False,
38,abrupt,frequency,internal_only,,False,False,False,
38,abrupt,frequency,prism,,False,False,False,
39,abrupt,frequency,severity_only,6.0,False,False,True,
39,abrupt,frequency,external_only,6.0,False,False,True,
39,abrupt,frequency,internal_only,6.0,False,False,True,
39,abrupt,frequency,prism,6.0,False,False,True,
40,abrupt,frequency,severity_only,,False,False,False,
40,abrupt,frequency,external_only,,False,False,False,
40,abrupt,frequency,internal_only,20.0,False,False,True,
40,abrupt,frequency,prism,20.0,False,False,True,
41,abrupt,frequency,severity_only,25.0,True,False,False,-1.0
41,abrupt,frequency,external_only,25.0,True,False,False,-1.0
41,abrupt,frequency,internal_only,25.0,True,False,False,-1.0
41,abrupt,frequency,prism,25.0,True,False,False,-1.0
42,abrupt,frequency,severity_only,26.0,True,False,False,-2.0
42,abrupt,frequency,external_only,25.0,True,False,False,-1.0
42,abrupt,frequency,internal_only,,False,False,False,
42,abrupt,frequency,prism,25.0,True,False,False,-1.0
43,abrupt,frequency,severity_only,,False,False,False,
43,abrupt,frequency,external_only,24.0,True,True,False,0.0
43,abrupt,frequency,internal_only,,False,False,False,
43,abrupt,frequency,prism,24.0,True,True,False,0.0
44,abrupt,frequency,severity_only,12.0,False,False,True,
44,abrupt,frequency,external_only,12.0,False,False,True,
44,abrupt,frequency,internal_only,12.0,False,False,True,
44,abrupt,frequency,prism,12.0,False,False,True,
45,abrupt,frequency,severity_only,26.0,True,False,False,-2.0
45,abrupt,frequency,external_only,25.0,True,False,False,-1.0
45,abrupt,frequency,internal_only,26.0,True,False,False,-2.0
45,abrupt,frequency,prism,25.0,True,False,False,-1.0
46,abrupt,frequency,severity_only,26.0,True,False,False,-2.0
46,abrupt,frequency,external_only,25.0,True,False,False,-1.0
46,abrupt,frequency,internal_only,,False,False,False,
46,abrupt,frequency,prism,,False,False,False,
47,abrupt,frequency,severity_only,24.0,True,True,False,0.0
47,abrupt,frequency,external_only,24.0,True,True,False,0.0
47,abrupt,frequency,internal_only,24.0,True,True,False,0.0
47,abrupt,frequency,prism,24.0,True,True,False,0.0
48,abrupt,frequency,severity_only,,False,False,False,
48,abrupt,frequency,external_only,,False,False,False,
48,abrupt,frequency,internal_only,,False,False,False,
48,abrupt,frequency,prism,28.0,True,False,False,-4.0
49,abrupt,frequency,severity_only,4.0,False,False,True,
49,abrupt,frequency,external_only,4.0,False,False,True,
49,abrupt,frequency,internal_only,4.0,False,False,True,
49,abrupt,frequency,prism,4.0,False,False,True,
50,abrupt,frequency,severity_only,,False,False,False,
50,abrupt,frequency,external_only,,False,False,False,
50,abrupt,frequency,internal_only,,False,False,False,
50,abrupt,frequency,prism,,False,False,False,
51,abrupt,frequency,severity_only,,False,False,False,
51,abrupt,frequency,external_only,,False,False,False,
51,abrupt,frequency,internal_only,,False,False,False,
51,abrupt,frequency,prism,26.0,True,False,False,-2.0
52,abrupt,frequency,severity_only,,False,False,False,
52,abrupt,frequency,external_only,25.0,True,False,False,-1.0
52,abrupt,frequency,internal_only,,False,False,False,
52,abrupt,frequency,prism,25.0,True,False,False,-1.0
53,abrupt,frequency,severity_only,25.0,True,False,False,-1.0
53,abrupt,frequency,external_only,25.0,True,False,False,-1.0
53,abrupt,frequency,internal_only,25.0,True,False,False,-1.0
53,abrupt,frequency,prism,25.0,True,False,False,-1.0
54,abrupt,frequency,severity_only,,False,False,False,
54,abrupt,frequency,external_only,,False,False,False,
54,abrupt,frequency,internal_only,,False,False,False,
54,abrupt,frequency,prism,27.0,True,False,False,-3.0
55,abrupt,frequency,severity_only,,False,False,False,
55,abrupt,frequency,external_only,26.0,True,False,False,-2.0
55,abrupt,frequency,internal_only,,False,False,False,
55,abrupt,frequency,prism,,False,False,False,
56,abrupt,frequency,severity_only,,False,False,False,
56,abrupt,frequency,external_only,25.0,True,False,False,-1.0
56,abrupt,frequency,internal_only,,False,False,False,
56,abrupt,frequency,prism,25.0,True,False,False,-1.0
57,abrupt,frequency,severity_only,25.0,True,False,False,-1.0
57,abrupt,frequency,external_only,25.0,True,False,False,-1.0
57,abrupt,frequency,internal_only,24.0,True,True,False,0.0
57,abrupt,frequency,prism,24.0,True,True,False,0.0
58,abrupt,frequency,severity_only,26.0,True,False,False,-2.0
58,abrupt,frequency,external_only,25.0,True,False,False,-1.0
58,abrupt,frequency,internal_only,25.0,True,False,False,-1.0
58,abrupt,frequency,prism,24.0,True,True,False,0.0
59,abrupt,frequency,severity_only,,False,False,False,
59,abrupt,frequency,external_only,25.0,True,False,False,-1.0
59,abrupt,frequency,internal_only,,False,False,False,
59,abrupt,frequency,prism,25.0,True,False,False,-1.0
60,abrupt,frequency,severity_only,,False,False,False,
60,abrupt,frequency,external_only,,False,False,False,
60,abrupt,frequency,internal_only,,False,False,False,
60,abrupt,frequency,prism,,False,False,False,
61,abrupt,frequency,severity_only,,False,False,False,
61,abrupt,frequency,external_only,,False,False,False,
61,abrupt,frequency,internal_only,,False,False,False,
61,abrupt,frequency,prism,,False,False,False,
62,abrupt,frequency,severity_only,,False,False,False,
62,abrupt,frequency,external_only,26.0,True,False,False,-2.0
62,abrupt,frequency,internal_only,,False,False,False,
62,abrupt,frequency,prism,,False,False,False,
63,abrupt,frequency,severity_only,,False,False,False,
63,abrupt,frequency,external_only,,False,False,False,
63,abrupt,frequency,internal_only,,False,False,False,
63,abrupt,frequency,prism,,False,False,False,
64,abrupt,frequency,severity_only,,False,False,False,
64,abrupt,frequency,external_only,,False,False,False,
64,abrupt,frequency,internal_only,,False,False,False,
64,abrupt,frequency,prism,,False,False,False,
65,abrupt,frequency,severity_only,25.0,True,False,False,-1.0
65,abrupt,frequency,external_only,25.0,True,False,False,-1.0
65,abrupt,frequency,internal_only,25.0,True,False,False,-1.0
65,abrupt,frequency,prism,25.0,True,False,False,-1.0
66,abrupt,frequency,severity_only,27.0,True,False,False,-3.0
66,abrupt,frequency,external_only,27.0,True,False,False,-3.0
66,abrupt,frequency,internal_only,27.0,True,False,False,-3.0
66,abrupt,frequency,prism,28.0,True,False,False,-4.0
67,abrupt,frequency,severity_only,,False,False,False,
67,abrupt,frequency,external_only,,False,False,False,
67,abrupt,frequency,internal_only,,False,False,False,
67,abrupt,frequency,prism,,False,False,False,
68,abrupt,frequency,severity_only,,False,False,False,
68,abrupt,frequency,external_only,27.0,True,False,False,-3.0
68,abrupt,frequency,internal_only,,False,False,False,
68,abrupt,frequency,prism,25.0,True,False,False,-1.0
69,abrupt,frequency,severity_only,,False,False,False,
69,abrupt,frequency,external_only,,False,False,False,
69,abrupt,frequency,internal_only,,False,False,False,
69,abrupt,frequency,prism,,False,False,False,
70,abrupt,frequency,severity_only,26.0,True,False,False,-2.0
70,abrupt,frequency,external_only,26.0,True,False,False,-2.0
70,abrupt,frequency,internal_only,26.0,True,False,False,-2.0
70,abrupt,frequency,prism,26.0,True,False,False,-2.0
71,abrupt,frequency,severity_only,,False,False,False,
71,abrupt,frequency,external_only,,False,False,False,
71,abrupt,frequency,internal_only,39.0,False,False,False,
71,abrupt,frequency,prism,25.0,True,False,False,-1.0
72,abrupt,frequency,severity_only,,False,False,False,
72,abrupt,frequency,external_only,8.0,False,False,True,
72,abrupt,frequency,internal_only,,False,False,False,
72,abrupt,frequency,prism,8.0,False,False,True,
73,abrupt,frequency,severity_only,,False,False,False,
73,abrupt,frequency,external_only,,False,False,False,
73,abrupt,frequency,internal_only,,False,False,False,
73,abrupt,frequency,prism,27.0,True,False,False,-3.0
74,abrupt,frequency,severity_only,27.0,True,False,False,-3.0
74,abrupt,frequency,external_only,26.0,True,False,False,-2.0
74,abrupt,frequency,internal_only,27.0,True,False,False,-3.0
74,abrupt,frequency,prism,26.0,True,False,False,-2.0
75,abrupt,frequency,severity_only,25.0,True,False,False,-1.0
75,abrupt,frequency,external_only,25.0,True,False,False,-1.0
75,abrupt,frequency,internal_only,25.0,True,False,False,-1.0
75,abrupt,frequency,prism,25.0,True,False,False,-1.0
76,abrupt,frequency,severity_only,,False,False,False,
76,abrupt,frequency,external_only,25.0,True,False,False,-1.0
76,abrupt,frequency,internal_only,25.0,True,False,False,-1.0
76,abrupt,frequency,prism,24.0,True,True,False,0.0
77,abrupt,frequency,severity_only,,False,False,False,
77,abrupt,frequency,external_only,26.0,True,False,False,-2.0
77,abrupt,frequency,internal_only,26.0,True,False,False,-2.0
77,abrupt,frequency,prism,25.0,True,False,False,-1.0
78,abrupt,frequency,severity_only,,False,False,False,
78,abrupt,frequency,external_only,25.0,True,False,False,-1.0
78,abrupt,frequency,internal_only,,False,False,False,
78,abrupt,frequency,prism,25.0,True,False,False,-1.0
79,abrupt,frequency,severity_only,,False,False,False,
79,abrupt,frequency,external_only,,False,False,False,
79,abrupt,frequency,internal_only,,False,False,False,
79,abrupt,frequency,prism,25.0,True,False,False,-1.0
80,abrupt,frequency,severity_only,25.0,True,False,False,-1.0
80,abrupt,frequency,external_only,25.0,True,False,False,-1.0
80,abrupt,frequency,internal_only,25.0,True,False,False,-1.0
80,abrupt,frequency,prism,24.0,True,True,False,0.0
81,abrupt,frequency,severity_only,,False,False,False,
81,abrupt,frequency,external_only,25.0,True,False,False,-1.0
81,abrupt,frequency,internal_only,,False,False,False,
81,abrupt,frequency,prism,25.0,True,False,False,-1.0
82,abrupt,frequency,severity_only,,False,False,False,
82,abrupt,frequency,external_only,,False,False,False,
82,abrupt,frequency,internal_only,,False,False,False,
82,abrupt,frequency,prism,,False,False,False,
83,abrupt,frequency,severity_only,25.0,True,False,False,-1.0
83,abrupt,frequency,external_only,24.0,True,True,False,0.0
83,abrupt,frequency,internal_only,25.0,True,False,False,-1.0
83,abrupt,frequency,prism,24.0,True,True,False,0.0
84,abrupt,frequency,severity_only,,False,False,False,
84,abrupt,frequency,external_only,,False,False,False,
84,abrupt,frequency,internal_only,,False,False,False,
84,abrupt,frequency,prism,28.0,True,False,False,-4.0
85,abrupt,frequency,severity_only,24.0,True,True,False,0.0
85,abrupt,frequency,external_only,24.0,True,True,False,0.0
85,abrupt,frequency,internal_only,24.0,True,True,False,0.0
85,abrupt,frequency,prism,24.0,True,True,False,0.0
86,abrupt,frequency,severity_only,26.0,True,False,False,-2.0
86,abrupt,frequency,external_only,26.0,True,False,False,-2.0
86,abrupt,frequency,internal_only,26.0,True,False,False,-2.0
86,abrupt,frequency,prism,26.0,True,False,False,-2.0
87,abrupt,frequency,severity_only,,False,False,False,
87,abrupt,frequency,external_only,,False,False,False,
87,abrupt,frequency,internal_only,,False,False,False,
87,abrupt,frequency,prism,,False,False,False,
88,abrupt,frequency,severity_only,,False,False,False,
88,abrupt,frequency,external_only,,False,False,False,
88,abrupt,frequency,internal_only,,False,False,False,
88,abrupt,frequency,prism,22.0,True,True,False,2.0
89,abrupt,frequency,severity_only,,False,False,False,
89,abrupt,frequency,external_only,26.0,True,False,False,-2.0
89,abrupt,frequency,internal_only,26.0,True,False,False,-2.0
89,abrupt,frequency,prism,25.0,True,False,False,-1.0
90,abrupt,frequency,severity_only,26.0,True,False,False,-2.0
90,abrupt,frequency,external_only,25.0,True,False,False,-1.0
90,abrupt,frequency,internal_only,25.0,True,False,False,-1.0
90,abrupt,frequency,prism,25.0,True,False,False,-1.0
91,abrupt,frequency,severity_only,,False,False,False,
91,abrupt,frequency,external_only,26.0,True,False,False,-2.0
91,abrupt,frequency,internal_only,,False,False,False,
91,abrupt,frequency,prism,26.0,True,False,False,-2.0
92,abrupt,frequency,severity_only,27.0,True,False,False,-3.0
92,abrupt,frequency,external_only,26.0,True,False,False,-2.0
92,abrupt,frequency,internal_only,27.0,True,False,False,-3.0
92,abrupt,frequency,prism,24.0,True,True,False,0.0
93,abrupt,frequency,severity_only,,False,False,False,
93,abrupt,frequency,external_only,,False,False,False,
93,abrupt,frequency,internal_only,,False,False,False,
93,abrupt,frequency,prism,24.0,True,True,False,0.0
94,abrupt,frequency,severity_only,,False,False,False,
94,abrupt,frequency,external_only,,False,False,False,
94,abrupt,frequency,internal_only,,False,False,False,
94,abrupt,frequency,prism,24.0,True,True,False,0.0
95,abrupt,frequency,severity_only,12.0,False,False,True,
95,abrupt,frequency,external_only,10.0,False,False,True,
95,abrupt,frequency,internal_only,12.0,False,False,True,
95,abrupt,frequency,prism,10.0,False,False,True,
96,abrupt,frequency,severity_only,26.0,True,False,False,-2.0
96,abrupt,frequency,external_only,26.0,True,False,False,-2.0
96,abrupt,frequency,internal_only,26.0,True,False,False,-2.0
96,abrupt,frequency,prism,26.0,True,False,False,-2.0
97,abrupt,frequency,severity_only,,False,False,False,
97,abrupt,frequency,external_only,,False,False,False,
97,abrupt,frequency,internal_only,,False,False,False,
97,abrupt,frequency,prism,18.0,False,False,True,
98,abrupt,frequency,severity_only,,False,False,False,
98,abrupt,frequency,external_only,25.0,True,False,False,-1.0
98,abrupt,frequency,internal_only,,False,False,False,
98,abrupt,frequency,prism,25.0,True,False,False,-1.0
99,abrupt,frequency,severity_only,26.0,True,False,False,-2.0
99,abrupt,frequency,external_only,26.0,True,False,False,-2.0
99,abrupt,frequency,internal_only,26.0,True,False,False,-2.0
99,abrupt,frequency,prism,26.0,True,False,False,-2.0
100,abrupt,frequency,severity_only,6.0,False,False,True,
100,abrupt,frequency,external_only,6.0,False,False,True,
100,abrupt,frequency,internal_only,6.0,False,False,True,
100,abrupt,frequency,prism,6.0,False,False,True,
101,abrupt,frequency,severity_only,,False,False,False,
101,abrupt,frequency,external_only,,False,False,False,
101,abrupt,frequency,internal_only,,False,False,False,
101,abrupt,frequency,prism,,False,False,False,
102,abrupt,frequency,severity_only,,False,False,False,
102,abrupt,frequency,external_only,,False,False,False,
102,abrupt,frequency,internal_only,,False,False,False,
102,abrupt,frequency,prism,,False,False,False,
103,abrupt,frequency,severity_only,,False,False,False,
103,abrupt,frequency,external_only,,False,False,False,
103,abrupt,frequency,internal_only,,False,False,False,
103,abrupt,frequency,prism,,False,False,False,
104,abrupt,frequency,severity_only,23.0,True,True,False,1.0
104,abrupt,frequency,external_only,23.0,True,True,False,1.0
104,abrupt,frequency,internal_only,23.0,True,True,False,1.0
104,abrupt,frequency,prism,23.0,True,True,False,1.0
105,abrupt,frequency,severity_only,,False,False,False,
105,abrupt,frequency,external_only,26.0,True,False,False,-2.0
105,abrupt,frequency,internal_only,28.0,True,False,False,-4.0
105,abrupt,frequency,prism,26.0,True,False,False,-2.0
106,abrupt,frequency,severity_only,24.0,True,True,False,0.0
106,abrupt,frequency,external_only,24.0,True,True,False,0.0
106,abrupt,frequency,internal_only,24.0,True,True,False,0.0
106,abrupt,frequency,prism,23.0,True,True,False,1.0
107,abrupt,frequency,severity_only,,False,False,False,
107,abrupt,frequency,external_only,,False,False,False,
107,abrupt,frequency,internal_only,,False,False,False,
107,abrupt,frequency,prism,,False,False,False,
108,abrupt,frequency,severity_only,22.0,True,True,False,2.0
108,abrupt,frequency,external_only,22.0,True,True,False,2.0
108,abrupt,frequency,internal_only,22.0,True,True,False,2.0
108,abrupt,frequency,prism,22.0,True,True,False,2.0
109,abrupt,frequency,severity_only,9.0,False,False,True,
109,abrupt,frequency,external_only,9.0,False,False,True,
109,abrupt,frequency,internal_only,9.0,False,False,True,
109,abrupt,frequency,prism,9.0,False,False,True,
110,abrupt,frequency,severity_only,7.0,False,False,True,
110,abrupt,frequency,external_only,30.0,True,False,False,-6.0
110,abrupt,frequency,internal_only,7.0,False,False,True,
110,abrupt,frequency,prism,25.0,True,False,False,-1.0
111,abrupt,frequency,severity_only,26.0,True,False,False,-2.0
111,abrupt,frequency,external_only,12.0,False,False,True,
111,abrupt,frequency,internal_only,26.0,True,False,False,-2.0
111,abrupt,frequency,prism,12.0,False,False,True,
112,abrupt,frequency,severity_only,26.0,True,False,False,-2.0
112,abrupt,frequency,external_only,25.0,True,False,False,-1.0
112,abrupt,frequency,internal_only,25.0,True,False,False,-1.0
112,abrupt,frequency,prism,25.0,True,False,False,-1.0
113,abrupt,frequency,severity_only,,False,False,False,
113,abrupt,frequency,external_only,26.0,True,False,False,-2.0
113,abrupt,frequency,internal_only,,False,False,False,
113,abrupt,frequency,prism,25.0,True,False,False,-1.0
114,abrupt,frequency,severity_only,,False,False,False,
114,abrupt,frequency,external_only,,False,False,False,
114,abrupt,frequency,internal_only,,False,False,False,
114,abrupt,frequency,prism,,False,False,False,
115,abrupt,frequency,severity_only,25.0,True,False,False,-1.0
115,abrupt,frequency,external_only,25.0,True,False,False,-1.0
115,abrupt,frequency,internal_only,25.0,True,False,False,-1.0
115,abrupt,frequency,prism,25.0,True,False,False,-1.0
116,abrupt,frequency,severity_only,,False,False,False,
116,abrupt,frequency,external_only,25.0,True,False,False,-1.0
116,abrupt,frequency,internal_only,24.0,True,True,False,0.0
116,abrupt,frequency,prism,24.0,True,True,False,0.0
117,abrupt,frequency,severity_only,26.0,True,False,False,-2.0
117,abrupt,frequency,external_only,26.0,True,False,False,-2.0
117,abrupt,frequency,internal_only,26.0,True,False,False,-2.0
117,abrupt,frequency,prism,26.0,True,False,False,-2.0
118,abrupt,frequency,severity_only,26.0,True,False,False,-2.0
118,abrupt,frequency,external_only,26.0,True,False,False,-2.0
118,abrupt,frequency,internal_only,26.0,True,False,False,-2.0
118,abrupt,frequency,prism,26.0,True,False,False,-2.0
119,abrupt,frequency,severity_only,,False,False,False,
119,abrupt,frequency,external_only,,False,False,False,
119,abrupt,frequency,internal_only,,False,False,False,
119,abrupt,frequency,prism,23.0,True,True,False,1.0
120,abrupt,frequency,severity_only,,False,False,False,
120,abrupt,frequency,external_only,,False,False,False,
120,abrupt,frequency,internal_only,,False,False,False,
120,abrupt,frequency,prism,26.0,True,False,False,-2.0
121,abrupt,frequency,severity_only,,False,False,False,
121,abrupt,frequency,external_only,25.0,True,False,False,-1.0
121,abrupt,frequency,internal_only,,False,False,False,
121,abrupt,frequency,prism,25.0,True,False,False,-1.0
122,abrupt,frequency,severity_only,,False,False,False,
122,abrupt,frequency,external_only,,False,False,False,
122,abrupt,frequency,internal_only,23.0,True,True,False,1.0
122,abrupt,frequency,prism,23.0,True,True,False,1.0
123,abrupt,frequency,severity_only,,False,False,False,
123,abrupt,frequency,external_only,25.0,True,False,False,-1.0
123,abrupt,frequency,internal_only,,False,False,False,
123,abrupt,frequency,prism,25.0,True,False,False,-1.0
124,abrupt,frequency,severity_only,,False,False,False,
124,abrupt,frequency,external_only,,False,False,False,
124,abrupt,frequency,internal_only,,False,False,False,
124,abrupt,frequency,prism,24.0,True,True,False,0.0
125,abrupt,frequency,severity_only,,False,False,False,
125,abrupt,frequency,external_only,,False,False,False,
125,abrupt,frequency,internal_only,,False,False,False,
125,abrupt,frequency,prism,25.0,True,False,False,-1.0
126,abrupt,frequency,severity_only,26.0,True,False,False,-2.0
126,abrupt,frequency,external_only,24.0,True,True,False,0.0
126,abrupt,frequency,internal_only,25.0,True,False,False,-1.0
126,abrupt,frequency,prism,24.0,True,True,False,0.0
127,abrupt,frequency,severity_only,,False,False,False,
127,abrupt,frequency,external_only,26.0,True,False,False,-2.0
127,abrupt,frequency,internal_only,,False,False,False,
127,abrupt,frequency,prism,26.0,True,False,False,-2.0
128,abrupt,frequency,severity_only,24.0,True,True,False,0.0
128,abrupt,frequency,external_only,24.0,True,True,False,0.0
128,abrupt,frequency,internal_only,24.0,True,True,False,0.0
128,abrupt,frequency,prism,23.0,True,True,False,1.0
129,abrupt,frequency,severity_only,,False,False,False,
129,abrupt,frequency,external_only,,False,False,False,
129,abrupt,frequency,internal_only,,False,False,False,
129,abrupt,frequency,prism,,False,False,False,
130,abrupt,frequency,severity_only,,False,False,False,
130,abrupt,frequency,external_only,,False,False,False,
130,abrupt,frequency,internal_only,,False,False,False,
130,abrupt,frequency,prism,,False,False,False,
131,abrupt,frequency,severity_only,,False,False,False,
131,abrupt,frequency,external_only,,False,False,False,
131,abrupt,frequency,internal_only,,False,False,False,
131,abrupt,frequency,prism,23.0,True,True,False,1.0
132,abrupt,frequency,severity_only,,False,False,False,
132,abrupt,frequency,external_only,22.0,True,True,False,2.0
132,abrupt,frequency,internal_only,,False,False,False,
132,abrupt,frequency,prism,22.0,True,True,False,2.0
133,abrupt,frequency,severity_only,,False,False,False,
133,abrupt,frequency,external_only,,False,False,False,
133,abrupt,frequency,internal_only,,False,False,False,
133,abrupt,frequency,prism,25.0,True,False,False,-1.0
134,abrupt,frequency,severity_only,,False,False,False,
134,abrupt,frequency,external_only,25.0,True,False,False,-1.0
134,abrupt,frequency,internal_only,,False,False,False,
134,abrupt,frequency,prism,25.0,True,False,False,-1.0
135,abrupt,frequency,severity_only,,False,False,False,
135,abrupt,frequency,external_only,29.0,True,False,False,-5.0
135,abrupt,frequency,internal_only,29.0,True,False,False,-5.0
135,abrupt,frequency,prism,29.0,True,False,False,-5.0
136,abrupt,frequency,severity_only,,False,False,False,
136,abrupt,frequency,external_only,24.0,True,True,False,0.0
136,abrupt,frequency,internal_only,24.0,True,True,False,0.0
136,abrupt,frequency,prism,23.0,True,True,False,1.0
137,abrupt,frequency,severity_only,25.0,True,False,False,-1.0
137,abrupt,frequency,external_only,24.0,True,True,False,0.0
137,abrupt,frequency,internal_only,25.0,True,False,False,-1.0
137,abrupt,frequency,prism,24.0,True,True,False,0.0
138,abrupt,frequency,severity_only,25.0,True,False,False,-1.0
138,abrupt,frequency,external_only,25.0,True,False,False,-1.0
138,abrupt,frequency,internal_only,25.0,True,False,False,-1.0
138,abrupt,frequency,prism,25.0,True,False,False,-1.0
139,abrupt,frequency,severity_only,,False,False,False,
139,abrupt,frequency,external_only,,False,False,False,
139,abrupt,frequency,internal_only,,False,False,False,
139,abrupt,frequency,prism,25.0,True,False,False,-1.0
140,abrupt,frequency,severity_only,26.0,True,False,False,-2.0
140,abrupt,frequency,external_only,25.0,True,False,False,-1.0
140,abrupt,frequency,internal_only,,False,False,False,
140,abrupt,frequency,prism,26.0,True,False,False,-2.0
141,abrupt,frequency,severity_only,25.0,True,False,False,-1.0
141,abrupt,frequency,external_only,6.0,False,False,True,
141,abrupt,frequency,internal_only,25.0,True,False,False,-1.0
141,abrupt,frequency,prism,6.0,False,False,True,
142,abrupt,frequency,severity_only,26.0,True,False,False,-2.0
142,abrupt,frequency,external_only,25.0,True,False,False,-1.0
142,abrupt,frequency,internal_only,26.0,True,False,False,-2.0
142,abrupt,frequency,prism,26.0,True,False,False,-2.0
143,abrupt,frequency,severity_only,26.0,True,False,False,-2.0
143,abrupt,frequency,external_only,26.0,True,False,False,-2.0
143,abrupt,frequency,internal_only,26.0,True,False,False,-2.0
143,abrupt,frequency,prism,26.0,True,False,False,-2.0
144,abrupt,frequency,severity_only,27.0,True,False,False,-3.0
144,abrupt,frequency,external_only,27.0,True,False,False,-3.0
144,abrupt,frequency,internal_only,27.0,True,False,False,-3.0
144,abrupt,frequency,prism,27.0,True,False,False,-3.0
145,abrupt,frequency,severity_only,25.0,True,False,False,-1.0
145,abrupt,frequency,external_only,25.0,True,False,False,-1.0
145,abrupt,frequency,internal_only,24.0,True,True,False,0.0
145,abrupt,frequency,prism,24.0,True,True,False,0.0
146,abrupt,frequency,severity_only,,False,False,False,
146,abrupt,frequency,external_only,26.0,True,False,False,-2.0
146,abrupt,frequency,internal_only,,False,False,False,
146,abrupt,frequency,prism,26.0,True,False,False,-2.0
147,abrupt,frequency,severity_only,,False,False,False,
147,abrupt,frequency,external_only,26.0,True,False,False,-2.0
147,abrupt,frequency,internal_only,,False,False,False,
147,abrupt,frequency,prism,,False,False,False,
148,abrupt,frequency,severity_only,,False,False,False,
148,abrupt,frequency,external_only,28.0,True,False,False,-4.0
148,abrupt,frequency,internal_only,,False,False,False,
148,abrupt,frequency,prism,,False,False,False,
149,abrupt,frequency,severity_only,,False,False,False,
149,abrupt,frequency,external_only,,False,False,False,
149,abrupt,frequency,internal_only,,False,False,False,
149,abrupt,frequency,prism,26.0,True,False,False,-2.0
150,abrupt,frequency,severity_only,,False,False,False,
150,abrupt,frequency,external_only,26.0,True,False,False,-2.0
150,abrupt,frequency,internal_only,,False,False,False,
150,abrupt,frequency,prism,,False,False,False,
151,abrupt,frequency,severity_only,27.0,True,False,False,-3.0
151,abrupt,frequency,external_only,26.0,True,False,False,-2.0
151,abrupt,frequency,internal_only,26.0,True,False,False,-2.0
151,abrupt,frequency,prism,26.0,True,False,False,-2.0
152,abrupt,frequency,severity_only,,False,False,False,
152,abrupt,frequency,external_only,26.0,True,False,False,-2.0
152,abrupt,frequency,internal_only,26.0,True,False,False,-2.0
152,abrupt,frequency,prism,25.0,True,False,False,-1.0
153,abrupt,frequency,severity_only,25.0,True,False,False,-1.0
153,abrupt,frequency,external_only,25.0,True,False,False,-1.0
153,abrupt,frequency,internal_only,25.0,True,False,False,-1.0
153,abrupt,frequency,prism,25.0,True,False,False,-1.0
154,abrupt,frequency,severity_only,,False,False,False,
154,abrupt,frequency,external_only,26.0,True,False,False,-2.0
154,abrupt,frequency,internal_only,,False,False,False,
154,abrupt,frequency,prism,26.0,True,False,False,-2.0
155,abrupt,frequency,severity_only,,False,False,False,
155,abrupt,frequency,external_only,,False,False,False,
155,abrupt,frequency,internal_only,,False,False,False,
155,abrupt,frequency,prism,,False,False,False,
156,abrupt,frequency,severity_only,,False,False,False,
156,abrupt,frequency,external_only,,False,False,False,
156,abrupt,frequency,internal_only,,False,False,False,
156,abrupt,frequency,prism,25.0,True,False,False,-1.0
157,abrupt,frequency,severity_only,,False,False,False,
157,abrupt,frequency,external_only,21.0,False,False,False,
157,abrupt,frequency,internal_only,21.0,False,False,False,
157,abrupt,frequency,prism,20.0,False,False,True,
158,abrupt,frequency,severity_only,25.0,True,False,False,-1.0
158,abrupt,frequency,external_only,24.0,True,True,False,0.0
158,abrupt,frequency,internal_only,25.0,True,False,False,-1.0
158,abrupt,frequency,prism,24.0,True,True,False,0.0
159,abrupt,frequency,severity_only,,False,False,False,
159,abrupt,frequency,external_only,,False,False,False,
159,abrupt,frequency,internal_only,,False,False,False,
159,abrupt,frequency,prism,,False,False,False,
160,abrupt,frequency,severity_only,,False,False,False,
160,abrupt,frequency,external_only,,False,False,False,
160,abrupt,frequency,internal_only,,False,False,False,
160,abrupt,frequency,prism,25.0,True,False,False,-1.0
161,abrupt,frequency,severity_only,,False,False,False,
161,abrupt,frequency,external_only,26.0,True,False,False,-2.0
161,abrupt,frequency,internal_only,,False,False,False,
161,abrupt,frequency,prism,26.0,True,False,False,-2.0
162,abrupt,frequency,severity_only,25.0,True,False,False,-1.0
162,abrupt,frequency,external_only,25.0,True,False,False,-1.0
162,abrupt,frequency,internal_only,20.0,False,False,True,
162,abrupt,frequency,prism,20.0,False,False,True,
163,abrupt,frequency,severity_only,25.0,True,False,False,-1.0
163,abrupt,frequency,external_only,25.0,True,False,False,-1.0
163,abrupt,frequency,internal_only,25.0,True,False,False,-1.0
163,abrupt,frequency,prism,25.0,True,False,False,-1.0
164,abrupt,frequency,severity_only,,False,False,False,
164,abrupt,frequency,external_only,,False,False,False,
164,abrupt,frequency,internal_only,27.0,True,False,False,-3.0
164,abrupt,frequency,prism,27.0,True,False,False,-3.0
165,abrupt,frequency,severity_only,,False,False,False,
165,abrupt,frequency,external_only,,False,False,False,
165,abrupt,frequency,internal_only,,False,False,False,
165,abrupt,frequency,prism,,False,False,False,
166,abrupt,frequency,severity_only,,False,False,False,
166,abrupt,frequency,external_only,,False,False,False,
166,abrupt,frequency,internal_only,,False,False,False,
166,abrupt,frequency,prism,25.0,True,False,False,-1.0
167,abrupt,frequency,severity_only,,False,False,False,
167,abrupt,frequency,external_only,,False,False,False,
167,abrupt,frequency,internal_only,,False,False,False,
167,abrupt,frequency,prism,,False,False,False,
168,abrupt,frequency,severity_only,9.0,False,False,True,
168,abrupt,frequency,external_only,8.0,False,False,True,
168,abrupt,frequency,internal_only,9.0,False,False,True,
168,abrupt,frequency,prism,8.0,False,False,True,
169,abrupt,frequency,severity_only,6.0,False,False,True,
169,abrupt,frequency,external_only,6.0,False,False,True,
169,abrupt,frequency,internal_only,6.0,False,False,True,
169,abrupt,frequency,prism,6.0,False,False,True,
170,abrupt,frequency,severity_only,13.0,False,False,True,
170,abrupt,frequency,external_only,,False,False,False,
170,abrupt,frequency,internal_only,13.0,False,False,True,
170,abrupt,frequency,prism,18.0,False,False,True,
171,abrupt,frequency,severity_only,,False,False,False,
171,abrupt,frequency,external_only,25.0,True,False,False,-1.0
171,abrupt,frequency,internal_only,23.0,True,True,False,1.0
171,abrupt,frequency,prism,23.0,True,True,False,1.0
172,abrupt,frequency,severity_only,25.0,True,False,False,-1.0
172,abrupt,frequency,external_only,25.0,True,False,False,-1.0
172,abrupt,frequency,internal_only,25.0,True,False,False,-1.0
172,abrupt,frequency,prism,25.0,True,False,False,-1.0
173,abrupt,frequency,severity_only,,False,False,False,
173,abrupt,frequency,external_only,26.0,True,False,False,-2.0
173,abrupt,frequency,internal_only,,False,False,False,
173,abrupt,frequency,prism,26.0,True,False,False,-2.0
174,abrupt,frequency,severity_only,,False,False,False,
174,abrupt,frequency,external_only,25.0,True,False,False,-1.0
174,abrupt,frequency,internal_only,,False,False,False,
174,abrupt,frequency,prism,25.0,True,False,False,-1.0
175,abrupt,frequency,severity_only,,False,False,False,
175,abrupt,frequency,external_only,,False,False,False,
175,abrupt,frequency,internal_only,,False,False,False,
175,abrupt,frequency,prism,,False,False,False,
176,abrupt,frequency,severity_only,,False,False,False,
176,abrupt,frequency,external_only,25.0,True,False,False,-1.0
176,abrupt,frequency,internal_only,,False,False,False,
176,abrupt,frequency,prism,25.0,True,False,False,-1.0
177,abrupt,frequency,severity_only,4.0,False,False,True,
177,abrupt,frequency,external_only,4.0,False,False,True,
177,abrupt,frequency,internal_only,4.0,False,False,True,
177,abrupt,frequency,prism,4.0,False,False,True,
178,abrupt,frequency,severity_only,25.0,True,False,False,-1.0
178,abrupt,frequency,external_only,25.0,True,False,False,-1.0
178,abrupt,frequency,internal_only,25.0,True,False,False,-1.0
178,abrupt,frequency,prism,25.0,True,False,False,-1.0
179,abrupt,frequency,severity_only,27.0,True,False,False,-3.0
179,abrupt,frequency,external_only,26.0,True,False,False,-2.0
179,abrupt,frequency,internal_only,26.0,True,False,False,-2.0
179,abrupt,frequency,prism,26.0,True,False,False,-2.0
180,abrupt,frequency,severity_only,,False,False,False,
180,abrupt,frequency,external_only,24.0,True,True,False,0.0
180,abrupt,frequency,internal_only,,False,False,False,
180,abrupt,frequency,prism,24.0,True,True,False,0.0
181,abrupt,frequency,severity_only,27.0,True,False,False,-3.0
181,abrupt,frequency,external_only,27.0,True,False,False,-3.0
181,abrupt,frequency,internal_only,27.0,True,False,False,-3.0
181,abrupt,frequency,prism,27.0,True,False,False,-3.0
182,abrupt,frequency,severity_only,5.0,False,False,True,
182,abrupt,frequency,external_only,4.0,False,False,True,
182,abrupt,frequency,internal_only,5.0,False,False,True,
182,abrupt,frequency,prism,4.0,False,False,True,
183,abrupt,frequency,severity_only,,False,False,False,
183,abrupt,frequency,external_only,,False,False,False,
183,abrupt,frequency,internal_only,,False,False,False,
183,abrupt,frequency,prism,,False,False,False,
184,abrupt,frequency,severity_only,,False,False,False,
184,abrupt,frequency,external_only,,False,False,False,
184,abrupt,frequency,internal_only,,False,False,False,
184,abrupt,frequency,prism,24.0,True,True,False,0.0
185,abrupt,frequency,severity_only,,False,False,False,
185,abrupt,frequency,external_only,,False,False,False,
185,abrupt,frequency,internal_only,35.0,False,False,False,
185,abrupt,frequency,prism,25.0,True,False,False,-1.0
186,abrupt,frequency,severity_only,,False,False,False,
186,abrupt,frequency,external_only,25.0,True,False,False,-1.0
186,abrupt,frequency,internal_only,,False,False,False,
186,abrupt,frequency,prism,25.0,True,False,False,-1.0
187,abrupt,frequency,severity_only,,False,False,False,
187,abrupt,frequency,external_only,,False,False,False,
187,abrupt,frequency,internal_only,,False,False,False,
187,abrupt,frequency,prism,,False,False,False,
188,abrupt,frequency,severity_only,25.0,True,False,False,-1.0
188,abrupt,frequency,external_only,24.0,True,True,False,0.0
188,abrupt,frequency,internal_only,25.0,True,False,False,-1.0
188,abrupt,frequency,prism,25.0,True,False,False,-1.0
189,abrupt,frequency,severity_only,26.0,True,False,False,-2.0
189,abrupt,frequency,external_only,25.0,True,False,False,-1.0
189,abrupt,frequency,internal_only,26.0,True,False,False,-2.0
189,abrupt,frequency,prism,26.0,True,False,False,-2.0
190,abrupt,frequency,severity_only,,False,False,False,
190,abrupt,frequency,external_only,,False,False,False,
190,abrupt,frequency,internal_only,,False,False,False,
190,abrupt,frequency,prism,,False,False,False,
191,abrupt,frequency,severity_only,25.0,True,False,False,-1.0
191,abrupt,frequency,external_only,25.0,True,False,False,-1.0
191,abrupt,frequency,internal_only,26.0,True,False,False,-2.0
191,abrupt,frequency,prism,25.0,True,False,False,-1.0
192,abrupt,frequency,severity_only,29.0,True,False,False,-5.0
192,abrupt,frequency,external_only,28.0,True,False,False,-4.0
192,abrupt,frequency,internal_only,29.0,True,False,False,-5.0
192,abrupt,frequency,prism,28.0,True,False,False,-4.0
193,abrupt,frequency,severity_only,,False,False,False,
193,abrupt,frequency,external_only,,False,False,False,
193,abrupt,frequency,internal_only,,False,False,False,
193,abrupt,frequency,prism,25.0,True,False,False,-1.0
194,abrupt,frequency,severity_only,,False,False,False,
194,abrupt,frequency,external_only,25.0,True,False,False,-1.0
194,abrupt,frequency,internal_only,30.0,True,False,False,-6.0
194,abrupt,frequency,prism,26.0,True,False,False,-2.0
195,abrupt,frequency,severity_only,,False,False,False,
195,abrupt,frequency,external_only,26.0,True,False,False,-2.0
195,abrupt,frequency,internal_only,26.0,True,False,False,-2.0
195,abrupt,frequency,prism,25.0,True,False,False,-1.0
196,abrupt,frequency,severity_only,26.0,True,False,False,-2.0
196,abrupt,frequency,external_only,25.0,True,False,False,-1.0
196,abrupt,frequency,internal_only,26.0,True,False,False,-2.0
196,abrupt,frequency,prism,25.0,True,False,False,-1.0
197,abrupt,frequency,severity_only,,False,False,False,
197,abrupt,frequency,external_only,,False,False,False,
197,abrupt,frequency,internal_only,,False,False,False,
197,abrupt,frequency,prism,24.0,True,True,False,0.0
198,abrupt,frequency,severity_only,25.0,True,False,False,-1.0
198,abrupt,frequency,external_only,24.0,True,True,False,0.0
198,abrupt,frequency,internal_only,25.0,True,False,False,-1.0
198,abrupt,frequency,prism,24.0,True,True,False,0.0
199,abrupt,frequency,severity_only,,False,False,False,
199,abrupt,frequency,external_only,,False,False,False,
199,abrupt,frequency,internal_only,,False,False,False,
199,abrupt,frequency,prism,,False,False,False,
200,abrupt,frequency,severity_only,,False,False,False,
200,abrupt,frequency,external_only,,False,False,False,
200,abrupt,frequency,internal_only,24.0,True,True,False,0.0
200,abrupt,frequency,prism,24.0,True,True,False,0.0
201,abrupt,frequency,severity_only,26.0,True,False,False,-2.0
201,abrupt,frequency,external_only,26.0,True,False,False,-2.0
201,abrupt,frequency,internal_only,26.0,True,False,False,-2.0
201,abrupt,frequency,prism,26.0,True,False,False,-2.0
202,abrupt,frequency,severity_only,24.0,True,True,False,0.0
202,abrupt,frequency,external_only,24.0,True,True,False,0.0
202,abrupt,frequency,internal_only,24.0,True,True,False,0.0
202,abrupt,frequency,prism,24.0,True,True,False,0.0
203,abrupt,frequency,severity_only,,False,False,False,
203,abrupt,frequency,external_only,,False,False,False,
203,abrupt,frequency,internal_only,,False,False,False,
203,abrupt,frequency,prism,,False,False,False,
204,abrupt,frequency,severity_only,25.0,True,False,False,-1.0
204,abrupt,frequency,external_only,25.0,True,False,False,-1.0
204,abrupt,frequency,internal_only,,False,False,False,
204,abrupt,frequency,prism,25.0,True,False,False,-1.0
205,abrupt,frequency,severity_only,,False,False,False,
205,abrupt,frequency,external_only,,False,False,False,
205,abrupt,frequency,internal_only,,False,False,False,
205,abrupt,frequency,prism,,False,False,False,
206,abrupt,frequency,severity_only,26.0,True,False,False,-2.0
206,abrupt,frequency,external_only,25.0,True,False,False,-1.0
206,abrupt,frequency,internal_only,25.0,True,False,False,-1.0
206,abrupt,frequency,prism,25.0,True,False,False,-1.0
207,abrupt,frequency,severity_only,,False,False,False,
207,abrupt,frequency,external_only,16.0,False,False,True,
207,abrupt,frequency,internal_only,,False,False,False,
207,abrupt,frequency,prism,16.0,False,False,True,
208,abrupt,frequency,severity_only,26.0,True,False,False,-2.0
208,abrupt,frequency,external_only,26.0,True,False,False,-2.0
208,abrupt,frequency,internal_only,26.0,True,False,False,-2.0
208,abrupt,frequency,prism,25.0,True,False,False,-1.0
209,abrupt,frequency,severity_only,,False,False,False,
209,abrupt,frequency,external_only,,False,False,False,
209,abrupt,frequency,internal_only,36.0,False,False,False,
209,abrupt,frequency,prism,23.0,True,True,False,1.0
210,abrupt,frequency,severity_only,18.0,False,False,True,
210,abrupt,frequency,external_only,18.0,False,False,True,
210,abrupt,frequency,internal_only,18.0,False,False,True,
210,abrupt,frequency,prism,18.0,False,False,True,
211,abrupt,frequency,severity_only,,False,False,False,
211,abrupt,frequency,external_only,16.0,False,False,True,
211,abrupt,frequency,internal_only,,False,False,False,
211,abrupt,frequency,prism,16.0,False,False,True,
212,abrupt,frequency,severity_only,25.0,True,False,False,-1.0
212,abrupt,frequency,external_only,25.0,True,False,False,-1.0
212,abrupt,frequency,internal_only,25.0,True,False,False,-1.0
212,abrupt,frequency,prism,25.0,True,False,False,-1.0
213,abrupt,frequency,severity_only,,False,False,False,
213,abrupt,frequency,external_only,,False,False,False,
213,abrupt,frequency,internal_only,,False,False,False,
213,abrupt,frequency,prism,,False,False,False,
214,abrupt,frequency,severity_only,,False,False,False,
214,abrupt,frequency,external_only,,False,False,False,
214,abrupt,frequency,internal_only,38.0,False,False,False,
214,abrupt,frequency,prism,25.0,True,False,False,-1.0
215,abrupt,frequency,severity_only,,False,False,False,
215,abrupt,frequency,external_only,,False,False,False,
215,abrupt,frequency,internal_only,,False,False,False,
215,abrupt,frequency,prism,,False,False,False,
216,abrupt,frequency,severity_only,25.0,True,False,False,-1.0
216,abrupt,frequency,external_only,24.0,True,True,False,0.0
216,abrupt,frequency,internal_only,,False,False,False,
216,abrupt,frequency,prism,24.0,True,True,False,0.0
217,abrupt,frequency,severity_only,,False,False,False,
217,abrupt,frequency,external_only,29.0,True,False,False,-5.0
217,abrupt,frequency,internal_only,,False,False,False,
217,abrupt,frequency,prism,29.0,True,False,False,-5.0
218,abrupt,frequency,severity_only,25.0,True,False,False,-1.0
218,abrupt,frequency,external_only,25.0,True,False,False,-1.0
218,abrupt,frequency,internal_only,25.0,True,False,False,-1.0
218,abrupt,frequency,prism,25.0,True,False,False,-1.0
219,abrupt,frequency,severity_only,,False,False,False,
219,abrupt,frequency,external_only,,False,False,False,
219,abrupt,frequency,internal_only,26.0,True,False,False,-2.0
219,abrupt,frequency,prism,25.0,True,False,False,-1.0
220,abrupt,frequency,severity_only,26.0,True,False,False,-2.0
220,abrupt,frequency,external_only,25.0,True,False,False,-1.0
220,abrupt,frequency,internal_only,,False,False,False,
220,abrupt,frequency,prism,26.0,True,False,False,-2.0
221,abrupt,frequency,severity_only,,False,False,False,
221,abrupt,frequency,external_only,26.0,True,False,False,-2.0
221,abrupt,frequency,internal_only,,False,False,False,
221,abrupt,frequency,prism,26.0,True,False,False,-2.0
222,abrupt,frequency,severity_only,13.0,False,False,True,
222,abrupt,frequency,external_only,13.0,False,False,True,
222,abrupt,frequency,internal_only,13.0,False,False,True,
222,abrupt,frequency,prism,13.0,False,False,True,
223,abrupt,frequency,severity_only,25.0,True,False,False,-1.0
223,abrupt,frequency,external_only,25.0,True,False,False,-1.0
223,abrupt,frequency,internal_only,26.0,True,False,False,-2.0
223,abrupt,frequency,prism,25.0,True,False,False,-1.0
224,abrupt,frequency,severity_only,,False,False,False,
224,abrupt,frequency,external_only,,False,False,False,
224,abrupt,frequency,internal_only,,False,False,False,
224,abrupt,frequency,prism,25.0,True,False,False,-1.0
225,abrupt,frequency,severity_only,,False,False,False,
225,abrupt,frequency,external_only,26.0,True,False,False,-2.0
225,abrupt,frequency,internal_only,,False,False,False,
225,abrupt,frequency,prism,26.0,True,False,False,-2.0
226,abrupt,frequency,severity_only,,False,False,False,
226,abrupt,frequency,external_only,,False,False,False,
226,abrupt,frequency,internal_only,,False,False,False,
226,abrupt,frequency,prism,,False,False,False,
227,abrupt,frequency,severity_only,,False,False,False,
227,abrupt,frequency,external_only,,False,False,False,
227,abrupt,frequency,internal_only,,False,False,False,
227,abrupt,frequency,prism,25.0,True,False,False,-1.0
228,abrupt,frequency,severity_only,,False,False,False,
228,abrupt,frequency,external_only,25.0,True,False,False,-1.0
228,abrupt,frequency,internal_only,,False,False,False,
228,abrupt,frequency,prism,,False,False,False,
229,abrupt,frequency,severity_only,25.0,True,False,False,-1.0
229,abrupt,frequency,external_only,26.0,True,False,False,-2.0
229,abrupt,frequency,internal_only,26.0,True,False,False,-2.0
229,abrupt,frequency,prism,26.0,True,False,False,-2.0
230,abrupt,frequency,severity_only,25.0,True,False,False,-1.0
230,abrupt,frequency,external_only,25.0,True,False,False,-1.0
230,abrupt,frequency,internal_only,25.0,True,False,False,-1.0
230,abrupt,frequency,prism,25.0,True,False,False,-1.0
231,abrupt,frequency,severity_only,25.0,True,False,False,-1.0
231,abrupt,frequency,external_only,25.0,True,False,False,-1.0
231,abrupt,frequency,internal_only,25.0,True,False,False,-1.0
231,abrupt,frequency,prism,25.0,True,False,False,-1.0
232,abrupt,frequency,severity_only,,False,False,False,
232,abrupt,frequency,external_only,,False,False,False,
232,abrupt,frequency,internal_only,,False,False,False,
232,abrupt,frequency,prism,25.0,True,False,False,-1.0
233,abrupt,frequency,severity_only,25.0,True,False,False,-1.0
233,abrupt,frequency,external_only,25.0,True,False,False,-1.0
233,abrupt,frequency,internal_only,,False,False,False,
233,abrupt,frequency,prism,25.0,True,False,False,-1.0
234,abrupt,frequency,severity_only,,False,False,False,
234,abrupt,frequency,external_only,,False,False,False,
234,abrupt,frequency,internal_only,20.0,False,False,True,
234,abrupt,frequency,prism,20.0,False,False,True,
235,abrupt,frequency,severity_only,,False,False,False,
235,abrupt,frequency,external_only,,False,False,False,
235,abrupt,frequency,internal_only,,False,False,False,
235,abrupt,frequency,prism,,False,False,False,
236,abrupt,frequency,severity_only,,False,False,False,
236,abrupt,frequency,external_only,25.0,True,False,False,-1.0
236,abrupt,frequency,internal_only,19.0,False,False,True,
236,abrupt,frequency,prism,19.0,False,False,True,
237,abrupt,frequency,severity_only,,False,False,False,
237,abrupt,frequency,external_only,24.0,True,True,False,0.0
237,abrupt,frequency,internal_only,,False,False,False,
237,abrupt,frequency,prism,24.0,True,True,False,0.0
238,abrupt,frequency,severity_only,24.0,True,True,False,0.0
238,abrupt,frequency,external_only,24.0,True,True,False,0.0
238,abrupt,frequency,internal_only,24.0,True,True,False,0.0
238,abrupt,frequency,prism,24.0,True,True,False,0.0
239,abrupt,frequency,severity_only,,False,False,False,
239,abrupt,frequency,external_only,11.0,False,False,True,
239,abrupt,frequency,internal_only,34.0,False,False,False,
239,abrupt,frequency,prism,11.0,False,False,True,
240,abrupt,frequency,severity_only,,False,False,False,
240,abrupt,frequency,external_only,25.0,True,False,False,-1.0
240,abrupt,frequency,internal_only,,False,False,False,
240,abrupt,frequency,prism,25.0,True,False,False,-1.0
241,abrupt,frequency,severity_only,,False,False,False,
241,abrupt,frequency,external_only,24.0,True,True,False,0.0
241,abrupt,frequency,internal_only,25.0,True,False,False,-1.0
241,abrupt,frequency,prism,24.0,True,True,False,0.0
242,abrupt,frequency,severity_only,,False,False,False,
242,abrupt,frequency,external_only,24.0,True,True,False,0.0
242,abrupt,frequency,internal_only,,False,False,False,
242,abrupt,frequency,prism,24.0,True,True,False,0.0
243,abrupt,frequency,severity_only,,False,False,False,
243,abrupt,frequency,external_only,,False,False,False,
243,abrupt,frequency,internal_only,,False,False,False,
243,abrupt,frequency,prism,,False,False,False,
244,abrupt,frequency,severity_only,,False,False,False,
244,abrupt,frequency,external_only,26.0,True,False,False,-2.0
244,abrupt,frequency,internal_only,,False,False,False,
244,abrupt,frequency,prism,,False,False,False,
245,abrupt,frequency,severity_only,,False,False,False,
245,abrupt,frequency,external_only,,False,False,False,
245,abrupt,frequency,internal_only,,False,False,False,
245,abrupt,frequency,prism,,False,False,False,
246,abrupt,frequency,severity_only,,False,False,False,
246,abrupt,frequency,external_only,,False,False,False,
246,abrupt,frequency,internal_only,,False,False,False,
246,abrupt,frequency,prism,,False,False,False,
247,abrupt,frequency,severity_only,,False,False,False,
247,abrupt,frequency,external_only,,False,False,False,
247,abrupt,frequency,internal_only,,False,False,False,
247,abrupt,frequency,prism,35.0,False,False,False,
248,abrupt,frequency,severity_only,24.0,True,True,False,0.0
248,abrupt,frequency,external_only,24.0,True,True,False,0.0
248,abrupt,frequency,internal_only,24.0,True,True,False,0.0
248,abrupt,frequency,prism,24.0,True,True,False,0.0
249,abrupt,frequency,severity_only,,False,False,False,
249,abrupt,frequency,external_only,22.0,True,True,False,2.0
249,abrupt,frequency,internal_only,,False,False,False,
249,abrupt,frequency,prism,22.0,True,True,False,2.0
250,abrupt,frequency,severity_only,,False,False,False,
250,abrupt,frequency,external_only,,False,False,False,
250,abrupt,frequency,internal_only,26.0,True,False,False,-2.0
250,abrupt,frequency,prism,26.0,True,False,False,-2.0
251,abrupt,frequency,severity_only,,False,False,False,
251,abrupt,frequency,external_only,,False,False,False,
251,abrupt,frequency,internal_only,,False,False,False,
251,abrupt,frequency,prism,,False,False,False,
252,abrupt,frequency,severity_only,23.0,True,True,False,1.0
252,abrupt,frequency,external_only,23.0,True,True,False,1.0
252,abrupt,frequency,internal_only,23.0,True,True,False,1.0
252,abrupt,frequency,prism,23.0,True,True,False,1.0
253,abrupt,frequency,severity_only,,False,False,False,
253,abrupt,frequency,external_only,,False,False,False,
253,abrupt,frequency,internal_only,,False,False,False,
253,abrupt,frequency,prism,27.0,True,False,False,-3.0
254,abrupt,frequency,severity_only,26.0,True,False,False,-2.0
254,abrupt,frequency,external_only,26.0,True,False,False,-2.0
254,abrupt,frequency,internal_only,26.0,True,False,False,-2.0
254,abrupt,frequency,prism,26.0,True,False,False,-2.0
255,abrupt,frequency,severity_only,28.0,True,False,False,-4.0
255,abrupt,frequency,external_only,26.0,True,False,False,-2.0
255,abrupt,frequency,internal_only,27.0,True,False,False,-3.0
255,abrupt,frequency,prism,27.0,True,False,False,-3.0
256,abrupt,frequency,severity_only,,False,False,False,
256,abrupt,frequency,external_only,,False,False,False,
256,abrupt,frequency,internal_only,,False,False,False,
256,abrupt,frequency,prism,25.0,True,False,False,-1.0
257,abrupt,frequency,severity_only,,False,False,False,
257,abrupt,frequency,external_only,,False,False,False,
257,abrupt,frequency,internal_only,28.0,True,False,False,-4.0
257,abrupt,frequency,prism,26.0,True,False,False,-2.0
258,abrupt,frequency,severity_only,,False,False,False,
258,abrupt,frequency,external_only,23.0,True,True,False,1.0
258,abrupt,frequency,internal_only,20.0,False,False,True,
258,abrupt,frequency,prism,27.0,True,False,False,-3.0
259,abrupt,frequency,severity_only,26.0,True,False,False,-2.0
259,abrupt,frequency,external_only,25.0,True,False,False,-1.0
259,abrupt,frequency,internal_only,25.0,True,False,False,-1.0
259,abrupt,frequency,prism,25.0,True,False,False,-1.0
260,abrupt,frequency,severity_only,25.0,True,False,False,-1.0
260,abrupt,frequency,external_only,25.0,True,False,False,-1.0
260,abrupt,frequency,internal_only,25.0,True,False,False,-1.0
260,abrupt,frequency,prism,25.0,True,False,False,-1.0
261,abrupt,frequency,severity_only,,False,False,False,
261,abrupt,frequency,external_only,,False,False,False,
261,abrupt,frequency,internal_only,,False,False,False,
261,abrupt,frequency,prism,,False,False,False,
262,abrupt,frequency,severity_only,,False,False,False,
262,abrupt,frequency,external_only,,False,False,False,
262,abrupt,frequency,internal_only,,False,False,False,
262,abrupt,frequency,prism,26.0,True,False,False,-2.0
263,abrupt,frequency,severity_only,,False,False,False,
263,abrupt,frequency,external_only,25.0,True,False,False,-1.0
263,abrupt,frequency,internal_only,,False,False,False,
263,abrupt,frequency,prism,25.0,True,False,False,-1.0
264,abrupt,frequency,severity_only,,False,False,False,
264,abrupt,frequency,external_only,13.0,False,False,True,
264,abrupt,frequency,internal_only,,False,False,False,
264,abrupt,frequency,prism,13.0,False,False,True,
265,abrupt,frequency,severity_only,,False,False,False,
265,abrupt,frequency,external_only,4.0,False,False,True,
265,abrupt,frequency,internal_only,,False,False,False,
265,abrupt,frequency,prism,4.0,False,False,True,
266,abrupt,frequency,severity_only,25.0,True,False,False,-1.0
266,abrupt,frequency,external_only,5.0,False,False,True,
266,abrupt,frequency,internal_only,25.0,True,False,False,-1.0
266,abrupt,frequency,prism,5.0,False,False,True,
267,abrupt,frequency,severity_only,,False,False,False,
267,abrupt,frequency,external_only,24.0,True,True,False,0.0
267,abrupt,frequency,internal_only,24.0,True,True,False,0.0
267,abrupt,frequency,prism,24.0,True,True,False,0.0
268,abrupt,frequency,severity_only,25.0,True,False,False,-1.0
268,abrupt,frequency,external_only,25.0,True,False,False,-1.0
268,abrupt,frequency,internal_only,25.0,True,False,False,-1.0
268,abrupt,frequency,prism,25.0,True,False,False,-1.0
269,abrupt,frequency,severity_only,,False,False,False,
269,abrupt,frequency,external_only,,False,False,False,
269,abrupt,frequency,internal_only,,False,False,False,
269,abrupt,frequency,prism,24.0,True,True,False,0.0
270,abrupt,frequency,severity_only,,False,False,False,
270,abrupt,frequency,external_only,,False,False,False,
270,abrupt,frequency,internal_only,36.0,False,False,False,
270,abrupt,frequency,prism,22.0,True,True,False,2.0
271,abrupt,frequency,severity_only,,False,False,False,
271,abrupt,frequency,external_only,24.0,True,True,False,0.0
271,abrupt,frequency,internal_only,36.0,False,False,False,
271,abrupt,frequency,prism,24.0,True,True,False,0.0
272,abrupt,frequency,severity_only,25.0,True,False,False,-1.0
272,abrupt,frequency,external_only,24.0,True,True,False,0.0
272,abrupt,frequency,internal_only,25.0,True,False,False,-1.0
272,abrupt,frequency,prism,24.0,True,True,False,0.0
273,abrupt,frequency,severity_only,,False,False,False,
273,abrupt,frequency,external_only,13.0,False,False,True,
273,abrupt,frequency,internal_only,26.0,True,False,False,-2.0
273,abrupt,frequency,prism,13.0,False,False,True,
274,abrupt,frequency,severity_only,,False,False,False,
274,abrupt,frequency,external_only,,False,False,False,
274,abrupt,frequency,internal_only,,False,False,False,
274,abrupt,frequency,prism,25.0,True,False,False,-1.0
275,abrupt,frequency,severity_only,,False,False,False,
275,abrupt,frequency,external_only,,False,False,False,
275,abrupt,frequency,internal_only,,False,False,False,
275,abrupt,frequency,prism,27.0,True,False,False,-3.0
276,abrupt,frequency,severity_only,,False,False,False,
276,abrupt,frequency,external_only,,False,False,False,
276,abrupt,frequency,internal_only,,False,False,False,
276,abrupt,frequency,prism,,False,False,False,
277,abrupt,frequency,severity_only,,False,False,False,
277,abrupt,frequency,external_only,25.0,True,False,False,-1.0
277,abrupt,frequency,internal_only,,False,False,False,
277,abrupt,frequency,prism,25.0,True,False,False,-1.0
278,abrupt,frequency,severity_only,,False,False,False,
278,abrupt,frequency,external_only,,False,False,False,
278,abrupt,frequency,internal_only,,False,False,False,
278,abrupt,frequency,prism,,False,False,False,
279,abrupt,frequency,severity_only,,False,False,False,
279,abrupt,frequency,external_only,26.0,True,False,False,-2.0
279,abrupt,frequency,internal_only,,False,False,False,
279,abrupt,frequency,prism,,False,False,False,
280,abrupt,frequency,severity_only,25.0,True,False,False,-1.0
280,abrupt,frequency,external_only,24.0,True,True,False,0.0
280,abrupt,frequency,internal_only,25.0,True,False,False,-1.0
280,abrupt,frequency,prism,25.0,True,False,False,-1.0
281,abrupt,frequency,severity_only,,False,False,False,
281,abrupt,frequency,external_only,,False,False,False,
281,abrupt,frequency,internal_only,,False,False,False,
281,abrupt,frequency,prism,25.0,True,False,False,-1.0
282,abrupt,frequency,severity_only,26.0,True,False,False,-2.0
282,abrupt,frequency,external_only,24.0,True,True,False,0.0
282,abrupt,frequency,internal_only,26.0,True,False,False,-2.0
282,abrupt,frequency,prism,24.0,True,True,False,0.0
283,abrupt,frequency,severity_only,,False,False,False,
283,abrupt,frequency,external_only,,False,False,False,
283,abrupt,frequency,internal_only,,False,False,False,
283,abrupt,frequency,prism,25.0,True,False,False,-1.0
284,abrupt,frequency,severity_only,,False,False,False,
284,abrupt,frequency,external_only,8.0,False,False,True,
284,abrupt,frequency,internal_only,34.0,False,False,False,
284,abrupt,frequency,prism,8.0,False,False,True,
285,abrupt,frequency,severity_only,20.0,False,False,True,
285,abrupt,frequency,external_only,20.0,False,False,True,
285,abrupt,frequency,internal_only,20.0,False,False,True,
285,abrupt,frequency,prism,20.0,False,False,True,
286,abrupt,frequency,severity_only,,False,False,False,
286,abrupt,frequency,external_only,,False,False,False,
286,abrupt,frequency,internal_only,,False,False,False,
286,abrupt,frequency,prism,,False,False,False,
287,abrupt,frequency,severity_only,,False,False,False,
287,abrupt,frequency,external_only,,False,False,False,
287,abrupt,frequency,internal_only,,False,False,False,
287,abrupt,frequency,prism,28.0,True,False,False,-4.0
288,abrupt,frequency,severity_only,,False,False,False,
288,abrupt,frequency,external_only,,False,False,False,
288,abrupt,frequency,internal_only,,False,False,False,
288,abrupt,frequency,prism,,False,False,False,
289,abrupt,frequency,severity_only,20.0,False,False,True,
289,abrupt,frequency,external_only,20.0,False,False,True,
289,abrupt,frequency,internal_only,20.0,False,False,True,
289,abrupt,frequency,prism,20.0,False,False,True,
290,abrupt,frequency,severity_only,,False,False,False,
290,abrupt,frequency,external_only,26.0,True,False,False,-2.0
290,abrupt,frequency,internal_only,,False,False,False,
290,abrupt,frequency,prism,25.0,True,False,False,-1.0
291,abrupt,frequency,severity_only,25.0,True,False,False,-1.0
291,abrupt,frequency,external_only,24.0,True,True,False,0.0
291,abrupt,frequency,internal_only,25.0,True,False,False,-1.0
291,abrupt,frequency,prism,24.0,True,True,False,0.0
292,abrupt,frequency,severity_only,,False,False,False,
292,abrupt,frequency,external_only,26.0,True,False,False,-2.0
292,abrupt,frequency,internal_only,35.0,False,False,False,
292,abrupt,frequency,prism,25.0,True,False,False,-1.0
293,abrupt,frequency,severity_only,,False,False,False,
293,abrupt,frequency,external_only,,False,False,False,
293,abrupt,frequency,internal_only,,False,False,False,
293,abrupt,frequency,prism,25.0,True,False,False,-1.0
294,abrupt,frequency,severity_only,8.0,False,False,True,
294,abrupt,frequency,external_only,8.0,False,False,True,
294,abrupt,frequency,internal_only,8.0,False,False,True,
294,abrupt,frequency,prism,8.0,False,False,True,
295,abrupt,frequency,severity_only,,False,False,False,
295,abrupt,frequency,external_only,24.0,True,True,False,0.0
295,abrupt,frequency,internal_only,25.0,True,False,False,-1.0
295,abrupt,frequency,prism,24.0,True,True,False,0.0
296,abrupt,frequency,severity_only,25.0,True,False,False,-1.0
296,abrupt,frequency,external_only,24.0,True,True,False,0.0
296,abrupt,frequency,internal_only,25.0,True,False,False,-1.0
296,abrupt,frequency,prism,24.0,True,True,False,0.0
297,abrupt,frequency,severity_only,,False,False,False,
297,abrupt,frequency,external_only,25.0,True,False,False,-1.0
297,abrupt,frequency,internal_only,,False,False,False,
297,abrupt,frequency,prism,25.0,True,False,False,-1.0
298,abrupt,frequency,severity_only,,False,False,False,
298,abrupt,frequency,external_only,,False,False,False,
298,abrupt,frequency,internal_only,,False,False,False,
298,abrupt,frequency,prism,,False,False,False,
299,abrupt,frequency,severity_only,,False,False,False,
299,abrupt,frequency,external_only,,False,False,False,
299,abrupt,frequency,internal_only,,False,False,False,
299,abrupt,frequency,prism,,False,False,False,
300,abrupt,frequency,severity_only,26.0,True,False,False,-2.0
300,abrupt,frequency,external_only,25.0,True,False,False,-1.0
300,abrupt,frequency,internal_only,25.0,True,False,False,-1.0
300,abrupt,frequency,prism,25.0,True,False,False,-1.0
301,abrupt,frequency,severity_only,,False,False,False,
301,abrupt,frequency,external_only,24.0,True,True,False,0.0
301,abrupt,frequency,internal_only,,False,False,False,
301,abrupt,frequency,prism,24.0,True,True,False,0.0
302,abrupt,frequency,severity_only,26.0,True,False,False,-2.0
302,abrupt,frequency,external_only,24.0,True,True,False,0.0
302,abrupt,frequency,internal_only,26.0,True,False,False,-2.0
302,abrupt,frequency,prism,24.0,True,True,False,0.0
303,abrupt,frequency,severity_only,,False,False,False,
303,abrupt,frequency,external_only,,False,False,False,
303,abrupt,frequency,internal_only,,False,False,False,
303,abrupt,frequency,prism,25.0,True,False,False,-1.0
304,abrupt,frequency,severity_only,,False,False,False,
304,abrupt,frequency,external_only,,False,False,False,
304,abrupt,frequency,internal_only,,False,False,False,
304,abrupt,frequency,prism,,False,False,False,
305,abrupt,frequency,severity_only,26.0,True,False,False,-2.0
305,abrupt,frequency,external_only,25.0,True,False,False,-1.0
305,abrupt,frequency,internal_only,26.0,True,False,False,-2.0
305,abrupt,frequency,prism,26.0,True,False,False,-2.0
306,abrupt,frequency,severity_only,25.0,True,False,False,-1.0
306,abrupt,frequency,external_only,24.0,True,True,False,0.0
306,abrupt,frequency,internal_only,24.0,True,True,False,0.0
306,abrupt,frequency,prism,24.0,True,True,False,0.0
307,abrupt,frequency,severity_only,,False,False,False,
307,abrupt,frequency,external_only,,False,False,False,
307,abrupt,frequency,internal_only,,False,False,False,
307,abrupt,frequency,prism,,False,False,False,
308,abrupt,frequency,severity_only,,False,False,False,
308,abrupt,frequency,external_only,,False,False,False,
308,abrupt,frequency,internal_only,,False,False,False,
308,abrupt,frequency,prism,,False,False,False,
309,abrupt,frequency,severity_only,,False,False,False,
309,abrupt,frequency,external_only,,False,False,False,
309,abrupt,frequency,internal_only,,False,False,False,
309,abrupt,frequency,prism,,False,False,False,
310,abrupt,frequency,severity_only,26.0,True,False,False,-2.0
310,abrupt,frequency,external_only,26.0,True,False,False,-2.0
310,abrupt,frequency,internal_only,26.0,True,False,False,-2.0
310,abrupt,frequency,prism,23.0,True,True,False,1.0
311,abrupt,frequency,severity_only,26.0,True,False,False,-2.0
311,abrupt,frequency,external_only,25.0,True,False,False,-1.0
311,abrupt,frequency,internal_only,27.0,True,False,False,-3.0
311,abrupt,frequency,prism,26.0,True,False,False,-2.0
312,abrupt,frequency,severity_only,,False,False,False,
312,abrupt,frequency,external_only,27.0,True,False,False,-3.0
312,abrupt,frequency,internal_only,,False,False,False,
312,abrupt,frequency,prism,,False,False,False,
313,abrupt,frequency,severity_only,,False,False,False,
313,abrupt,frequency,external_only,27.0,True,False,False,-3.0
313,abrupt,frequency,internal_only,27.0,True,False,False,-3.0
313,abrupt,frequency,prism,26.0,True,False,False,-2.0
314,abrupt,frequency,severity_only,12.0,False,False,True,
314,abrupt,frequency,external_only,,False,False,False,
314,abrupt,frequency,internal_only,12.0,False,False,True,
314,abrupt,frequency,prism,,False,False,False,
315,abrupt,frequency,severity_only,25.0,True,False,False,-1.0
315,abrupt,frequency,external_only,25.0,True,False,False,-1.0
315,abrupt,frequency,internal_only,25.0,True,False,False,-1.0
315,abrupt,frequency,prism,25.0,True,False,False,-1.0
316,abrupt,frequency,severity_only,28.0,True,False,False,-4.0
316,abrupt,frequency,external_only,22.0,True,True,False,2.0
316,abrupt,frequency,internal_only,28.0,True,False,False,-4.0
316,abrupt,frequency,prism,27.0,True,False,False,-3.0
317,abrupt,frequency,severity_only,26.0,True,False,False,-2.0
317,abrupt,frequency,external_only,25.0,True,False,False,-1.0
317,abrupt,frequency,internal_only,26.0,True,False,False,-2.0
317,abrupt,frequency,prism,26.0,True,False,False,-2.0
318,abrupt,frequency,severity_only,,False,False,False,
318,abrupt,frequency,external_only,,False,False,False,
318,abrupt,frequency,internal_only,,False,False,False,
318,abrupt,frequency,prism,,False,False,False,
319,abrupt,frequency,severity_only,,False,False,False,
319,abrupt,frequency,external_only,28.0,True,False,False,-4.0
319,abrupt,frequency,internal_only,,False,False,False,
319,abrupt,frequency,prism,,False,False,False,
320,abrupt,frequency,severity_only,25.0,True,False,False,-1.0
320,abrupt,frequency,external_only,25.0,True,False,False,-1.0
320,abrupt,frequency,internal_only,25.0,True,False,False,-1.0
320,abrupt,frequency,prism,25.0,True,False,False,-1.0
321,abrupt,frequency,severity_only,25.0,True,False,False,-1.0
321,abrupt,frequency,external_only,25.0,True,False,False,-1.0
321,abrupt,frequency,internal_only,25.0,True,False,False,-1.0
321,abrupt,frequency,prism,25.0,True,False,False,-1.0
322,abrupt,frequency,severity_only,25.0,True,False,False,-1.0
322,abrupt,frequency,external_only,24.0,True,True,False,0.0
322,abrupt,frequency,internal_only,,False,False,False,
322,abrupt,frequency,prism,,False,False,False,
323,abrupt,frequency,severity_only,,False,False,False,
323,abrupt,frequency,external_only,,False,False,False,
323,abrupt,frequency,internal_only,,False,False,False,
323,abrupt,frequency,prism,,False,False,False,
324,abrupt,frequency,severity_only,,False,False,False,
324,abrupt,frequency,external_only,,False,False,False,
324,abrupt,frequency,internal_only,,False,False,False,
324,abrupt,frequency,prism,,False,False,False,
325,abrupt,frequency,severity_only,,False,False,False,
325,abrupt,frequency,external_only,27.0,True,False,False,-3.0
325,abrupt,frequency,internal_only,,False,False,False,
325,abrupt,frequency,prism,27.0,True,False,False,-3.0
326,abrupt,frequency,severity_only,25.0,True,False,False,-1.0
326,abrupt,frequency,external_only,25.0,True,False,False,-1.0
326,abrupt,frequency,internal_only,25.0,True,False,False,-1.0
326,abrupt,frequency,prism,25.0,True,False,False,-1.0
327,abrupt,frequency,severity_only,26.0,True,False,False,-2.0
327,abrupt,frequency,external_only,26.0,True,False,False,-2.0
327,abrupt,frequency,internal_only,26.0,True,False,False,-2.0
327,abrupt,frequency,prism,25.0,True,False,False,-1.0
328,abrupt,frequency,severity_only,,False,False,False,
328,abrupt,frequency,external_only,,False,False,False,
328,abrupt,frequency,internal_only,,False,False,False,
328,abrupt,frequency,prism,,False,False,False,
329,abrupt,frequency,severity_only,,False,False,False,
329,abrupt,frequency,external_only,,False,False,False,
329,abrupt,frequency,internal_only,,False,False,False,
329,abrupt,frequency,prism,26.0,True,False,False,-2.0
330,abrupt,frequency,severity_only,26.0,True,False,False,-2.0
330,abrupt,frequency,external_only,26.0,True,False,False,-2.0
330,abrupt,frequency,internal_only,26.0,True,False,False,-2.0
330,abrupt,frequency,prism,26.0,True,False,False,-2.0
331,abrupt,frequency,severity_only,,False,False,False,
331,abrupt,frequency,external_only,,False,False,False,
331,abrupt,frequency,internal_only,,False,False,False,
331,abrupt,frequency,prism,26.0,True,False,False,-2.0
332,abrupt,frequency,severity_only,,False,False,False,
332,abrupt,frequency,external_only,,False,False,False,
332,abrupt,frequency,internal_only,,False,False,False,
332,abrupt,frequency,prism,,False,False,False,
333,abrupt,frequency,severity_only,26.0,True,False,False,-2.0
333,abrupt,frequency,external_only,26.0,True,False,False,-2.0
333,abrupt,frequency,internal_only,,False,False,False,
333,abrupt,frequency,prism,26.0,True,False,False,-2.0
334,abrupt,frequency,severity_only,26.0,True,False,False,-2.0
334,abrupt,frequency,external_only,26.0,True,False,False,-2.0
334,abrupt,frequency,internal_only,26.0,True,False,False,-2.0
334,abrupt,frequency,prism,25.0,True,False,False,-1.0
335,abrupt,frequency,severity_only,25.0,True,False,False,-1.0
335,abrupt,frequency,external_only,25.0,True,False,False,-1.0
335,abrupt,frequency,internal_only,25.0,True,False,False,-1.0
335,abrupt,frequency,prism,25.0,True,False,False,-1.0
336,abrupt,frequency,severity_only,,False,False,False,
336,abrupt,frequency,external_only,24.0,True,True,False,0.0
336,abrupt,frequency,internal_only,,False,False,False,
336,abrupt,frequency,prism,24.0,True,True,False,0.0
337,abrupt,frequency,severity_only,26.0,True,False,False,-2.0
337,abrupt,frequency,external_only,26.0,True,False,False,-2.0
337,abrupt,frequency,internal_only,26.0,True,False,False,-2.0
337,abrupt,frequency,prism,26.0,True,False,False,-2.0
338,abrupt,frequency,severity_only,25.0,True,False,False,-1.0
338,abrupt,frequency,external_only,25.0,True,False,False,-1.0
338,abrupt,frequency,internal_only,25.0,True,False,False,-1.0
338,abrupt,frequency,prism,25.0,True,False,False,-1.0
339,abrupt,frequency,severity_only,25.0,True,False,False,-1.0
339,abrupt,frequency,external_only,25.0,True,False,False,-1.0
339,abrupt,frequency,internal_only,25.0,True,False,False,-1.0
339,abrupt,frequency,prism,25.0,True,False,False,-1.0
340,abrupt,frequency,severity_only,,False,False,False,
340,abrupt,frequency,external_only,27.0,True,False,False,-3.0
340,abrupt,frequency,internal_only,26.0,True,False,False,-2.0
340,abrupt,frequency,prism,26.0,True,False,False,-2.0
341,abrupt,frequency,severity_only,,False,False,False,
341,abrupt,frequency,external_only,,False,False,False,
341,abrupt,frequency,internal_only,,False,False,False,
341,abrupt,frequency,prism,26.0,True,False,False,-2.0
342,abrupt,frequency,severity_only,25.0,True,False,False,-1.0
342,abrupt,frequency,external_only,25.0,True,False,False,-1.0
342,abrupt,frequency,internal_only,25.0,True,False,False,-1.0
342,abrupt,frequency,prism,25.0,True,False,False,-1.0
343,abrupt,frequency,severity_only,,False,False,False,
343,abrupt,frequency,external_only,25.0,True,False,False,-1.0
343,abrupt,frequency,internal_only,25.0,True,False,False,-1.0
343,abrupt,frequency,prism,25.0,True,False,False,-1.0
344,abrupt,frequency,severity_only,,False,False,False,
344,abrupt,frequency,external_only,25.0,True,False,False,-1.0
344,abrupt,frequency,internal_only,25.0,True,False,False,-1.0
344,abrupt,frequency,prism,24.0,True,True,False,0.0
345,abrupt,frequency,severity_only,,False,False,False,
345,abrupt,frequency,external_only,,False,False,False,
345,abrupt,frequency,internal_only,,False,False,False,
345,abrupt,frequency,prism,,False,False,False,
346,abrupt,frequency,severity_only,,False,False,False,
346,abrupt,frequency,external_only,,False,False,False,
346,abrupt,frequency,internal_only,,False,False,False,
346,abrupt,frequency,prism,,False,False,False,
347,abrupt,frequency,severity_only,,False,False,False,
347,abrupt,frequency,external_only,10.0,False,False,True,
347,abrupt,frequency,internal_only,,False,False,False,
347,abrupt,frequency,prism,10.0,False,False,True,
348,abrupt,frequency,severity_only,25.0,True,False,False,-1.0
348,abrupt,frequency,external_only,25.0,True,False,False,-1.0
348,abrupt,frequency,internal_only,,False,False,False,
348,abrupt,frequency,prism,25.0,True,False,False,-1.0
349,abrupt,frequency,severity_only,24.0,True,True,False,0.0
349,abrupt,frequency,external_only,24.0,True,True,False,0.0
349,abrupt,frequency,internal_only,24.0,True,True,False,0.0
349,abrupt,frequency,prism,24.0,True,True,False,0.0
350,abrupt,frequency,severity_only,25.0,True,False,False,-1.0
350,abrupt,frequency,external_only,25.0,True,False,False,-1.0
350,abrupt,frequency,internal_only,25.0,True,False,False,-1.0
350,abrupt,frequency,prism,23.0,True,True,False,1.0
351,abrupt,frequency,severity_only,25.0,True,False,False,-1.0
351,abrupt,frequency,external_only,5.0,False,False,True,
351,abrupt,frequency,internal_only,25.0,True,False,False,-1.0
351,abrupt,frequency,prism,5.0,False,False,True,
352,abrupt,frequency,severity_only,13.0,False,False,True,
352,abrupt,frequency,external_only,13.0,False,False,True,
352,abrupt,frequency,internal_only,13.0,False,False,True,
352,abrupt,frequency,prism,13.0,False,False,True,
353,abrupt,frequency,severity_only,26.0,True,False,False,-2.0
353,abrupt,frequency,external_only,26.0,True,False,False,-2.0
353,abrupt,frequency,internal_only,26.0,True,False,False,-2.0
353,abrupt,frequency,prism,26.0,True,False,False,-2.0
354,abrupt,frequency,severity_only,,False,False,False,
354,abrupt,frequency,external_only,,False,False,False,
354,abrupt,frequency,internal_only,,False,False,False,
354,abrupt,frequency,prism,38.0,False,False,False,
355,abrupt,frequency,severity_only,,False,False,False,
355,abrupt,frequency,external_only,20.0,False,False,True,
355,abrupt,frequency,internal_only,,False,False,False,
355,abrupt,frequency,prism,,False,False,False,
356,abrupt,frequency,severity_only,,False,False,False,
356,abrupt,frequency,external_only,,False,False,False,
356,abrupt,frequency,internal_only,29.0,True,False,False,-5.0
356,abrupt,frequency,prism,25.0,True,False,False,-1.0
357,abrupt,frequency,severity_only,,False,False,False,
357,abrupt,frequency,external_only,27.0,True,False,False,-3.0
357,abrupt,frequency,internal_only,,False,False,False,
357,abrupt,frequency,prism,27.0,True,False,False,-3.0
358,abrupt,frequency,severity_only,,False,False,False,
358,abrupt,frequency,external_only,,False,False,False,
358,abrupt,frequency,internal_only,,False,False,False,
358,abrupt,frequency,prism,24.0,True,True,False,0.0
359,abrupt,frequency,severity_only,25.0,True,False,False,-1.0
359,abrupt,frequency,external_only,24.0,True,True,False,0.0
359,abrupt,frequency,internal_only,25.0,True,False,False,-1.0
359,abrupt,frequency,prism,24.0,True,True,False,0.0
360,abrupt,frequency,severity_only,,False,False,False,
360,abrupt,frequency,external_only,26.0,True,False,False,-2.0
360,abrupt,frequency,internal_only,26.0,True,False,False,-2.0
360,abrupt,frequency,prism,23.0,True,True,False,1.0
361,abrupt,frequency,severity_only,26.0,True,False,False,-2.0
361,abrupt,frequency,external_only,25.0,True,False,False,-1.0
361,abrupt,frequency,internal_only,25.0,True,False,False,-1.0
361,abrupt,frequency,prism,25.0,True,False,False,-1.0
362,abrupt,frequency,severity_only,,False,False,False,
362,abrupt,frequency,external_only,,False,False,False,
362,abrupt,frequency,internal_only,26.0,True,False,False,-2.0
362,abrupt,frequency,prism,26.0,True,False,False,-2.0
363,abrupt,frequency,severity_only,,False,False,False,
363,abrupt,frequency,external_only,,False,False,False,
363,abrupt,frequency,internal_only,,False,False,False,
363,abrupt,frequency,prism,24.0,True,True,False,0.0
364,abrupt,frequency,severity_only,,False,False,False,
364,abrupt,frequency,external_only,25.0,True,False,False,-1.0
364,abrupt,frequency,internal_only,,False,False,False,
364,abrupt,frequency,prism,,False,False,False,
365,abrupt,frequency,severity_only,,False,False,False,
365,abrupt,frequency,external_only,,False,False,False,
365,abrupt,frequency,internal_only,26.0,True,False,False,-2.0
365,abrupt,frequency,prism,25.0,True,False,False,-1.0
366,abrupt,frequency,severity_only,,False,False,False,
366,abrupt,frequency,external_only,,False,False,False,
366,abrupt,frequency,internal_only,,False,False,False,
366,abrupt,frequency,prism,24.0,True,True,False,0.0
367,abrupt,frequency,severity_only,26.0,True,False,False,-2.0
367,abrupt,frequency,external_only,6.0,False,False,True,
367,abrupt,frequency,internal_only,25.0,True,False,False,-1.0
367,abrupt,frequency,prism,6.0,False,False,True,
368,abrupt,frequency,severity_only,,False,False,False,
368,abrupt,frequency,external_only,,False,False,False,
368,abrupt,frequency,internal_only,26.0,True,False,False,-2.0
368,abrupt,frequency,prism,25.0,True,False,False,-1.0
369,abrupt,frequency,severity_only,,False,False,False,
369,abrupt,frequency,external_only,,False,False,False,
369,abrupt,frequency,internal_only,,False,False,False,
369,abrupt,frequency,prism,,False,False,False,
370,abrupt,frequency,severity_only,,False,False,False,
370,abrupt,frequency,external_only,24.0,True,True,False,0.0
370,abrupt,frequency,internal_only,,False,False,False,
370,abrupt,frequency,prism,25.0,True,False,False,-1.0
371,abrupt,frequency,severity_only,25.0,True,False,False,-1.0
371,abrupt,frequency,external_only,25.0,True,False,False,-1.0
371,abrupt,frequency,internal_only,25.0,True,False,False,-1.0
371,abrupt,frequency,prism,25.0,True,False,False,-1.0
372,abrupt,frequency,severity_only,,False,False,False,
372,abrupt,frequency,external_only,,False,False,False,
372,abrupt,frequency,internal_only,,False,False,False,
372,abrupt,frequency,prism,36.0,False,False,False,
373,abrupt,frequency,severity_only,,False,False,False,
373,abrupt,frequency,external_only,,False,False,False,
373,abrupt,frequency,internal_only,,False,False,False,
373,abrupt,frequency,prism,,False,False,False,
374,abrupt,frequency,severity_only,26.0,True,False,False,-2.0
374,abrupt,frequency,external_only,26.0,True,False,False,-2.0
374,abrupt,frequency,internal_only,26.0,True,False,False,-2.0
374,abrupt,frequency,prism,26.0,True,False,False,-2.0
375,abrupt,frequency,severity_only,27.0,True,False,False,-3.0
375,abrupt,frequency,external_only,26.0,True,False,False,-2.0
375,abrupt,frequency,internal_only,27.0,True,False,False,-3.0
375,abrupt,frequency,prism,26.0,True,False,False,-2.0
376,abrupt,frequency,severity_only,,False,False,False,
376,abrupt,frequency,external_only,9.0,False,False,True,
376,abrupt,frequency,internal_only,,False,False,False,
376,abrupt,frequency,prism,9.0,False,False,True,
377,abrupt,frequency,severity_only,26.0,True,False,False,-2.0
377,abrupt,frequency,external_only,26.0,True,False,False,-2.0
377,abrupt,frequency,internal_only,26.0,True,False,False,-2.0
377,abrupt,frequency,prism,26.0,True,False,False,-2.0
378,abrupt,frequency,severity_only,,False,False,False,
378,abrupt,frequency,external_only,,False,False,False,
378,abrupt,frequency,internal_only,39.0,False,False,False,
378,abrupt,frequency,prism,26.0,True,False,False,-2.0
379,abrupt,frequency,severity_only,,False,False,False,
379,abrupt,frequency,external_only,26.0,True,False,False,-2.0
379,abrupt,frequency,internal_only,,False,False,False,
379,abrupt,frequency,prism,26.0,True,False,False,-2.0
380,abrupt,frequency,severity_only,,False,False,False,
380,abrupt,frequency,external_only,,False,False,False,
380,abrupt,frequency,internal_only,,False,False,False,
380,abrupt,frequency,prism,,False,False,False,
381,abrupt,frequency,severity_only,,False,False,False,
381,abrupt,frequency,external_only,,False,False,False,
381,abrupt,frequency,internal_only,,False,False,False,
381,abrupt,frequency,prism,,False,False,False,
382,abrupt,frequency,severity_only,10.0,False,False,True,
382,abrupt,frequency,external_only,,False,False,False,
382,abrupt,frequency,internal_only,10.0,False,False,True,
382,abrupt,frequency,prism,,False,False,False,
383,abrupt,frequency,severity_only,,False,False,False,
383,abrupt,frequency,external_only,,False,False,False,
383,abrupt,frequency,internal_only,,False,False,False,
383,abrupt,frequency,prism,,False,False,False,
384,abrupt,frequency,severity_only,,False,False,False,
384,abrupt,frequency,external_only,,False,False,False,
384,abrupt,frequency,internal_only,,False,False,False,
384,abrupt,frequency,prism,,False,False,False,
385,abrupt,frequency,severity_only,,False,False,False,
385,abrupt,frequency,external_only,24.0,True,True,False,0.0
385,abrupt,frequency,internal_only,,False,False,False,
385,abrupt,frequency,prism,24.0,True,True,False,0.0
386,abrupt,frequency,severity_only,,False,False,False,
386,abrupt,frequency,external_only,27.0,True,False,False,-3.0
386,abrupt,frequency,internal_only,,False,False,False,
386,abrupt,frequency,prism,27.0,True,False,False,-3.0
387,abrupt,frequency,severity_only,,False,False,False,
387,abrupt,frequency,external_only,,False,False,False,
387,abrupt,frequency,internal_only,,False,False,False,
387,abrupt,frequency,prism,27.0,True,False,False,-3.0
388,abrupt,frequency,severity_only,25.0,True,False,False,-1.0
388,abrupt,frequency,external_only,25.0,True,False,False,-1.0
388,abrupt,frequency,internal_only,25.0,True,False,False,-1.0
388,abrupt,frequency,prism,25.0,True,False,False,-1.0
389,abrupt,frequency,severity_only,,False,False,False,
389,abrupt,frequency,external_only,26.0,True,False,False,-2.0
389,abrupt,frequency,internal_only,27.0,True,False,False,-3.0
389,abrupt,frequency,prism,25.0,True,False,False,-1.0
390,abrupt,frequency,severity_only,,False,False,False,
390,abrupt,frequency,external_only,,False,False,False,
390,abrupt,frequency,internal_only,,False,False,False,
390,abrupt,frequency,prism,,False,False,False,
391,abrupt,frequency,severity_only,,False,False,False,
391,abrupt,frequency,external_only,,False,False,False,
391,abrupt,frequency,internal_only,,False,False,False,
391,abrupt,frequency,prism,29.0,True,False,False,-5.0
392,abrupt,frequency,severity_only,4.0,False,False,True,
392,abrupt,frequency,external_only,4.0,False,False,True,
392,abrupt,frequency,internal_only,4.0,False,False,True,
392,abrupt,frequency,prism,4.0,False,False,True,
393,abrupt,frequency,severity_only,,False,False,False,
393,abrupt,frequency,external_only,26.0,True,False,False,-2.0
393,abrupt,frequency,internal_only,,False,False,False,
393,abrupt,frequency,prism,25.0,True,False,False,-1.0
394,abrupt,frequency,severity_only,,False,False,False,
394,abrupt,frequency,external_only,,False,False,False,
394,abrupt,frequency,internal_only,,False,False,False,
394,abrupt,frequency,prism,26.0,True,False,False,-2.0
395,abrupt,frequency,severity_only,,False,False,False,
395,abrupt,frequency,external_only,,False,False,False,
395,abrupt,frequency,internal_only,,False,False,False,
395,abrupt,frequency,prism,,False,False,False,
396,abrupt,frequency,severity_only,,False,False,False,
396,abrupt,frequency,external_only,,False,False,False,
396,abrupt,frequency,internal_only,,False,False,False,
396,abrupt,frequency,prism,,False,False,False,
397,abrupt,frequency,severity_only,24.0,True,True,False,0.0
397,abrupt,frequency,external_only,24.0,True,True,False,0.0
397,abrupt,frequency,internal_only,25.0,True,False,False,-1.0
397,abrupt,frequency,prism,24.0,True,True,False,0.0
398,abrupt,frequency,severity_only,,False,False,False,
398,abrupt,frequency,external_only,26.0,True,False,False,-2.0
398,abrupt,frequency,internal_only,,False,False,False,
398,abrupt,frequency,prism,26.0,True,False,False,-2.0
399,abrupt,frequency,severity_only,,False,False,False,
399,abrupt,frequency,external_only,,False,False,False,
399,abrupt,frequency,internal_only,,False,False,False,
399,abrupt,frequency,prism,,False,False,False,
400,abrupt,frequency,severity_only,,False,False,False,
400,abrupt,frequency,external_only,,False,False,False,
400,abrupt,frequency,internal_only,,False,False,False,
400,abrupt,frequency,prism,,False,False,False,
401,abrupt,frequency,severity_only,,False,False,False,
401,abrupt,frequency,external_only,,False,False,False,
401,abrupt,frequency,internal_only,,False,False,False,
401,abrupt,frequency,prism,26.0,True,False,False,-2.0
402,abrupt,frequency,severity_only,24.0,True,True,False,0.0
402,abrupt,frequency,external_only,24.0,True,True,False,0.0
402,abrupt,frequency,internal_only,24.0,True,True,False,0.0
402,abrupt,frequency,prism,24.0,True,True,False,0.0
403,abrupt,frequency,severity_only,24.0,True,True,False,0.0
403,abrupt,frequency,external_only,24.0,True,True,False,0.0
403,abrupt,frequency,internal_only,24.0,True,True,False,0.0
403,abrupt,frequency,prism,24.0,True,True,False,0.0
404,abrupt,frequency,severity_only,,False,False,False,
404,abrupt,frequency,external_only,,False,False,False,
404,abrupt,frequency,internal_only,,False,False,False,
404,abrupt,frequency,prism,,False,False,False,
405,abrupt,frequency,severity_only,,False,False,False,
405,abrupt,frequency,external_only,,False,False,False,
405,abrupt,frequency,internal_only,38.0,False,False,False,
405,abrupt,frequency,prism,23.0,True,True,False,1.0
406,abrupt,frequency,severity_only,,False,False,False,
406,abrupt,frequency,external_only,,False,False,False,
406,abrupt,frequency,internal_only,19.0,False,False,True,
406,abrupt,frequency,prism,28.0,True,False,False,-4.0
407,abrupt,frequency,severity_only,,False,False,False,
407,abrupt,frequency,external_only,,False,False,False,
407,abrupt,frequency,internal_only,,False,False,False,
407,abrupt,frequency,prism,,False,False,False,
408,abrupt,frequency,severity_only,,False,False,False,
408,abrupt,frequency,external_only,26.0,True,False,False,-2.0
408,abrupt,frequency,internal_only,26.0,True,False,False,-2.0
408,abrupt,frequency,prism,26.0,True,False,False,-2.0
409,abrupt,frequency,severity_only,,False,False,False,
409,abrupt,frequency,external_only,,False,False,False,
409,abrupt,frequency,internal_only,,False,False,False,
409,abrupt,frequency,prism,,False,False,False,
410,abrupt,frequency,severity_only,,False,False,False,
410,abrupt,frequency,external_only,,False,False,False,
410,abrupt,frequency,internal_only,,False,False,False,
410,abrupt,frequency,prism,27.0,True,False,False,-3.0
411,abrupt,frequency,severity_only,7.0,False,False,True,
411,abrupt,frequency,external_only,7.0,False,False,True,
411,abrupt,frequency,internal_only,7.0,False,False,True,
411,abrupt,frequency,prism,7.0,False,False,True,
412,abrupt,frequency,severity_only,26.0,True,False,False,-2.0
412,abrupt,frequency,external_only,25.0,True,False,False,-1.0
412,abrupt,frequency,internal_only,26.0,True,False,False,-2.0
412,abrupt,frequency,prism,25.0,True,False,False,-1.0
413,abrupt,frequency,severity_only,,False,False,False,
413,abrupt,frequency,external_only,25.0,True,False,False,-1.0
413,abrupt,frequency,internal_only,,False,False,False,
413,abrupt,frequency,prism,24.0,True,True,False,0.0
414,abrupt,frequency,severity_only,26.0,True,False,False,-2.0
414,abrupt,frequency,external_only,25.0,True,False,False,-1.0
414,abrupt,frequency,internal_only,26.0,True,False,False,-2.0
414,abrupt,frequency,prism,25.0,True,False,False,-1.0
415,abrupt,frequency,severity_only,,False,False,False,
415,abrupt,frequency,external_only,25.0,True,False,False,-1.0
415,abrupt,frequency,internal_only,,False,False,False,
415,abrupt,frequency,prism,25.0,True,False,False,-1.0
416,abrupt,frequency,severity_only,,False,False,False,
416,abrupt,frequency,external_only,,False,False,False,
416,abrupt,frequency,internal_only,,False,False,False,
416,abrupt,frequency,prism,,False,False,False,
417,abrupt,frequency,severity_only,,False,False,False,
417,abrupt,frequency,external_only,26.0,True,False,False,-2.0
417,abrupt,frequency,internal_only,26.0,True,False,False,-2.0
417,abrupt,frequency,prism,25.0,True,False,False,-1.0
418,abrupt,frequency,severity_only,,False,False,False,
418,abrupt,frequency,external_only,,False,False,False,
418,abrupt,frequency,internal_only,,False,False,False,
418,abrupt,frequency,prism,,False,False,False,
419,abrupt,frequency,severity_only,,False,False,False,
419,abrupt,frequency,external_only,24.0,True,True,False,0.0
419,abrupt,frequency,internal_only,,False,False,False,
419,abrupt,frequency,prism,,False,False,False,
420,abrupt,frequency,severity_only,,False,False,False,
420,abrupt,frequency,external_only,,False,False,False,
420,abrupt,frequency,internal_only,26.0,True,False,False,-2.0
420,abrupt,frequency,prism,25.0,True,False,False,-1.0
421,abrupt,frequency,severity_only,,False,False,False,
421,abrupt,frequency,external_only,,False,False,False,
421,abrupt,frequency,internal_only,,False,False,False,
421,abrupt,frequency,prism,24.0,True,True,False,0.0
422,abrupt,frequency,severity_only,,False,False,False,
422,abrupt,frequency,external_only,28.0,True,False,False,-4.0
422,abrupt,frequency,internal_only,,False,False,False,
422,abrupt,frequency,prism,28.0,True,False,False,-4.0
423,abrupt,frequency,severity_only,,False,False,False,
423,abrupt,frequency,external_only,,False,False,False,
423,abrupt,frequency,internal_only,,False,False,False,
423,abrupt,frequency,prism,,False,False,False,
424,abrupt,frequency,severity_only,25.0,True,False,False,-1.0
424,abrupt,frequency,external_only,25.0,True,False,False,-1.0
424,abrupt,frequency,internal_only,26.0,True,False,False,-2.0
424,abrupt,frequency,prism,25.0,True,False,False,-1.0
425,abrupt,frequency,severity_only,26.0,True,False,False,-2.0
425,abrupt,frequency,external_only,26.0,True,False,False,-2.0
425,abrupt,frequency,internal_only,,False,False,False,
425,abrupt,frequency,prism,26.0,True,False,False,-2.0
426,abrupt,frequency,severity_only,26.0,True,False,False,-2.0
426,abrupt,frequency,external_only,25.0,True,False,False,-1.0
426,abrupt,frequency,internal_only,26.0,True,False,False,-2.0
426,abrupt,frequency,prism,25.0,True,False,False,-1.0
427,abrupt,frequency,severity_only,24.0,True,True,False,0.0
427,abrupt,frequency,external_only,24.0,True,True,False,0.0
427,abrupt,frequency,internal_only,24.0,True,True,False,0.0
427,abrupt,frequency,prism,24.0,True,True,False,0.0
428,abrupt,frequency,severity_only,,False,False,False,
428,abrupt,frequency,external_only,,False,False,False,
428,abrupt,frequency,internal_only,,False,False,False,
428,abrupt,frequency,prism,26.0,True,False,False,-2.0
429,abrupt,frequency,severity_only,,False,False,False,
429,abrupt,frequency,external_only,,False,False,False,
429,abrupt,frequency,internal_only,,False,False,False,
429,abrupt,frequency,prism,,False,False,False,
430,abrupt,frequency,severity_only,26.0,True,False,False,-2.0
430,abrupt,frequency,external_only,26.0,True,False,False,-2.0
430,abrupt,frequency,internal_only,26.0,True,False,False,-2.0
430,abrupt,frequency,prism,25.0,True,False,False,-1.0
431,abrupt,frequency,severity_only,,False,False,False,
431,abrupt,frequency,external_only,27.0,True,False,False,-3.0
431,abrupt,frequency,internal_only,28.0,True,False,False,-4.0
431,abrupt,frequency,prism,27.0,True,False,False,-3.0
432,abrupt,frequency,severity_only,,False,False,False,
432,abrupt,frequency,external_only,24.0,True,True,False,0.0
432,abrupt,frequency,internal_only,25.0,True,False,False,-1.0
432,abrupt,frequency,prism,24.0,True,True,False,0.0
433,abrupt,frequency,severity_only,28.0,True,False,False,-4.0
433,abrupt,frequency,external_only,27.0,True,False,False,-3.0
433,abrupt,frequency,internal_only,28.0,True,False,False,-4.0
433,abrupt,frequency,prism,28.0,True,False,False,-4.0
434,abrupt,frequency,severity_only,26.0,True,False,False,-2.0
434,abrupt,frequency,external_only,25.0,True,False,False,-1.0
434,abrupt,frequency,internal_only,26.0,True,False,False,-2.0
434,abrupt,frequency,prism,25.0,True,False,False,-1.0
435,abrupt,frequency,severity_only,,False,False,False,
435,abrupt,frequency,external_only,,False,False,False,
435,abrupt,frequency,internal_only,,False,False,False,
435,abrupt,frequency,prism,26.0,True,False,False,-2.0
436,abrupt,frequency,severity_only,,False,False,False,
436,abrupt,frequency,external_only,,False,False,False,
436,abrupt,frequency,internal_only,26.0,True,False,False,-2.0
436,abrupt,frequency,prism,24.0,True,True,False,0.0
437,abrupt,frequency,severity_only,25.0,True,False,False,-1.0
437,abrupt,frequency,external_only,24.0,True,True,False,0.0
437,abrupt,frequency,internal_only,25.0,True,False,False,-1.0
437,abrupt,frequency,prism,24.0,True,True,False,0.0
438,abrupt,frequency,severity_only,14.0,False,False,True,
438,abrupt,frequency,external_only,14.0,False,False,True,
438,abrupt,frequency,internal_only,14.0,False,False,True,
438,abrupt,frequency,prism,14.0,False,False,True,
439,abrupt,frequency,severity_only,25.0,True,False,False,-1.0
439,abrupt,frequency,external_only,24.0,True,True,False,0.0
439,abrupt,frequency,internal_only,25.0,True,False,False,-1.0
439,abrupt,frequency,prism,24.0,True,True,False,0.0
440,abrupt,frequency,severity_only,26.0,True,False,False,-2.0
440,abrupt,frequency,external_only,24.0,True,True,False,0.0
440,abrupt,frequency,internal_only,25.0,True,False,False,-1.0
440,abrupt,frequency,prism,24.0,True,True,False,0.0
441,abrupt,frequency,severity_only,,False,False,False,
441,abrupt,frequency,external_only,25.0,True,False,False,-1.0
441,abrupt,frequency,internal_only,,False,False,False,
441,abrupt,frequency,prism,25.0,True,False,False,-1.0
442,abrupt,frequency,severity_only,26.0,True,False,False,-2.0
442,abrupt,frequency,external_only,25.0,True,False,False,-1.0
442,abrupt,frequency,internal_only,25.0,True,False,False,-1.0
442,abrupt,frequency,prism,25.0,True,False,False,-1.0
443,abrupt,frequency,severity_only,,False,False,False,
443,abrupt,frequency,external_only,,False,False,False,
443,abrupt,frequency,internal_only,,False,False,False,
443,abrupt,frequency,prism,,False,False,False,
444,abrupt,frequency,severity_only,,False,False,False,
444,abrupt,frequency,external_only,,False,False,False,
444,abrupt,frequency,internal_only,,False,False,False,
444,abrupt,frequency,prism,,False,False,False,
445,abrupt,frequency,severity_only,,False,False,False,
445,abrupt,frequency,external_only,,False,False,False,
445,abrupt,frequency,internal_only,,False,False,False,
445,abrupt,frequency,prism,39.0,False,False,False,
446,abrupt,frequency,severity_only,,False,False,False,
446,abrupt,frequency,external_only,,False,False,False,
446,abrupt,frequency,internal_only,,False,False,False,
446,abrupt,frequency,prism,24.0,True,True,False,0.0
447,abrupt,frequency,severity_only,25.0,True,False,False,-1.0
447,abrupt,frequency,external_only,24.0,True,True,False,0.0
447,abrupt,frequency,internal_only,,False,False,False,
447,abrupt,frequency,prism,24.0,True,True,False,0.0
448,abrupt,frequency,severity_only,,False,False,False,
448,abrupt,frequency,external_only,,False,False,False,
448,abrupt,frequency,internal_only,,False,False,False,
448,abrupt,frequency,prism,,False,False,False,
449,abrupt,frequency,severity_only,25.0,True,False,False,-1.0
449,abrupt,frequency,external_only,25.0,True,False,False,-1.0
449,abrupt,frequency,internal_only,25.0,True,False,False,-1.0
449,abrupt,frequency,prism,25.0,True,False,False,-1.0
450,abrupt,frequency,severity_only,27.0,True,False,False,-3.0
450,abrupt,frequency,external_only,26.0,True,False,False,-2.0
450,abrupt,frequency,internal_only,27.0,True,False,False,-3.0
450,abrupt,frequency,prism,26.0,True,False,False,-2.0
451,abrupt,frequency,severity_only,,False,False,False,
451,abrupt,frequency,external_only,,False,False,False,
451,abrupt,frequency,internal_only,,False,False,False,
451,abrupt,frequency,prism,25.0,True,False,False,-1.0
452,abrupt,frequency,severity_only,,False,False,False,
452,abrupt,frequency,external_only,,False,False,False,
452,abrupt,frequency,internal_only,,False,False,False,
452,abrupt,frequency,prism,28.0,True,False,False,-4.0
453,abrupt,frequency,severity_only,26.0,True,False,False,-2.0
453,abrupt,frequency,external_only,25.0,True,False,False,-1.0
453,abrupt,frequency,internal_only,26.0,True,False,False,-2.0
453,abrupt,frequency,prism,25.0,True,False,False,-1.0
454,abrupt,frequency,severity_only,4.0,False,False,True,
454,abrupt,frequency,external_only,4.0,False,False,True,
454,abrupt,frequency,internal_only,4.0,False,False,True,
454,abrupt,frequency,prism,4.0,False,False,True,
455,abrupt,frequency,severity_only,23.0,True,True,False,1.0
455,abrupt,frequency,external_only,23.0,True,True,False,1.0
455,abrupt,frequency,internal_only,23.0,True,True,False,1.0
455,abrupt,frequency,prism,23.0,True,True,False,1.0
456,abrupt,frequency,severity_only,24.0,True,True,False,0.0
456,abrupt,frequency,external_only,24.0,True,True,False,0.0
456,abrupt,frequency,internal_only,24.0,True,True,False,0.0
456,abrupt,frequency,prism,24.0,True,True,False,0.0
457,abrupt,frequency,severity_only,,False,False,False,
457,abrupt,frequency,external_only,17.0,False,False,True,
457,abrupt,frequency,internal_only,26.0,True,False,False,-2.0
457,abrupt,frequency,prism,17.0,False,False,True,
458,abrupt,frequency,severity_only,,False,False,False,
458,abrupt,frequency,external_only,26.0,True,False,False,-2.0
458,abrupt,frequency,internal_only,26.0,True,False,False,-2.0
458,abrupt,frequency,prism,25.0,True,False,False,-1.0
459,abrupt,frequency,severity_only,26.0,True,False,False,-2.0
459,abrupt,frequency,external_only,25.0,True,False,False,-1.0
459,abrupt,frequency,internal_only,26.0,True,False,False,-2.0
459,abrupt,frequency,prism,26.0,True,False,False,-2.0
460,abrupt,frequency,severity_only,7.0,False,False,True,
460,abrupt,frequency,external_only,7.0,False,False,True,
460,abrupt,frequency,internal_only,7.0,False,False,True,
460,abrupt,frequency,prism,7.0,False,False,True,
461,abrupt,frequency,severity_only,4.0,False,False,True,
461,abrupt,frequency,external_only,4.0,False,False,True,
461,abrupt,frequency,internal_only,4.0,False,False,True,
461,abrupt,frequency,prism,4.0,False,False,True,
462,abrupt,frequency,severity_only,26.0,True,False,False,-2.0
462,abrupt,frequency,external_only,25.0,True,False,False,-1.0
462,abrupt,frequency,internal_only,26.0,True,False,False,-2.0
462,abrupt,frequency,prism,26.0,True,False,False,-2.0
463,abrupt,frequency,severity_only,,False,False,False,
463,abrupt,frequency,external_only,25.0,True,False,False,-1.0
463,abrupt,frequency,internal_only,25.0,True,False,False,-1.0
463,abrupt,frequency,prism,25.0,True,False,False,-1.0
464,abrupt,frequency,severity_only,,False,False,False,
464,abrupt,frequency,external_only,,False,False,False,
464,abrupt,frequency,internal_only,,False,False,False,
464,abrupt,frequency,prism,,False,False,False,
465,abrupt,frequency,severity_only,,False,False,False,
465,abrupt,frequency,external_only,8.0,False,False,True,
465,abrupt,frequency,internal_only,37.0,False,False,False,
465,abrupt,frequency,prism,8.0,False,False,True,
466,abrupt,frequency,severity_only,,False,False,False,
466,abrupt,frequency,external_only,14.0,False,False,True,
466,abrupt,frequency,internal_only,,False,False,False,
466,abrupt,frequency,prism,14.0,False,False,True,
467,abrupt,frequency,severity_only,,False,False,False,
467,abrupt,frequency,external_only,,False,False,False,
467,abrupt,frequency,internal_only,,False,False,False,
467,abrupt,frequency,prism,,False,False,False,
468,abrupt,frequency,severity_only,26.0,True,False,False,-2.0
468,abrupt,frequency,external_only,25.0,True,False,False,-1.0
468,abrupt,frequency,internal_only,25.0,True,False,False,-1.0
468,abrupt,frequency,prism,25.0,True,False,False,-1.0
469,abrupt,frequency,severity_only,26.0,True,False,False,-2.0
469,abrupt,frequency,external_only,25.0,True,False,False,-1.0
469,abrupt,frequency,internal_only,26.0,True,False,False,-2.0
469,abrupt,frequency,prism,25.0,True,False,False,-1.0
470,abrupt,frequency,severity_only,,False,False,False,
470,abrupt,frequency,external_only,25.0,True,False,False,-1.0
470,abrupt,frequency,internal_only,,False,False,False,
470,abrupt,frequency,prism,25.0,True,False,False,-1.0
471,abrupt,frequency,severity_only,,False,False,False,
471,abrupt,frequency,external_only,,False,False,False,
471,abrupt,frequency,internal_only,25.0,True,False,False,-1.0
471,abrupt,frequency,prism,24.0,True,True,False,0.0
472,abrupt,frequency,severity_only,25.0,True,False,False,-1.0
472,abrupt,frequency,external_only,24.0,True,True,False,0.0
472,abrupt,frequency,internal_only,26.0,True,False,False,-2.0
472,abrupt,frequency,prism,25.0,True,False,False,-1.0
473,abrupt,frequency,severity_only,11.0,False,False,True,
473,abrupt,frequency,external_only,11.0,False,False,True,
473,abrupt,frequency,internal_only,11.0,False,False,True,
473,abrupt,frequency,prism,11.0,False,False,True,
474,abrupt,frequency,severity_only,24.0,True,True,False,0.0
474,abrupt,frequency,external_only,24.0,True,True,False,0.0
474,abrupt,frequency,internal_only,24.0,True,True,False,0.0
474,abrupt,frequency,prism,24.0,True,True,False,0.0
475,abrupt,frequency,severity_only,26.0,True,False,False,-2.0
475,abrupt,frequency,external_only,26.0,True,False,False,-2.0
475,abrupt,frequency,internal_only,26.0,True,False,False,-2.0
475,abrupt,frequency,prism,25.0,True,False,False,-1.0
476,abrupt,frequency,severity_only,25.0,True,False,False,-1.0
476,abrupt,frequency,external_only,24.0,True,True,False,0.0
476,abrupt,frequency,internal_only,25.0,True,False,False,-1.0
476,abrupt,frequency,prism,24.0,True,True,False,0.0
477,abrupt,frequency,severity_only,,False,False,False,
477,abrupt,frequency,external_only,,False,False,False,
477,abrupt,frequency,internal_only,,False,False,False,
477,abrupt,frequency,prism,24.0,True,True,False,0.0
478,abrupt,frequency,severity_only,,False,False,False,
478,abrupt,frequency,external_only,25.0,True,False,False,-1.0
478,abrupt,frequency,internal_only,28.0,True,False,False,-4.0
478,abrupt,frequency,prism,25.0,True,False,False,-1.0
479,abrupt,frequency,severity_only,25.0,True,False,False,-1.0
479,abrupt,frequency,external_only,25.0,True,False,False,-1.0
479,abrupt,frequency,internal_only,25.0,True,False,False,-1.0
479,abrupt,frequency,prism,25.0,True,False,False,-1.0
480,abrupt,frequency,severity_only,,False,False,False,
480,abrupt,frequency,external_only,,False,False,False,
480,abrupt,frequency,internal_only,,False,False,False,
480,abrupt,frequency,prism,22.0,True,True,False,2.0
481,abrupt,frequency,severity_only,26.0,True,False,False,-2.0
481,abrupt,frequency,external_only,25.0,True,False,False,-1.0
481,abrupt,frequency,internal_only,26.0,True,False,False,-2.0
481,abrupt,frequency,prism,25.0,True,False,False,-1.0
482,abrupt,frequency,severity_only,26.0,True,False,False,-2.0
482,abrupt,frequency,external_only,4.0,False,False,True,
482,abrupt,frequency,internal_only,26.0,True,False,False,-2.0
482,abrupt,frequency,prism,4.0,False,False,True,
483,abrupt,frequency,severity_only,,False,False,False,
483,abrupt,frequency,external_only,,False,False,False,
483,abrupt,frequency,internal_only,,False,False,False,
483,abrupt,frequency,prism,,False,False,False,
484,abrupt,frequency,severity_only,,False,False,False,
484,abrupt,frequency,external_only,24.0,True,True,False,0.0
484,abrupt,frequency,internal_only,,False,False,False,
484,abrupt,frequency,prism,24.0,True,True,False,0.0
485,abrupt,frequency,severity_only,26.0,True,False,False,-2.0
485,abrupt,frequency,external_only,25.0,True,False,False,-1.0
485,abrupt,frequency,internal_only,26.0,True,False,False,-2.0
485,abrupt,frequency,prism,25.0,True,False,False,-1.0
486,abrupt,frequency,severity_only,25.0,True,False,False,-1.0
486,abrupt,frequency,external_only,24.0,True,True,False,0.0
486,abrupt,frequency,internal_only,24.0,True,True,False,0.0
486,abrupt,frequency,prism,24.0,True,True,False,0.0
487,abrupt,frequency,severity_only,9.0,False,False,True,
487,abrupt,frequency,external_only,4.0,False,False,True,
487,abrupt,frequency,internal_only,9.0,False,False,True,
487,abrupt,frequency,prism,4.0,False,False,True,
488,abrupt,frequency,severity_only,26.0,True,False,False,-2.0
488,abrupt,frequency,external_only,25.0,True,False,False,-1.0
488,abrupt,frequency,internal_only,26.0,True,False,False,-2.0
488,abrupt,frequency,prism,26.0,True,False,False,-2.0
489,abrupt,frequency,severity_only,,False,False,False,
489,abrupt,frequency,external_only,25.0,True,False,False,-1.0
489,abrupt,frequency,internal_only,25.0,True,False,False,-1.0
489,abrupt,frequency,prism,24.0,True,True,False,0.0
490,abrupt,frequency,severity_only,,False,False,False,
490,abrupt,frequency,external_only,,False,False,False,
490,abrupt,frequency,internal_only,27.0,True,False,False,-3.0
490,abrupt,frequency,prism,26.0,True,False,False,-2.0
491,abrupt,frequency,severity_only,11.0,False,False,True,
491,abrupt,frequency,external_only,11.0,False,False,True,
491,abrupt,frequency,internal_only,11.0,False,False,True,
491,abrupt,frequency,prism,11.0,False,False,True,
492,abrupt,frequency,severity_only,,False,False,False,
492,abrupt,frequency,external_only,24.0,True,True,False,0.0
492,abrupt,frequency,internal_only,26.0,True,False,False,-2.0
492,abrupt,frequency,prism,24.0,True,True,False,0.0
493,abrupt,frequency,severity_only,26.0,True,False,False,-2.0
493,abrupt,frequency,external_only,25.0,True,False,False,-1.0
493,abrupt,frequency,internal_only,26.0,True,False,False,-2.0
493,abrupt,frequency,prism,25.0,True,False,False,-1.0
494,abrupt,frequency,severity_only,25.0,True,False,False,-1.0
494,abrupt,frequency,external_only,25.0,True,False,False,-1.0
494,abrupt,frequency,internal_only,25.0,True,False,False,-1.0
494,abrupt,frequency,prism,25.0,True,False,False,-1.0
495,abrupt,frequency,severity_only,27.0,True,False,False,-3.0
495,abrupt,frequency,external_only,26.0,True,False,False,-2.0
495,abrupt,frequency,internal_only,26.0,True,False,False,-2.0
495,abrupt,frequency,prism,26.0,True,False,False,-2.0
496,abrupt,frequency,severity_only,25.0,True,False,False,-1.0
496,abrupt,frequency,external_only,24.0,True,True,False,0.0
496,abrupt,frequency,internal_only,26.0,True,False,False,-2.0
496,abrupt,frequency,prism,24.0,True,True,False,0.0
497,abrupt,frequency,severity_only,26.0,True,False,False,-2.0
497,abrupt,frequency,external_only,25.0,True,False,False,-1.0
497,abrupt,frequency,internal_only,25.0,True,False,False,-1.0
497,abrupt,frequency,prism,23.0,True,True,False,1.0
498,abrupt,frequency,severity_only,26.0,True,False,False,-2.0
498,abrupt,frequency,external_only,26.0,True,False,False,-2.0
498,abrupt,frequency,internal_only,,False,False,False,
498,abrupt,frequency,prism,26.0,True,False,False,-2.0
499,abrupt,frequency,severity_only,10.0,False,False,True,
499,abrupt,frequency,external_only,10.0,False,False,True,
499,abrupt,frequency,internal_only,10.0,False,False,True,
499,abrupt,frequency,prism,10.0,False,False,True,
500,abrupt,frequency,severity_only,13.0,False,False,True,
500,abrupt,frequency,external_only,13.0,False,False,True,
500,abrupt,frequency,internal_only,13.0,False,False,True,
500,abrupt,frequency,prism,13.0,False,False,True,
501,abrupt,frequency,severity_only,,False,False,False,
501,abrupt,frequency,external_only,,False,False,False,
501,abrupt,frequency,internal_only,,False,False,False,
501,abrupt,frequency,prism,29.0,True,False,False,-5.0
502,abrupt,frequency,severity_only,,False,False,False,
502,abrupt,frequency,external_only,,False,False,False,
502,abrupt,frequency,internal_only,,False,False,False,
502,abrupt,frequency,prism,29.0,True,False,False,-5.0
503,abrupt,frequency,severity_only,31.0,False,False,False,
503,abrupt,frequency,external_only,,False,False,False,
503,abrupt,frequency,internal_only,31.0,False,False,False,
503,abrupt,frequency,prism,,False,False,False,
504,abrupt,frequency,severity_only,,False,False,False,
504,abrupt,frequency,external_only,,False,False,False,
504,abrupt,frequency,internal_only,,False,False,False,
504,abrupt,frequency,prism,26.0,True,False,False,-2.0
505,abrupt,frequency,severity_only,,False,False,False,
505,abrupt,frequency,external_only,,False,False,False,
505,abrupt,frequency,internal_only,,False,False,False,
505,abrupt,frequency,prism,,False,False,False,
506,abrupt,frequency,severity_only,26.0,True,False,False,-2.0
506,abrupt,frequency,external_only,25.0,True,False,False,-1.0
506,abrupt,frequency,internal_only,25.0,True,False,False,-1.0
506,abrupt,frequency,prism,25.0,True,False,False,-1.0
507,abrupt,frequency,severity_only,,False,False,False,
507,abrupt,frequency,external_only,,False,False,False,
507,abrupt,frequency,internal_only,24.0,True,True,False,0.0
507,abrupt,frequency,prism,24.0,True,True,False,0.0
508,abrupt,frequency,severity_only,,False,False,False,
508,abrupt,frequency,external_only,,False,False,False,
508,abrupt,frequency,internal_only,,False,False,False,
508,abrupt,frequency,prism,27.0,True,False,False,-3.0
509,abrupt,frequency,severity_only,,False,False,False,
509,abrupt,frequency,external_only,25.0,True,False,False,-1.0
509,abrupt,frequency,internal_only,,False,False,False,
509,abrupt,frequency,prism,25.0,True,False,False,-1.0
510,abrupt,frequency,severity_only,,False,False,False,
510,abrupt,frequency,external_only,,False,False,False,
510,abrupt,frequency,internal_only,,False,False,False,
510,abrupt,frequency,prism,,False,False,False,
511,abrupt,frequency,severity_only,,False,False,False,
511,abrupt,frequency,external_only,,False,False,False,
511,abrupt,frequency,internal_only,,False,False,False,
511,abrupt,frequency,prism,,False,False,False,
512,abrupt,frequency,severity_only,26.0,True,False,False,-2.0
512,abrupt,frequency,external_only,26.0,True,False,False,-2.0
512,abrupt,frequency,internal_only,25.0,True,False,False,-1.0
512,abrupt,frequency,prism,25.0,True,False,False,-1.0
513,abrupt,frequency,severity_only,11.0,False,False,True,
513,abrupt,frequency,external_only,11.0,False,False,True,
513,abrupt,frequency,internal_only,11.0,False,False,True,
513,abrupt,frequency,prism,11.0,False,False,True,
514,abrupt,frequency,severity_only,24.0,True,True,False,0.0
514,abrupt,frequency,external_only,24.0,True,True,False,0.0
514,abrupt,frequency,internal_only,24.0,True,True,False,0.0
514,abrupt,frequency,prism,24.0,True,True,False,0.0
515,abrupt,frequency,severity_only,,False,False,False,
515,abrupt,frequency,external_only,,False,False,False,
515,abrupt,frequency,internal_only,37.0,False,False,False,
515,abrupt,frequency,prism,27.0,True,False,False,-3.0
516,abrupt,frequency,severity_only,,False,False,False,
516,abrupt,frequency,external_only,,False,False,False,
516,abrupt,frequency,internal_only,,False,False,False,
516,abrupt,frequency,prism,25.0,True,False,False,-1.0
517,abrupt,frequency,severity_only,18.0,False,False,True,
517,abrupt,frequency,external_only,18.0,False,False,True,
517,abrupt,frequency,internal_only,18.0,False,False,True,
517,abrupt,frequency,prism,18.0,False,False,True,
518,abrupt,frequency,severity_only,25.0,True,False,False,-1.0
518,abrupt,frequency,external_only,25.0,True,False,False,-1.0
518,abrupt,frequency,internal_only,25.0,True,False,False,-1.0
518,abrupt,frequency,prism,25.0,True,False,False,-1.0
519,abrupt,frequency,severity_only,24.0,True,True,False,0.0
519,abrupt,frequency,external_only,24.0,True,True,False,0.0
519,abrupt,frequency,internal_only,24.0,True,True,False,0.0
519,abrupt,frequency,prism,24.0,True,True,False,0.0
520,abrupt,frequency,severity_only,16.0,False,False,True,
520,abrupt,frequency,external_only,13.0,False,False,True,
520,abrupt,frequency,internal_only,16.0,False,False,True,
520,abrupt,frequency,prism,13.0,False,False,True,
521,abrupt,frequency,severity_only,25.0,True,False,False,-1.0
521,abrupt,frequency,external_only,11.0,False,False,True,
521,abrupt,frequency,internal_only,24.0,True,True,False,0.0
521,abrupt,frequency,prism,11.0,False,False,True,
522,abrupt,frequency,severity_only,,False,False,False,
522,abrupt,frequency,external_only,26.0,True,False,False,-2.0
522,abrupt,frequency,internal_only,,False,False,False,
522,abrupt,frequency,prism,25.0,True,False,False,-1.0
523,abrupt,frequency,severity_only,,False,False,False,
523,abrupt,frequency,external_only,,False,False,False,
523,abrupt,frequency,internal_only,,False,False,False,
523,abrupt,frequency,prism,30.0,True,False,False,-6.0
524,abrupt,frequency,severity_only,26.0,True,False,False,-2.0
524,abrupt,frequency,external_only,25.0,True,False,False,-1.0
524,abrupt,frequency,internal_only,26.0,True,False,False,-2.0
524,abrupt,frequency,prism,25.0,True,False,False,-1.0
525,abrupt,frequency,severity_only,,False,False,False,
525,abrupt,frequency,external_only,,False,False,False,
525,abrupt,frequency,internal_only,,False,False,False,
525,abrupt,frequency,prism,26.0,True,False,False,-2.0
526,abrupt,frequency,severity_only,25.0,True,False,False,-1.0
526,abrupt,frequency,external_only,25.0,True,False,False,-1.0
526,abrupt,frequency,internal_only,25.0,True,False,False,-1.0
526,abrupt,frequency,prism,25.0,True,False,False,-1.0
527,abrupt,frequency,severity_only,,False,False,False,
527,abrupt,frequency,external_only,,False,False,False,
527,abrupt,frequency,internal_only,27.0,True,False,False,-3.0
527,abrupt,frequency,prism,27.0,True,False,False,-3.0
528,abrupt,frequency,severity_only,27.0,True,False,False,-3.0
528,abrupt,frequency,external_only,26.0,True,False,False,-2.0
528,abrupt,frequency,internal_only,26.0,True,False,False,-2.0
528,abrupt,frequency,prism,25.0,True,False,False,-1.0
529,abrupt,frequency,severity_only,26.0,True,False,False,-2.0
529,abrupt,frequency,external_only,26.0,True,False,False,-2.0
529,abrupt,frequency,internal_only,26.0,True,False,False,-2.0
529,abrupt,frequency,prism,26.0,True,False,False,-2.0
530,abrupt,frequency,severity_only,,False,False,False,
530,abrupt,frequency,external_only,,False,False,False,
530,abrupt,frequency,internal_only,,False,False,False,
530,abrupt,frequency,prism,,False,False,False,
531,abrupt,frequency,severity_only,,False,False,False,
531,abrupt,frequency,external_only,,False,False,False,
531,abrupt,frequency,internal_only,,False,False,False,
531,abrupt,frequency,prism,24.0,True,True,False,0.0
532,abrupt,frequency,severity_only,,False,False,False,
532,abrupt,frequency,external_only,27.0,True,False,False,-3.0
532,abrupt,frequency,internal_only,,False,False,False,
532,abrupt,frequency,prism,27.0,True,False,False,-3.0
533,abrupt,frequency,severity_only,19.0,False,False,True,
533,abrupt,frequency,external_only,19.0,False,False,True,
533,abrupt,frequency,internal_only,19.0,False,False,True,
533,abrupt,frequency,prism,19.0,False,False,True,
534,abrupt,frequency,severity_only,27.0,True,False,False,-3.0
534,abrupt,frequency,external_only,27.0,True,False,False,-3.0
534,abrupt,frequency,internal_only,,False,False,False,
534,abrupt,frequency,prism,27.0,True,False,False,-3.0
535,abrupt,frequency,severity_only,,False,False,False,
535,abrupt,frequency,external_only,,False,False,False,
535,abrupt,frequency,internal_only,,False,False,False,
535,abrupt,frequency,prism,,False,False,False,
536,abrupt,frequency,severity_only,26.0,True,False,False,-2.0
536,abrupt,frequency,external_only,26.0,True,False,False,-2.0
536,abrupt,frequency,internal_only,26.0,True,False,False,-2.0
536,abrupt,frequency,prism,26.0,True,False,False,-2.0
537,abrupt,frequency,severity_only,24.0,True,True,False,0.0
537,abrupt,frequency,external_only,24.0,True,True,False,0.0
537,abrupt,frequency,internal_only,25.0,True,False,False,-1.0
537,abrupt,frequency,prism,25.0,True,False,False,-1.0
538,abrupt,frequency,severity_only,25.0,True,False,False,-1.0
538,abrupt,frequency,external_only,24.0,True,True,False,0.0
538,abrupt,frequency,internal_only,,False,False,False,
538,abrupt,frequency,prism,24.0,True,True,False,0.0
539,abrupt,frequency,severity_only,,False,False,False,
539,abrupt,frequency,external_only,26.0,True,False,False,-2.0
539,abrupt,frequency,internal_only,,False,False,False,
539,abrupt,frequency,prism,26.0,True,False,False,-2.0
540,abrupt,frequency,severity_only,,False,False,False,
540,abrupt,frequency,external_only,,False,False,False,
540,abrupt,frequency,internal_only,,False,False,False,
540,abrupt,frequency,prism,,False,False,False,
541,abrupt,frequency,severity_only,27.0,True,False,False,-3.0
541,abrupt,frequency,external_only,27.0,True,False,False,-3.0
541,abrupt,frequency,internal_only,27.0,True,False,False,-3.0
541,abrupt,frequency,prism,25.0,True,False,False,-1.0
542,abrupt,frequency,severity_only,,False,False,False,
542,abrupt,frequency,external_only,,False,False,False,
542,abrupt,frequency,internal_only,,False,False,False,
542,abrupt,frequency,prism,,False,False,False,
543,abrupt,frequency,severity_only,26.0,True,False,False,-2.0
543,abrupt,frequency,external_only,26.0,True,False,False,-2.0
543,abrupt,frequency,internal_only,26.0,True,False,False,-2.0
543,abrupt,frequency,prism,26.0,True,False,False,-2.0
544,abrupt,frequency,severity_only,25.0,True,False,False,-1.0
544,abrupt,frequency,external_only,24.0,True,True,False,0.0
544,abrupt,frequency,internal_only,25.0,True,False,False,-1.0
544,abrupt,frequency,prism,24.0,True,True,False,0.0
545,abrupt,frequency,severity_only,,False,False,False,
545,abrupt,frequency,external_only,,False,False,False,
545,abrupt,frequency,internal_only,,False,False,False,
545,abrupt,frequency,prism,27.0,True,False,False,-3.0
546,abrupt,frequency,severity_only,24.0,True,True,False,0.0
546,abrupt,frequency,external_only,24.0,True,True,False,0.0
546,abrupt,frequency,internal_only,,False,False,False,
546,abrupt,frequency,prism,,False,False,False,
547,abrupt,frequency,severity_only,,False,False,False,
547,abrupt,frequency,external_only,,False,False,False,
547,abrupt,frequency,internal_only,,False,False,False,
547,abrupt,frequency,prism,,False,False,False,
548,abrupt,frequency,severity_only,26.0,True,False,False,-2.0
548,abrupt,frequency,external_only,14.0,False,False,True,
548,abrupt,frequency,internal_only,26.0,True,False,False,-2.0
548,abrupt,frequency,prism,14.0,False,False,True,
549,abrupt,frequency,severity_only,,False,False,False,
549,abrupt,frequency,external_only,,False,False,False,
549,abrupt,frequency,internal_only,,False,False,False,
549,abrupt,frequency,prism,25.0,True,False,False,-1.0
550,abrupt,frequency,severity_only,26.0,True,False,False,-2.0
550,abrupt,frequency,external_only,26.0,True,False,False,-2.0
550,abrupt,frequency,internal_only,26.0,True,False,False,-2.0
550,abrupt,frequency,prism,26.0,True,False,False,-2.0
551,abrupt,frequency,severity_only,,False,False,False,
551,abrupt,frequency,external_only,26.0,True,False,False,-2.0
551,abrupt,frequency,internal_only,,False,False,False,
551,abrupt,frequency,prism,,False,False,False,
552,abrupt,frequency,severity_only,,False,False,False,
552,abrupt,frequency,external_only,,False,False,False,
552,abrupt,frequency,internal_only,,False,False,False,
552,abrupt,frequency,prism,,False,False,False,
553,abrupt,frequency,severity_only,,False,False,False,
553,abrupt,frequency,external_only,,False,False,False,
553,abrupt,frequency,internal_only,,False,False,False,
553,abrupt,frequency,prism,24.0,True,True,False,0.0
554,abrupt,frequency,severity_only,,False,False,False,
554,abrupt,frequency,external_only,,False,False,False,
554,abrupt,frequency,internal_only,21.0,False,False,False,
554,abrupt,frequency,prism,20.0,False,False,True,
555,abrupt,frequency,severity_only,,False,False,False,
555,abrupt,frequency,external_only,,False,False,False,
555,abrupt,frequency,internal_only,,False,False,False,
555,abrupt,frequency,prism,24.0,True,True,False,0.0
556,abrupt,frequency,severity_only,,False,False,False,
556,abrupt,frequency,external_only,,False,False,False,
556,abrupt,frequency,internal_only,,False,False,False,
556,abrupt,frequency,prism,,False,False,False,
557,abrupt,frequency,severity_only,,False,False,False,
557,abrupt,frequency,external_only,25.0,True,False,False,-1.0
557,abrupt,frequency,internal_only,26.0,True,False,False,-2.0
557,abrupt,frequency,prism,25.0,True,False,False,-1.0
558,abrupt,frequency,severity_only,27.0,True,False,False,-3.0
558,abrupt,frequency,external_only,,False,False,False,
558,abrupt,frequency,internal_only,27.0,True,False,False,-3.0
558,abrupt,frequency,prism,,False,False,False,
559,abrupt,frequency,severity_only,,False,False,False,
559,abrupt,frequency,external_only,25.0,True,False,False,-1.0
559,abrupt,frequency,internal_only,,False,False,False,
559,abrupt,frequency,prism,25.0,True,False,False,-1.0
560,abrupt,frequency,severity_only,27.0,True,False,False,-3.0
560,abrupt,frequency,external_only,25.0,True,False,False,-1.0
560,abrupt,frequency,internal_only,27.0,True,False,False,-3.0
560,abrupt,frequency,prism,25.0,True,False,False,-1.0
561,abrupt,frequency,severity_only,24.0,True,True,False,0.0
561,abrupt,frequency,external_only,24.0,True,True,False,0.0
561,abrupt,frequency,internal_only,24.0,True,True,False,0.0
561,abrupt,frequency,prism,24.0,True,True,False,0.0
562,abrupt,frequency,severity_only,24.0,True,True,False,0.0
562,abrupt,frequency,external_only,24.0,True,True,False,0.0
562,abrupt,frequency,internal_only,24.0,True,True,False,0.0
562,abrupt,frequency,prism,24.0,True,True,False,0.0
563,abrupt,frequency,severity_only,,False,False,False,
563,abrupt,frequency,external_only,24.0,True,True,False,0.0
563,abrupt,frequency,internal_only,,False,False,False,
563,abrupt,frequency,prism,24.0,True,True,False,0.0
564,abrupt,frequency,severity_only,4.0,False,False,True,
564,abrupt,frequency,external_only,25.0,True,False,False,-1.0
564,abrupt,frequency,internal_only,4.0,False,False,True,
564,abrupt,frequency,prism,25.0,True,False,False,-1.0
565,abrupt,frequency,severity_only,26.0,True,False,False,-2.0
565,abrupt,frequency,external_only,25.0,True,False,False,-1.0
565,abrupt,frequency,internal_only,26.0,True,False,False,-2.0
565,abrupt,frequency,prism,25.0,True,False,False,-1.0
566,abrupt,frequency,severity_only,,False,False,False,
566,abrupt,frequency,external_only,26.0,True,False,False,-2.0
566,abrupt,frequency,internal_only,26.0,True,False,False,-2.0
566,abrupt,frequency,prism,26.0,True,False,False,-2.0
567,abrupt,frequency,severity_only,8.0,False,False,True,
567,abrupt,frequency,external_only,8.0,False,False,True,
567,abrupt,frequency,internal_only,8.0,False,False,True,
567,abrupt,frequency,prism,8.0,False,False,True,
568,abrupt,frequency,severity_only,,False,False,False,
568,abrupt,frequency,external_only,26.0,True,False,False,-2.0
568,abrupt,frequency,internal_only,,False,False,False,
568,abrupt,frequency,prism,26.0,True,False,False,-2.0
569,abrupt,frequency,severity_only,26.0,True,False,False,-2.0
569,abrupt,frequency,external_only,25.0,True,False,False,-1.0
569,abrupt,frequency,internal_only,26.0,True,False,False,-2.0
569,abrupt,frequency,prism,25.0,True,False,False,-1.0
570,abrupt,frequency,severity_only,,False,False,False,
570,abrupt,frequency,external_only,,False,False,False,
570,abrupt,frequency,internal_only,18.0,False,False,True,
570,abrupt,frequency,prism,23.0,True,True,False,1.0
571,abrupt,frequency,severity_only,27.0,True,False,False,-3.0
571,abrupt,frequency,external_only,27.0,True,False,False,-3.0
571,abrupt,frequency,internal_only,27.0,True,False,False,-3.0
571,abrupt,frequency,prism,26.0,True,False,False,-2.0
572,abrupt,frequency,severity_only,8.0,False,False,True,
572,abrupt,frequency,external_only,8.0,False,False,True,
572,abrupt,frequency,internal_only,8.0,False,False,True,
572,abrupt,frequency,prism,8.0,False,False,True,
573,abrupt,frequency,severity_only,25.0,True,False,False,-1.0
573,abrupt,frequency,external_only,25.0,True,False,False,-1.0
573,abrupt,frequency,internal_only,25.0,True,False,False,-1.0
573,abrupt,frequency,prism,24.0,True,True,False,0.0
574,abrupt,frequency,severity_only,,False,False,False,
574,abrupt,frequency,external_only,25.0,True,False,False,-1.0
574,abrupt,frequency,internal_only,,False,False,False,
574,abrupt,frequency,prism,,False,False,False,
575,abrupt,frequency,severity_only,,False,False,False,
575,abrupt,frequency,external_only,25.0,True,False,False,-1.0
575,abrupt,frequency,internal_only,,False,False,False,
575,abrupt,frequency,prism,25.0,True,False,False,-1.0
576,abrupt,frequency,severity_only,24.0,True,True,False,0.0
576,abrupt,frequency,external_only,24.0,True,True,False,0.0
576,abrupt,frequency,internal_only,24.0,True,True,False,0.0
576,abrupt,frequency,prism,23.0,True,True,False,1.0
577,abrupt,frequency,severity_only,,False,False,False,
577,abrupt,frequency,external_only,26.0,True,False,False,-2.0
577,abrupt,frequency,internal_only,,False,False,False,
577,abrupt,frequency,prism,,False,False,False,
578,abrupt,frequency,severity_only,27.0,True,False,False,-3.0
578,abrupt,frequency,external_only,26.0,True,False,False,-2.0
578,abrupt,frequency,internal_only,27.0,True,False,False,-3.0
578,abrupt,frequency,prism,26.0,True,False,False,-2.0
579,abrupt,frequency,severity_only,,False,False,False,
579,abrupt,frequency,external_only,8.0,False,False,True,
579,abrupt,frequency,internal_only,,False,False,False,
579,abrupt,frequency,prism,8.0,False,False,True,
580,abrupt,frequency,severity_only,,False,False,False,
580,abrupt,frequency,external_only,,False,False,False,
580,abrupt,frequency,internal_only,,False,False,False,
580,abrupt,frequency,prism,,False,False,False,
581,abrupt,frequency,severity_only,,False,False,False,
581,abrupt,frequency,external_only,25.0,True,False,False,-1.0
581,abrupt,frequency,internal_only,25.0,True,False,False,-1.0
581,abrupt,frequency,prism,24.0,True,True,False,0.0
582,abrupt,frequency,severity_only,,False,False,False,
582,abrupt,frequency,external_only,,False,False,False,
582,abrupt,frequency,internal_only,,False,False,False,
582,abrupt,frequency,prism,28.0,True,False,False,-4.0
583,abrupt,frequency,severity_only,,False,False,False,
583,abrupt,frequency,external_only,,False,False,False,
583,abrupt,frequency,internal_only,,False,False,False,
583,abrupt,frequency,prism,38.0,False,False,False,
584,abrupt,frequency,severity_only,,False,False,False,
584,abrupt,frequency,external_only,,False,False,False,
584,abrupt,frequency,internal_only,,False,False,False,
584,abrupt,frequency,prism,,False,False,False,
585,abrupt,frequency,severity_only,,False,False,False,
585,abrupt,frequency,external_only,,False,False,False,
585,abrupt,frequency,internal_only,,False,False,False,
585,abrupt,frequency,prism,28.0,True,False,False,-4.0
586,abrupt,frequency,severity_only,25.0,True,False,False,-1.0
586,abrupt,frequency,external_only,25.0,True,False,False,-1.0
586,abrupt,frequency,internal_only,25.0,True,False,False,-1.0
586,abrupt,frequency,prism,24.0,True,True,False,0.0
587,abrupt,frequency,severity_only,26.0,True,False,False,-2.0
587,abrupt,frequency,external_only,25.0,True,False,False,-1.0
587,abrupt,frequency,internal_only,26.0,True,False,False,-2.0
587,abrupt,frequency,prism,24.0,True,True,False,0.0
588,abrupt,frequency,severity_only,25.0,True,False,False,-1.0
588,abrupt,frequency,external_only,25.0,True,False,False,-1.0
588,abrupt,frequency,internal_only,25.0,True,False,False,-1.0
588,abrupt,frequency,prism,25.0,True,False,False,-1.0
589,abrupt,frequency,severity_only,26.0,True,False,False,-2.0
589,abrupt,frequency,external_only,26.0,True,False,False,-2.0
589,abrupt,frequency,internal_only,,False,False,False,
589,abrupt,frequency,prism,26.0,True,False,False,-2.0
590,abrupt,frequency,severity_only,,False,False,False,
590,abrupt,frequency,external_only,,False,False,False,
590,abrupt,frequency,internal_only,,False,False,False,
590,abrupt,frequency,prism,,False,False,False,
591,abrupt,frequency,severity_only,4.0,False,False,True,
591,abrupt,frequency,external_only,4.0,False,False,True,
591,abrupt,frequency,internal_only,4.0,False,False,True,
591,abrupt,frequency,prism,4.0,False,False,True,
592,abrupt,frequency,severity_only,,False,False,False,
592,abrupt,frequency,external_only,25.0,True,False,False,-1.0
592,abrupt,frequency,internal_only,,False,False,False,
592,abrupt,frequency,prism,,False,False,False,
593,abrupt,frequency,severity_only,25.0,True,False,False,-1.0
593,abrupt,frequency,external_only,24.0,True,True,False,0.0
593,abrupt,frequency,internal_only,25.0,True,False,False,-1.0
593,abrupt,frequency,prism,24.0,True,True,False,0.0
594,abrupt,frequency,severity_only,,False,False,False,
594,abrupt,frequency,external_only,26.0,True,False,False,-2.0
594,abrupt,frequency,internal_only,,False,False,False,
594,abrupt,frequency,prism,24.0,True,True,False,0.0
595,abrupt,frequency,severity_only,,False,False,False,
595,abrupt,frequency,external_only,,False,False,False,
595,abrupt,frequency,internal_only,,False,False,False,
595,abrupt,frequency,prism,,False,False,False,
596,abrupt,frequency,severity_only,,False,False,False,
596,abrupt,frequency,external_only,,False,False,False,
596,abrupt,frequency,internal_only,,False,False,False,
596,abrupt,frequency,prism,,False,False,False,
597,abrupt,frequency,severity_only,26.0,True,False,False,-2.0
597,abrupt,frequency,external_only,25.0,True,False,False,-1.0
597,abrupt,frequency,internal_only,26.0,True,False,False,-2.0
597,abrupt,frequency,prism,25.0,True,False,False,-1.0
598,abrupt,frequency,severity_only,26.0,True,False,False,-2.0
598,abrupt,frequency,external_only,24.0,True,True,False,0.0
598,abrupt,frequency,internal_only,26.0,True,False,False,-2.0
598,abrupt,frequency,prism,24.0,True,True,False,0.0
599,abrupt,frequency,severity_only,24.0,True,True,False,0.0
599,abrupt,frequency,external_only,24.0,True,True,False,0.0
599,abrupt,frequency,internal_only,24.0,True,True,False,0.0
599,abrupt,frequency,prism,22.0,True,True,False,2.0
600,abrupt,frequency,severity_only,25.0,True,False,False,-1.0
600,abrupt,frequency,external_only,24.0,True,True,False,0.0
600,abrupt,frequency,internal_only,25.0,True,False,False,-1.0
600,abrupt,frequency,prism,23.0,True,True,False,1.0
601,abrupt,frequency,severity_only,28.0,True,False,False,-4.0
601,abrupt,frequency,external_only,23.0,True,True,False,1.0
601,abrupt,frequency,internal_only,23.0,True,True,False,1.0
601,abrupt,frequency,prism,23.0,True,True,False,1.0
602,abrupt,frequency,severity_only,,False,False,False,
602,abrupt,frequency,external_only,25.0,True,False,False,-1.0
602,abrupt,frequency,internal_only,,False,False,False,
602,abrupt,frequency,prism,26.0,True,False,False,-2.0
603,abrupt,frequency,severity_only,27.0,True,False,False,-3.0
603,abrupt,frequency,external_only,26.0,True,False,False,-2.0
603,abrupt,frequency,internal_only,27.0,True,False,False,-3.0
603,abrupt,frequency,prism,26.0,True,False,False,-2.0
604,abrupt,frequency,severity_only,,False,False,False,
604,abrupt,frequency,external_only,,False,False,False,
604,abrupt,frequency,internal_only,,False,False,False,
604,abrupt,frequency,prism,,False,False,False,
605,abrupt,frequency,severity_only,27.0,True,False,False,-3.0
605,abrupt,frequency,external_only,25.0,True,False,False,-1.0
605,abrupt,frequency,internal_only,27.0,True,False,False,-3.0
605,abrupt,frequency,prism,24.0,True,True,False,0.0
606,abrupt,frequency,severity_only,,False,False,False,
606,abrupt,frequency,external_only,26.0,True,False,False,-2.0
606,abrupt,frequency,internal_only,,False,False,False,
606,abrupt,frequency,prism,,False,False,False,
607,abrupt,frequency,severity_only,,False,False,False,
607,abrupt,frequency,external_only,,False,False,False,
607,abrupt,frequency,internal_only,,False,False,False,
607,abrupt,frequency,prism,,False,False,False,
608,abrupt,frequency,severity_only,,False,False,False,
608,abrupt,frequency,external_only,,False,False,False,
608,abrupt,frequency,internal_only,,False,False,False,
608,abrupt,frequency,prism,,False,False,False,
609,abrupt,frequency,severity_only,26.0,True,False,False,-2.0
609,abrupt,frequency,external_only,26.0,True,False,False,-2.0
609,abrupt,frequency,internal_only,,False,False,False,
609,abrupt,frequency,prism,26.0,True,False,False,-2.0
610,abrupt,frequency,severity_only,,False,False,False,
610,abrupt,frequency,external_only,,False,False,False,
610,abrupt,frequency,internal_only,,False,False,False,
610,abrupt,frequency,prism,,False,False,False,
611,abrupt,frequency,severity_only,,False,False,False,
611,abrupt,frequency,external_only,,False,False,False,
611,abrupt,frequency,internal_only,,False,False,False,
611,abrupt,frequency,prism,,False,False,False,
612,abrupt,frequency,severity_only,12.0,False,False,True,
612,abrupt,frequency,external_only,12.0,False,False,True,
612,abrupt,frequency,internal_only,12.0,False,False,True,
612,abrupt,frequency,prism,12.0,False,False,True,
613,abrupt,frequency,severity_only,,False,False,False,
613,abrupt,frequency,external_only,,False,False,False,
613,abrupt,frequency,internal_only,31.0,False,False,False,
613,abrupt,frequency,prism,25.0,True,False,False,-1.0
614,abrupt,frequency,severity_only,,False,False,False,
614,abrupt,frequency,external_only,,False,False,False,
614,abrupt,frequency,internal_only,,False,False,False,
614,abrupt,frequency,prism,,False,False,False,
615,abrupt,frequency,severity_only,,False,False,False,
615,abrupt,frequency,external_only,26.0,True,False,False,-2.0
615,abrupt,frequency,internal_only,26.0,True,False,False,-2.0
615,abrupt,frequency,prism,24.0,True,True,False,0.0
616,abrupt,frequency,severity_only,9.0,False,False,True,
616,abrupt,frequency,external_only,9.0,False,False,True,
616,abrupt,frequency,internal_only,9.0,False,False,True,
616,abrupt,frequency,prism,9.0,False,False,True,
617,abrupt,frequency,severity_only,24.0,True,True,False,0.0
617,abrupt,frequency,external_only,24.0,True,True,False,0.0
617,abrupt,frequency,internal_only,24.0,True,True,False,0.0
617,abrupt,frequency,prism,24.0,True,True,False,0.0
618,abrupt,frequency,severity_only,,False,False,False,
618,abrupt,frequency,external_only,,False,False,False,
618,abrupt,frequency,internal_only,,False,False,False,
618,abrupt,frequency,prism,25.0,True,False,False,-1.0
619,abrupt,frequency,severity_only,,False,False,False,
619,abrupt,frequency,external_only,27.0,True,False,False,-3.0
619,abrupt,frequency,internal_only,,False,False,False,
619,abrupt,frequency,prism,,False,False,False,
620,abrupt,frequency,severity_only,,False,False,False,
620,abrupt,frequency,external_only,,False,False,False,
620,abrupt,frequency,internal_only,37.0,False,False,False,
620,abrupt,frequency,prism,25.0,True,False,False,-1.0
621,abrupt,frequency,severity_only,,False,False,False,
621,abrupt,frequency,external_only,26.0,True,False,False,-2.0
621,abrupt,frequency,internal_only,,False,False,False,
621,abrupt,frequency,prism,26.0,True,False,False,-2.0
622,abrupt,frequency,severity_only,,False,False,False,
622,abrupt,frequency,external_only,25.0,True,False,False,-1.0
622,abrupt,frequency,internal_only,,False,False,False,
622,abrupt,frequency,prism,25.0,True,False,False,-1.0
623,abrupt,frequency,severity_only,26.0,True,False,False,-2.0
623,abrupt,frequency,external_only,25.0,True,False,False,-1.0
623,abrupt,frequency,internal_only,26.0,True,False,False,-2.0
623,abrupt,frequency,prism,25.0,True,False,False,-1.0
624,abrupt,frequency,severity_only,,False,False,False,
624,abrupt,frequency,external_only,,False,False,False,
624,abrupt,frequency,internal_only,,False,False,False,
624,abrupt,frequency,prism,,False,False,False,
625,abrupt,frequency,severity_only,,False,False,False,
625,abrupt,frequency,external_only,,False,False,False,
625,abrupt,frequency,internal_only,,False,False,False,
625,abrupt,frequency,prism,,False,False,False,
626,abrupt,frequency,severity_only,14.0,False,False,True,
626,abrupt,frequency,external_only,,False,False,False,
626,abrupt,frequency,internal_only,14.0,False,False,True,
626,abrupt,frequency,prism,,False,False,False,
627,abrupt,frequency,severity_only,,False,False,False,
627,abrupt,frequency,external_only,11.0,False,False,True,
627,abrupt,frequency,internal_only,,False,False,False,
627,abrupt,frequency,prism,11.0,False,False,True,
628,abrupt,frequency,severity_only,26.0,True,False,False,-2.0
628,abrupt,frequency,external_only,26.0,True,False,False,-2.0
628,abrupt,frequency,internal_only,26.0,True,False,False,-2.0
628,abrupt,frequency,prism,25.0,True,False,False,-1.0
629,abrupt,frequency,severity_only,26.0,True,False,False,-2.0
629,abrupt,frequency,external_only,25.0,True,False,False,-1.0
629,abrupt,frequency,internal_only,26.0,True,False,False,-2.0
629,abrupt,frequency,prism,25.0,True,False,False,-1.0
630,abrupt,frequency,severity_only,,False,False,False,
630,abrupt,frequency,external_only,,False,False,False,
630,abrupt,frequency,internal_only,,False,False,False,
630,abrupt,frequency,prism,,False,False,False,
631,abrupt,frequency,severity_only,26.0,True,False,False,-2.0
631,abrupt,frequency,external_only,24.0,True,True,False,0.0
631,abrupt,frequency,internal_only,,False,False,False,
631,abrupt,frequency,prism,24.0,True,True,False,0.0
632,abrupt,frequency,severity_only,,False,False,False,
632,abrupt,frequency,external_only,,False,False,False,
632,abrupt,frequency,internal_only,,False,False,False,
632,abrupt,frequency,prism,26.0,True,False,False,-2.0
633,abrupt,frequency,severity_only,27.0,True,False,False,-3.0
633,abrupt,frequency,external_only,27.0,True,False,False,-3.0
633,abrupt,frequency,internal_only,17.0,False,False,True,
633,abrupt,frequency,prism,17.0,False,False,True,
634,abrupt,frequency,severity_only,,False,False,False,
634,abrupt,frequency,external_only,25.0,True,False,False,-1.0
634,abrupt,frequency,internal_only,26.0,True,False,False,-2.0
634,abrupt,frequency,prism,25.0,True,False,False,-1.0
635,abrupt,frequency,severity_only,27.0,True,False,False,-3.0
635,abrupt,frequency,external_only,11.0,False,False,True,
635,abrupt,frequency,internal_only,26.0,True,False,False,-2.0
635,abrupt,frequency,prism,11.0,False,False,True,
636,abrupt,frequency,severity_only,21.0,False,False,False,
636,abrupt,frequency,external_only,21.0,False,False,False,
636,abrupt,frequency,internal_only,,False,False,False,
636,abrupt,frequency,prism,21.0,False,False,False,
637,abrupt,frequency,severity_only,,False,False,False,
637,abrupt,frequency,external_only,,False,False,False,
637,abrupt,frequency,internal_only,,False,False,False,
637,abrupt,frequency,prism,,False,False,False,
638,abrupt,frequency,severity_only,,False,False,False,
638,abrupt,frequency,external_only,,False,False,False,
638,abrupt,frequency,internal_only,27.0,True,False,False,-3.0
638,abrupt,frequency,prism,25.0,True,False,False,-1.0
639,abrupt,frequency,severity_only,25.0,True,False,False,-1.0
639,abrupt,frequency,external_only,24.0,True,True,False,0.0
639,abrupt,frequency,internal_only,25.0,True,False,False,-1.0
639,abrupt,frequency,prism,24.0,True,True,False,0.0
640,abrupt,frequency,severity_only,,False,False,False,
640,abrupt,frequency,external_only,,False,False,False,
640,abrupt,frequency,internal_only,,False,False,False,
640,abrupt,frequency,prism,,False,False,False,
641,abrupt,frequency,severity_only,,False,False,False,
641,abrupt,frequency,external_only,,False,False,False,
641,abrupt,frequency,internal_only,,False,False,False,
641,abrupt,frequency,prism,33.0,False,False,False,
642,abrupt,frequency,severity_only,21.0,False,False,False,
642,abrupt,frequency,external_only,21.0,False,False,False,
642,abrupt,frequency,internal_only,21.0,False,False,False,
642,abrupt,frequency,prism,21.0,False,False,False,
643,abrupt,frequency,severity_only,26.0,True,False,False,-2.0
643,abrupt,frequency,external_only,26.0,True,False,False,-2.0
643,abrupt,frequency,internal_only,26.0,True,False,False,-2.0
643,abrupt,frequency,prism,26.0,True,False,False,-2.0
644,abrupt,frequency,severity_only,27.0,True,False,False,-3.0
644,abrupt,frequency,external_only,26.0,True,False,False,-2.0
644,abrupt,frequency,internal_only,27.0,True,False,False,-3.0
644,abrupt,frequency,prism,27.0,True,False,False,-3.0
645,abrupt,frequency,severity_only,26.0,True,False,False,-2.0
645,abrupt,frequency,external_only,26.0,True,False,False,-2.0
645,abrupt,frequency,internal_only,26.0,True,False,False,-2.0
645,abrupt,frequency,prism,26.0,True,False,False,-2.0
646,abrupt,frequency,severity_only,,False,False,False,
646,abrupt,frequency,external_only,,False,False,False,
646,abrupt,frequency,internal_only,,False,False,False,
646,abrupt,frequency,prism,,False,False,False,
647,abrupt,frequency,severity_only,24.0,True,True,False,0.0
647,abrupt,frequency,external_only,24.0,True,True,False,0.0
647,abrupt,frequency,internal_only,24.0,True,True,False,0.0
647,abrupt,frequency,prism,24.0,True,True,False,0.0
648,abrupt,frequency,severity_only,26.0,True,False,False,-2.0
648,abrupt,frequency,external_only,26.0,True,False,False,-2.0
648,abrupt,frequency,internal_only,26.0,True,False,False,-2.0
648,abrupt,frequency,prism,26.0,True,False,False,-2.0
649,abrupt,frequency,severity_only,26.0,True,False,False,-2.0
649,abrupt,frequency,external_only,24.0,True,True,False,0.0
649,abrupt,frequency,internal_only,26.0,True,False,False,-2.0
649,abrupt,frequency,prism,25.0,True,False,False,-1.0
650,abrupt,frequency,severity_only,,False,False,False,
650,abrupt,frequency,external_only,26.0,True,False,False,-2.0
650,abrupt,frequency,internal_only,,False,False,False,
650,abrupt,frequency,prism,26.0,True,False,False,-2.0
651,abrupt,frequency,severity_only,25.0,True,False,False,-1.0
651,abrupt,frequency,external_only,25.0,True,False,False,-1.0
651,abrupt,frequency,internal_only,26.0,True,False,False,-2.0
651,abrupt,frequency,prism,25.0,True,False,False,-1.0
652,abrupt,frequency,severity_only,,False,False,False,
652,abrupt,frequency,external_only,25.0,True,False,False,-1.0
652,abrupt,frequency,internal_only,,False,False,False,
652,abrupt,frequency,prism,24.0,True,True,False,0.0
653,abrupt,frequency,severity_only,,False,False,False,
653,abrupt,frequency,external_only,,False,False,False,
653,abrupt,frequency,internal_only,,False,False,False,
653,abrupt,frequency,prism,27.0,True,False,False,-3.0
654,abrupt,frequency,severity_only,28.0,True,False,False,-4.0
654,abrupt,frequency,external_only,28.0,True,False,False,-4.0
654,abrupt,frequency,internal_only,28.0,True,False,False,-4.0
654,abrupt,frequency,prism,28.0,True,False,False,-4.0
655,abrupt,frequency,severity_only,,False,False,False,
655,abrupt,frequency,external_only,27.0,True,False,False,-3.0
655,abrupt,frequency,internal_only,,False,False,False,
655,abrupt,frequency,prism,27.0,True,False,False,-3.0
656,abrupt,frequency,severity_only,,False,False,False,
656,abrupt,frequency,external_only,,False,False,False,
656,abrupt,frequency,internal_only,,False,False,False,
656,abrupt,frequency,prism,25.0,True,False,False,-1.0
657,abrupt,frequency,severity_only,,False,False,False,
657,abrupt,frequency,external_only,,False,False,False,
657,abrupt,frequency,internal_only,,False,False,False,
657,abrupt,frequency,prism,19.0,False,False,True,
658,abrupt,frequency,severity_only,,False,False,False,
658,abrupt,frequency,external_only,,False,False,False,
658,abrupt,frequency,internal_only,,False,False,False,
658,abrupt,frequency,prism,25.0,True,False,False,-1.0
659,abrupt,frequency,severity_only,24.0,True,True,False,0.0
659,abrupt,frequency,external_only,24.0,True,True,False,0.0
659,abrupt,frequency,internal_only,,False,False,False,
659,abrupt,frequency,prism,24.0,True,True,False,0.0
660,abrupt,frequency,severity_only,,False,False,False,
660,abrupt,frequency,external_only,24.0,True,True,False,0.0
660,abrupt,frequency,internal_only,,False,False,False,
660,abrupt,frequency,prism,24.0,True,True,False,0.0
661,abrupt,frequency,severity_only,25.0,True,False,False,-1.0
661,abrupt,frequency,external_only,24.0,True,True,False,0.0
661,abrupt,frequency,internal_only,24.0,True,True,False,0.0
661,abrupt,frequency,prism,24.0,True,True,False,0.0
662,abrupt,frequency,severity_only,,False,False,False,
662,abrupt,frequency,external_only,,False,False,False,
662,abrupt,frequency,internal_only,,False,False,False,
662,abrupt,frequency,prism,,False,False,False,
663,abrupt,frequency,severity_only,,False,False,False,
663,abrupt,frequency,external_only,26.0,True,False,False,-2.0
663,abrupt,frequency,internal_only,26.0,True,False,False,-2.0
663,abrupt,frequency,prism,25.0,True,False,False,-1.0
664,abrupt,frequency,severity_only,25.0,True,False,False,-1.0
664,abrupt,frequency,external_only,24.0,True,True,False,0.0
664,abrupt,frequency,internal_only,24.0,True,True,False,0.0
664,abrupt,frequency,prism,24.0,True,True,False,0.0
665,abrupt,frequency,severity_only,,False,False,False,
665,abrupt,frequency,external_only,23.0,True,True,False,1.0
665,abrupt,frequency,internal_only,38.0,False,False,False,
665,abrupt,frequency,prism,23.0,True,True,False,1.0
666,abrupt,frequency,severity_only,,False,False,False,
666,abrupt,frequency,external_only,,False,False,False,
666,abrupt,frequency,internal_only,,False,False,False,
666,abrupt,frequency,prism,,False,False,False,
667,abrupt,frequency,severity_only,26.0,True,False,False,-2.0
667,abrupt,frequency,external_only,24.0,True,True,False,0.0
667,abrupt,frequency,internal_only,25.0,True,False,False,-1.0
667,abrupt,frequency,prism,25.0,True,False,False,-1.0
668,abrupt,frequency,severity_only,,False,False,False,
668,abrupt,frequency,external_only,,False,False,False,
668,abrupt,frequency,internal_only,,False,False,False,
668,abrupt,frequency,prism,,False,False,False,
669,abrupt,frequency,severity_only,,False,False,False,
669,abrupt,frequency,external_only,5.0,False,False,True,
669,abrupt,frequency,internal_only,,False,False,False,
669,abrupt,frequency,prism,5.0,False,False,True,
670,abrupt,frequency,severity_only,24.0,True,True,False,0.0
670,abrupt,frequency,external_only,24.0,True,True,False,0.0
670,abrupt,frequency,internal_only,24.0,True,True,False,0.0
670,abrupt,frequency,prism,24.0,True,True,False,0.0
671,abrupt,frequency,severity_only,25.0,True,False,False,-1.0
671,abrupt,frequency,external_only,25.0,True,False,False,-1.0
671,abrupt,frequency,internal_only,25.0,True,False,False,-1.0
671,abrupt,frequency,prism,25.0,True,False,False,-1.0
672,abrupt,frequency,severity_only,,False,False,False,
672,abrupt,frequency,external_only,,False,False,False,
672,abrupt,frequency,internal_only,,False,False,False,
672,abrupt,frequency,prism,24.0,True,True,False,0.0
673,abrupt,frequency,severity_only,25.0,True,False,False,-1.0
673,abrupt,frequency,external_only,25.0,True,False,False,-1.0
673,abrupt,frequency,internal_only,20.0,False,False,True,
673,abrupt,frequency,prism,20.0,False,False,True,
674,abrupt,frequency,severity_only,9.0,False,False,True,
674,abrupt,frequency,external_only,8.0,False,False,True,
674,abrupt,frequency,internal_only,9.0,False,False,True,
674,abrupt,frequency,prism,8.0,False,False,True,
675,abrupt,frequency,severity_only,,False,False,False,
675,abrupt,frequency,external_only,,False,False,False,
675,abrupt,frequency,internal_only,,False,False,False,
675,abrupt,frequency,prism,25.0,True,False,False,-1.0
676,abrupt,frequency,severity_only,25.0,True,False,False,-1.0
676,abrupt,frequency,external_only,25.0,True,False,False,-1.0
676,abrupt,frequency,internal_only,25.0,True,False,False,-1.0
676,abrupt,frequency,prism,25.0,True,False,False,-1.0
677,abrupt,frequency,severity_only,25.0,True,False,False,-1.0
677,abrupt,frequency,external_only,25.0,True,False,False,-1.0
677,abrupt,frequency,internal_only,25.0,True,False,False,-1.0
677,abrupt,frequency,prism,25.0,True,False,False,-1.0
678,abrupt,frequency,severity_only,,False,False,False,
678,abrupt,frequency,external_only,,False,False,False,
678,abrupt,frequency,internal_only,,False,False,False,
678,abrupt,frequency,prism,25.0,True,False,False,-1.0
679,abrupt,frequency,severity_only,,False,False,False,
679,abrupt,frequency,external_only,,False,False,False,
679,abrupt,frequency,internal_only,,False,False,False,
679,abrupt,frequency,prism,26.0,True,False,False,-2.0
680,abrupt,frequency,severity_only,26.0,True,False,False,-2.0
680,abrupt,frequency,external_only,26.0,True,False,False,-2.0
680,abrupt,frequency,internal_only,26.0,True,False,False,-2.0
680,abrupt,frequency,prism,25.0,True,False,False,-1.0
681,abrupt,frequency,severity_only,,False,False,False,
681,abrupt,frequency,external_only,,False,False,False,
681,abrupt,frequency,internal_only,24.0,True,True,False,0.0
681,abrupt,frequency,prism,24.0,True,True,False,0.0
682,abrupt,frequency,severity_only,,False,False,False,
682,abrupt,frequency,external_only,,False,False,False,
682,abrupt,frequency,internal_only,,False,False,False,
682,abrupt,frequency,prism,24.0,True,True,False,0.0
683,abrupt,frequency,severity_only,,False,False,False,
683,abrupt,frequency,external_only,,False,False,False,
683,abrupt,frequency,internal_only,27.0,True,False,False,-3.0
683,abrupt,frequency,prism,27.0,True,False,False,-3.0
684,abrupt,frequency,severity_only,,False,False,False,
684,abrupt,frequency,external_only,25.0,True,False,False,-1.0
684,abrupt,frequency,internal_only,,False,False,False,
684,abrupt,frequency,prism,25.0,True,False,False,-1.0
685,abrupt,frequency,severity_only,26.0,True,False,False,-2.0
685,abrupt,frequency,external_only,26.0,True,False,False,-2.0
685,abrupt,frequency,internal_only,26.0,True,False,False,-2.0
685,abrupt,frequency,prism,25.0,True,False,False,-1.0
686,abrupt,frequency,severity_only,,False,False,False,
686,abrupt,frequency,external_only,,False,False,False,
686,abrupt,frequency,internal_only,,False,False,False,
686,abrupt,frequency,prism,24.0,True,True,False,0.0
687,abrupt,frequency,severity_only,,False,False,False,
687,abrupt,frequency,external_only,26.0,True,False,False,-2.0
687,abrupt,frequency,internal_only,,False,False,False,
687,abrupt,frequency,prism,22.0,True,True,False,2.0
688,abrupt,frequency,severity_only,,False,False,False,
688,abrupt,frequency,external_only,,False,False,False,
688,abrupt,frequency,internal_only,,False,False,False,
688,abrupt,frequency,prism,,False,False,False,
689,abrupt,frequency,severity_only,,False,False,False,
689,abrupt,frequency,external_only,11.0,False,False,True,
689,abrupt,frequency,internal_only,,False,False,False,
689,abrupt,frequency,prism,11.0,False,False,True,
690,abrupt,frequency,severity_only,,False,False,False,
690,abrupt,frequency,external_only,,False,False,False,
690,abrupt,frequency,internal_only,,False,False,False,
690,abrupt,frequency,prism,,False,False,False,
691,abrupt,frequency,severity_only,27.0,True,False,False,-3.0
691,abrupt,frequency,external_only,26.0,True,False,False,-2.0
691,abrupt,frequency,internal_only,23.0,True,True,False,1.0
691,abrupt,frequency,prism,19.0,False,False,True,
692,abrupt,frequency,severity_only,,False,False,False,
692,abrupt,frequency,external_only,,False,False,False,
692,abrupt,frequency,internal_only,,False,False,False,
692,abrupt,frequency,prism,,False,False,False,
693,abrupt,frequency,severity_only,24.0,True,True,False,0.0
693,abrupt,frequency,external_only,24.0,True,True,False,0.0
693,abrupt,frequency,internal_only,24.0,True,True,False,0.0
693,abrupt,frequency,prism,24.0,True,True,False,0.0
694,abrupt,frequency,severity_only,,False,False,False,
694,abrupt,frequency,external_only,,False,False,False,
694,abrupt,frequency,internal_only,,False,False,False,
694,abrupt,frequency,prism,25.0,True,False,False,-1.0
695,abrupt,frequency,severity_only,,False,False,False,
695,abrupt,frequency,external_only,,False,False,False,
695,abrupt,frequency,internal_only,,False,False,False,
695,abrupt,frequency,prism,26.0,True,False,False,-2.0
696,abrupt,frequency,severity_only,,False,False,False,
696,abrupt,frequency,external_only,,False,False,False,
696,abrupt,frequency,internal_only,,False,False,False,
696,abrupt,frequency,prism,26.0,True,False,False,-2.0
697,abrupt,frequency,severity_only,,False,False,False,
697,abrupt,frequency,external_only,,False,False,False,
697,abrupt,frequency,internal_only,,False,False,False,
697,abrupt,frequency,prism,24.0,True,True,False,0.0
698,abrupt,frequency,severity_only,25.0,True,False,False,-1.0
698,abrupt,frequency,external_only,25.0,True,False,False,-1.0
698,abrupt,frequency,internal_only,25.0,True,False,False,-1.0
698,abrupt,frequency,prism,25.0,True,False,False,-1.0
699,abrupt,frequency,severity_only,4.0,False,False,True,
699,abrupt,frequency,external_only,4.0,False,False,True,
699,abrupt,frequency,internal_only,4.0,False,False,True,
699,abrupt,frequency,prism,4.0,False,False,True,
700,abrupt,frequency,severity_only,,False,False,False,
700,abrupt,frequency,external_only,8.0,False,False,True,
700,abrupt,frequency,internal_only,,False,False,False,
700,abrupt,frequency,prism,8.0,False,False,True,
701,abrupt,frequency,severity_only,,False,False,False,
701,abrupt,frequency,external_only,,False,False,False,
701,abrupt,frequency,internal_only,,False,False,False,
701,abrupt,frequency,prism,25.0,True,False,False,-1.0
702,abrupt,frequency,severity_only,,False,False,False,
702,abrupt,frequency,external_only,26.0,True,False,False,-2.0
702,abrupt,frequency,internal_only,,False,False,False,
702,abrupt,frequency,prism,,False,False,False,
703,abrupt,frequency,severity_only,27.0,True,False,False,-3.0
703,abrupt,frequency,external_only,27.0,True,False,False,-3.0
703,abrupt,frequency,internal_only,27.0,True,False,False,-3.0
703,abrupt,frequency,prism,26.0,True,False,False,-2.0
704,abrupt,frequency,severity_only,,False,False,False,
704,abrupt,frequency,external_only,,False,False,False,
704,abrupt,frequency,internal_only,,False,False,False,
704,abrupt,frequency,prism,,False,False,False,
705,abrupt,frequency,severity_only,11.0,False,False,True,
705,abrupt,frequency,external_only,10.0,False,False,True,
705,abrupt,frequency,internal_only,11.0,False,False,True,
705,abrupt,frequency,prism,10.0,False,False,True,
706,abrupt,frequency,severity_only,25.0,True,False,False,-1.0
706,abrupt,frequency,external_only,24.0,True,True,False,0.0
706,abrupt,frequency,internal_only,24.0,True,True,False,0.0
706,abrupt,frequency,prism,24.0,True,True,False,0.0
707,abrupt,frequency,severity_only,,False,False,False,
707,abrupt,frequency,external_only,20.0,False,False,True,
707,abrupt,frequency,internal_only,20.0,False,False,True,
707,abrupt,frequency,prism,19.0,False,False,True,
708,abrupt,frequency,severity_only,,False,False,False,
708,abrupt,frequency,external_only,25.0,True,False,False,-1.0
708,abrupt,frequency,internal_only,,False,False,False,
708,abrupt,frequency,prism,25.0,True,False,False,-1.0
709,abrupt,frequency,severity_only,,False,False,False,
709,abrupt,frequency,external_only,,False,False,False,
709,abrupt,frequency,internal_only,,False,False,False,
709,abrupt,frequency,prism,,False,False,False,
710,abrupt,frequency,severity_only,,False,False,False,
710,abrupt,frequency,external_only,26.0,True,False,False,-2.0
710,abrupt,frequency,internal_only,,False,False,False,
710,abrupt,frequency,prism,26.0,True,False,False,-2.0
711,abrupt,frequency,severity_only,25.0,True,False,False,-1.0
711,abrupt,frequency,external_only,25.0,True,False,False,-1.0
711,abrupt,frequency,internal_only,25.0,True,False,False,-1.0
711,abrupt,frequency,prism,25.0,True,False,False,-1.0
712,abrupt,frequency,severity_only,26.0,True,False,False,-2.0
712,abrupt,frequency,external_only,25.0,True,False,False,-1.0
712,abrupt,frequency,internal_only,25.0,True,False,False,-1.0
712,abrupt,frequency,prism,25.0,True,False,False,-1.0
713,abrupt,frequency,severity_only,,False,False,False,
713,abrupt,frequency,external_only,25.0,True,False,False,-1.0
713,abrupt,frequency,internal_only,21.0,False,False,False,
713,abrupt,frequency,prism,21.0,False,False,False,
714,abrupt,frequency,severity_only,,False,False,False,
714,abrupt,frequency,external_only,,False,False,False,
714,abrupt,frequency,internal_only,37.0,False,False,False,
714,abrupt,frequency,prism,25.0,True,False,False,-1.0
715,abrupt,frequency,severity_only,,False,False,False,
715,abrupt,frequency,external_only,,False,False,False,
715,abrupt,frequency,internal_only,,False,False,False,
715,abrupt,frequency,prism,25.0,True,False,False,-1.0
716,abrupt,frequency,severity_only,26.0,True,False,False,-2.0
716,abrupt,frequency,external_only,25.0,True,False,False,-1.0
716,abrupt,frequency,internal_only,26.0,True,False,False,-2.0
716,abrupt,frequency,prism,25.0,True,False,False,-1.0
717,abrupt,frequency,severity_only,,False,False,False,
717,abrupt,frequency,external_only,,False,False,False,
717,abrupt,frequency,internal_only,,False,False,False,
717,abrupt,frequency,prism,25.0,True,False,False,-1.0
718,abrupt,frequency,severity_only,25.0,True,False,False,-1.0
718,abrupt,frequency,external_only,25.0,True,False,False,-1.0
718,abrupt,frequency,internal_only,25.0,True,False,False,-1.0
718,abrupt,frequency,prism,25.0,True,False,False,-1.0
719,abrupt,frequency,severity_only,,False,False,False,
719,abrupt,frequency,external_only,25.0,True,False,False,-1.0
719,abrupt,frequency,internal_only,25.0,True,False,False,-1.0
719,abrupt,frequency,prism,24.0,True,True,False,0.0
720,abrupt,frequency,severity_only,,False,False,False,
720,abrupt,frequency,external_only,25.0,True,False,False,-1.0
720,abrupt,frequency,internal_only,,False,False,False,
720,abrupt,frequency,prism,,False,False,False,
721,abrupt,frequency,severity_only,26.0,True,False,False,-2.0
721,abrupt,frequency,external_only,25.0,True,False,False,-1.0
721,abrupt,frequency,internal_only,26.0,True,False,False,-2.0
721,abrupt,frequency,prism,25.0,True,False,False,-1.0
722,abrupt,frequency,severity_only,,False,False,False,
722,abrupt,frequency,external_only,,False,False,False,
722,abrupt,frequency,internal_only,,False,False,False,
722,abrupt,frequency,prism,25.0,True,False,False,-1.0
723,abrupt,frequency,severity_only,14.0,False,False,True,
723,abrupt,frequency,external_only,14.0,False,False,True,
723,abrupt,frequency,internal_only,14.0,False,False,True,
723,abrupt,frequency,prism,14.0,False,False,True,
724,abrupt,frequency,severity_only,,False,False,False,
724,abrupt,frequency,external_only,26.0,True,False,False,-2.0
724,abrupt,frequency,internal_only,26.0,True,False,False,-2.0
724,abrupt,frequency,prism,25.0,True,False,False,-1.0
725,abrupt,frequency,severity_only,24.0,True,True,False,0.0
725,abrupt,frequency,external_only,24.0,True,True,False,0.0
725,abrupt,frequency,internal_only,24.0,True,True,False,0.0
725,abrupt,frequency,prism,24.0,True,True,False,0.0
726,abrupt,frequency,severity_only,,False,False,False,
726,abrupt,frequency,external_only,,False,False,False,
726,abrupt,frequency,internal_only,,False,False,False,
726,abrupt,frequency,prism,,False,False,False,
727,abrupt,frequency,severity_only,,False,False,False,
727,abrupt,frequency,external_only,26.0,True,False,False,-2.0
727,abrupt,frequency,internal_only,,False,False,False,
727,abrupt,frequency,prism,,False,False,False,
728,abrupt,frequency,severity_only,26.0,True,False,False,-2.0
728,abrupt,frequency,external_only,25.0,True,False,False,-1.0
728,abrupt,frequency,internal_only,26.0,True,False,False,-2.0
728,abrupt,frequency,prism,25.0,True,False,False,-1.0
729,abrupt,frequency,severity_only,12.0,False,False,True,
729,abrupt,frequency,external_only,12.0,False,False,True,
729,abrupt,frequency,internal_only,12.0,False,False,True,
729,abrupt,frequency,prism,12.0,False,False,True,
730,abrupt,frequency,severity_only,25.0,True,False,False,-1.0
730,abrupt,frequency,external_only,24.0,True,True,False,0.0
730,abrupt,frequency,internal_only,25.0,True,False,False,-1.0
730,abrupt,frequency,prism,24.0,True,True,False,0.0
731,abrupt,frequency,severity_only,,False,False,False,
731,abrupt,frequency,external_only,26.0,True,False,False,-2.0
731,abrupt,frequency,internal_only,,False,False,False,
731,abrupt,frequency,prism,,False,False,False,
732,abrupt,frequency,severity_only,26.0,True,False,False,-2.0
732,abrupt,frequency,external_only,25.0,True,False,False,-1.0
732,abrupt,frequency,internal_only,27.0,True,False,False,-3.0
732,abrupt,frequency,prism,25.0,True,False,False,-1.0
733,abrupt,frequency,severity_only,24.0,True,True,False,0.0
733,abrupt,frequency,external_only,24.0,True,True,False,0.0
733,abrupt,frequency,internal_only,24.0,True,True,False,0.0
733,abrupt,frequency,prism,24.0,True,True,False,0.0
734,abrupt,frequency,severity_only,,False,False,False,
734,abrupt,frequency,external_only,24.0,True,True,False,0.0
734,abrupt,frequency,internal_only,,False,False,False,
734,abrupt,frequency,prism,25.0,True,False,False,-1.0
735,abrupt,frequency,severity_only,,False,False,False,
735,abrupt,frequency,external_only,,False,False,False,
735,abrupt,frequency,internal_only,,False,False,False,
735,abrupt,frequency,prism,25.0,True,False,False,-1.0
736,abrupt,frequency,severity_only,24.0,True,True,False,0.0
736,abrupt,frequency,external_only,24.0,True,True,False,0.0
736,abrupt,frequency,internal_only,24.0,True,True,False,0.0
736,abrupt,frequency,prism,24.0,True,True,False,0.0
737,abrupt,frequency,severity_only,8.0,False,False,True,
737,abrupt,frequency,external_only,8.0,False,False,True,
737,abrupt,frequency,internal_only,8.0,False,False,True,
737,abrupt,frequency,prism,8.0,False,False,True,
738,abrupt,frequency,severity_only,,False,False,False,
738,abrupt,frequency,external_only,,False,False,False,
738,abrupt,frequency,internal_only,22.0,True,True,False,2.0
738,abrupt,frequency,prism,22.0,True,True,False,2.0
739,abrupt,frequency,severity_only,,False,False,False,
739,abrupt,frequency,external_only,26.0,True,False,False,-2.0
739,abrupt,frequency,internal_only,,False,False,False,
739,abrupt,frequency,prism,27.0,True,False,False,-3.0
740,abrupt,frequency,severity_only,,False,False,False,
740,abrupt,frequency,external_only,,False,False,False,
740,abrupt,frequency,internal_only,,False,False,False,
740,abrupt,frequency,prism,,False,False,False,
741,abrupt,frequency,severity_only,17.0,False,False,True,
741,abrupt,frequency,external_only,15.0,False,False,True,
741,abrupt,frequency,internal_only,17.0,False,False,True,
741,abrupt,frequency,prism,15.0,False,False,True,
742,abrupt,frequency,severity_only,,False,False,False,
742,abrupt,frequency,external_only,,False,False,False,
742,abrupt,frequency,internal_only,,False,False,False,
742,abrupt,frequency,prism,,False,False,False,
743,abrupt,frequency,severity_only,,False,False,False,
743,abrupt,frequency,external_only,25.0,True,False,False,-1.0
743,abrupt,frequency,internal_only,,False,False,False,
743,abrupt,frequency,prism,25.0,True,False,False,-1.0
744,abrupt,frequency,severity_only,25.0,True,False,False,-1.0
744,abrupt,frequency,external_only,25.0,True,False,False,-1.0
744,abrupt,frequency,internal_only,25.0,True,False,False,-1.0
744,abrupt,frequency,prism,25.0,True,False,False,-1.0
745,abrupt,frequency,severity_only,,False,False,False,
745,abrupt,frequency,external_only,27.0,True,False,False,-3.0
745,abrupt,frequency,internal_only,,False,False,False,
745,abrupt,frequency,prism,27.0,True,False,False,-3.0
746,abrupt,frequency,severity_only,,False,False,False,
746,abrupt,frequency,external_only,27.0,True,False,False,-3.0
746,abrupt,frequency,internal_only,,False,False,False,
746,abrupt,frequency,prism,27.0,True,False,False,-3.0
747,abrupt,frequency,severity_only,25.0,True,False,False,-1.0
747,abrupt,frequency,external_only,24.0,True,True,False,0.0
747,abrupt,frequency,internal_only,25.0,True,False,False,-1.0
747,abrupt,frequency,prism,24.0,True,True,False,0.0
748,abrupt,frequency,severity_only,,False,False,False,
748,abrupt,frequency,external_only,,False,False,False,
748,abrupt,frequency,internal_only,26.0,True,False,False,-2.0
748,abrupt,frequency,prism,26.0,True,False,False,-2.0
749,abrupt,frequency,severity_only,,False,False,False,
749,abrupt,frequency,external_only,25.0,True,False,False,-1.0
749,abrupt,frequency,internal_only,25.0,True,False,False,-1.0
749,abrupt,frequency,prism,25.0,True,False,False,-1.0
750,abrupt,frequency,severity_only,,False,False,False,
750,abrupt,frequency,external_only,25.0,True,False,False,-1.0
750,abrupt,frequency,internal_only,,False,False,False,
750,abrupt,frequency,prism,25.0,True,False,False,-1.0
751,abrupt,frequency,severity_only,,False,False,False,
751,abrupt,frequency,external_only,,False,False,False,
751,abrupt,frequency,internal_only,,False,False,False,
751,abrupt,frequency,prism,19.0,False,False,True,
752,abrupt,frequency,severity_only,25.0,True,False,False,-1.0
752,abrupt,frequency,external_only,24.0,True,True,False,0.0
752,abrupt,frequency,internal_only,25.0,True,False,False,-1.0
752,abrupt,frequency,prism,25.0,True,False,False,-1.0
753,abrupt,frequency,severity_only,,False,False,False,
753,abrupt,frequency,external_only,24.0,True,True,False,0.0
753,abrupt,frequency,internal_only,,False,False,False,
753,abrupt,frequency,prism,24.0,True,True,False,0.0
754,abrupt,frequency,severity_only,,False,False,False,
754,abrupt,frequency,external_only,,False,False,False,
754,abrupt,frequency,internal_only,,False,False,False,
754,abrupt,frequency,prism,,False,False,False,
755,abrupt,frequency,severity_only,25.0,True,False,False,-1.0
755,abrupt,frequency,external_only,24.0,True,True,False,0.0
755,abrupt,frequency,internal_only,25.0,True,False,False,-1.0
755,abrupt,frequency,prism,25.0,True,False,False,-1.0
756,abrupt,frequency,severity_only,24.0,True,True,False,0.0
756,abrupt,frequency,external_only,24.0,True,True,False,0.0
756,abrupt,frequency,internal_only,24.0,True,True,False,0.0
756,abrupt,frequency,prism,24.0,True,True,False,0.0
757,abrupt,frequency,severity_only,,False,False,False,
757,abrupt,frequency,external_only,,False,False,False,
757,abrupt,frequency,internal_only,24.0,True,True,False,0.0
757,abrupt,frequency,prism,24.0,True,True,False,0.0
758,abrupt,frequency,severity_only,,False,False,False,
758,abrupt,frequency,external_only,25.0,True,False,False,-1.0
758,abrupt,frequency,internal_only,,False,False,False,
758,abrupt,frequency,prism,25.0,True,False,False,-1.0
759,abrupt,frequency,severity_only,,False,False,False,
759,abrupt,frequency,external_only,,False,False,False,
759,abrupt,frequency,internal_only,,False,False,False,
759,abrupt,frequency,prism,,False,False,False,
760,abrupt,frequency,severity_only,,False,False,False,
760,abrupt,frequency,external_only,25.0,True,False,False,-1.0
760,abrupt,frequency,internal_only,25.0,True,False,False,-1.0
760,abrupt,frequency,prism,25.0,True,False,False,-1.0
761,abrupt,frequency,severity_only,,False,False,False,
761,abrupt,frequency,external_only,,False,False,False,
761,abrupt,frequency,internal_only,,False,False,False,
761,abrupt,frequency,prism,27.0,True,False,False,-3.0
762,abrupt,frequency,severity_only,25.0,True,False,False,-1.0
762,abrupt,frequency,external_only,25.0,True,False,False,-1.0
762,abrupt,frequency,internal_only,22.0,True,True,False,2.0
762,abrupt,frequency,prism,22.0,True,True,False,2.0
763,abrupt,frequency,severity_only,,False,False,False,
763,abrupt,frequency,external_only,,False,False,False,
763,abrupt,frequency,internal_only,36.0,False,False,False,
763,abrupt,frequency,prism,36.0,False,False,False,
764,abrupt,frequency,severity_only,27.0,True,False,False,-3.0
764,abrupt,frequency,external_only,26.0,True,False,False,-2.0
764,abrupt,frequency,internal_only,26.0,True,False,False,-2.0
764,abrupt,frequency,prism,24.0,True,True,False,0.0
765,abrupt,frequency,severity_only,25.0,True,False,False,-1.0
765,abrupt,frequency,external_only,24.0,True,True,False,0.0
765,abrupt,frequency,internal_only,25.0,True,False,False,-1.0
765,abrupt,frequency,prism,24.0,True,True,False,0.0
766,abrupt,frequency,severity_only,,False,False,False,
766,abrupt,frequency,external_only,25.0,True,False,False,-1.0
766,abrupt,frequency,internal_only,26.0,True,False,False,-2.0
766,abrupt,frequency,prism,24.0,True,True,False,0.0
767,abrupt,frequency,severity_only,25.0,True,False,False,-1.0
767,abrupt,frequency,external_only,24.0,True,True,False,0.0
767,abrupt,frequency,internal_only,,False,False,False,
767,abrupt,frequency,prism,25.0,True,False,False,-1.0
768,abrupt,frequency,severity_only,25.0,True,False,False,-1.0
768,abrupt,frequency,external_only,19.0,False,False,True,
768,abrupt,frequency,internal_only,26.0,True,False,False,-2.0
768,abrupt,frequency,prism,25.0,True,False,False,-1.0
769,abrupt,frequency,severity_only,,False,False,False,
769,abrupt,frequency,external_only,26.0,True,False,False,-2.0
769,abrupt,frequency,internal_only,,False,False,False,
769,abrupt,frequency,prism,,False,False,False,
770,abrupt,frequency,severity_only,,False,False,False,
770,abrupt,frequency,external_only,25.0,True,False,False,-1.0
770,abrupt,frequency,internal_only,,False,False,False,
770,abrupt,frequency,prism,25.0,True,False,False,-1.0
771,abrupt,frequency,severity_only,25.0,True,False,False,-1.0
771,abrupt,frequency,external_only,25.0,True,False,False,-1.0
771,abrupt,frequency,internal_only,25.0,True,False,False,-1.0
771,abrupt,frequency,prism,25.0,True,False,False,-1.0
772,abrupt,frequency,severity_only,,False,False,False,
772,abrupt,frequency,external_only,24.0,True,True,False,0.0
772,abrupt,frequency,internal_only,24.0,True,True,False,0.0
772,abrupt,frequency,prism,24.0,True,True,False,0.0
773,abrupt,frequency,severity_only,,False,False,False,
773,abrupt,frequency,external_only,,False,False,False,
773,abrupt,frequency,internal_only,,False,False,False,
773,abrupt,frequency,prism,31.0,False,False,False,
774,abrupt,frequency,severity_only,,False,False,False,
774,abrupt,frequency,external_only,28.0,True,False,False,-4.0
774,abrupt,frequency,internal_only,,False,False,False,
774,abrupt,frequency,prism,25.0,True,False,False,-1.0
775,abrupt,frequency,severity_only,,False,False,False,
775,abrupt,frequency,external_only,,False,False,False,
775,abrupt,frequency,internal_only,,False,False,False,
775,abrupt,frequency,prism,,False,False,False,
776,abrupt,frequency,severity_only,,False,False,False,
776,abrupt,frequency,external_only,27.0,True,False,False,-3.0
776,abrupt,frequency,internal_only,,False,False,False,
776,abrupt,frequency,prism,27.0,True,False,False,-3.0
777,abrupt,frequency,severity_only,11.0,False,False,True,
777,abrupt,frequency,external_only,11.0,False,False,True,
777,abrupt,frequency,internal_only,11.0,False,False,True,
777,abrupt,frequency,prism,11.0,False,False,True,
778,abrupt,frequency,severity_only,,False,False,False,
778,abrupt,frequency,external_only,,False,False,False,
778,abrupt,frequency,internal_only,,False,False,False,
778,abrupt,frequency,prism,,False,False,False,
779,abrupt,frequency,severity_only,26.0,True,False,False,-2.0
779,abrupt,frequency,external_only,25.0,True,False,False,-1.0
779,abrupt,frequency,internal_only,,False,False,False,
779,abrupt,frequency,prism,25.0,True,False,False,-1.0
780,abrupt,frequency,severity_only,,False,False,False,
780,abrupt,frequency,external_only,26.0,True,False,False,-2.0
780,abrupt,frequency,internal_only,26.0,True,False,False,-2.0
780,abrupt,frequency,prism,26.0,True,False,False,-2.0
781,abrupt,frequency,severity_only,,False,False,False,
781,abrupt,frequency,external_only,25.0,True,False,False,-1.0
781,abrupt,frequency,internal_only,26.0,True,False,False,-2.0
781,abrupt,frequency,prism,25.0,True,False,False,-1.0
782,abrupt,frequency,severity_only,25.0,True,False,False,-1.0
782,abrupt,frequency,external_only,5.0,False,False,True,
782,abrupt,frequency,internal_only,25.0,True,False,False,-1.0
782,abrupt,frequency,prism,5.0,False,False,True,
783,abrupt,frequency,severity_only,,False,False,False,
783,abrupt,frequency,external_only,,False,False,False,
783,abrupt,frequency,internal_only,25.0,True,False,False,-1.0
783,abrupt,frequency,prism,23.0,True,True,False,1.0
784,abrupt,frequency,severity_only,,False,False,False,
784,abrupt,frequency,external_only,,False,False,False,
784,abrupt,frequency,internal_only,,False,False,False,
784,abrupt,frequency,prism,25.0,True,False,False,-1.0
785,abrupt,frequency,severity_only,,False,False,False,
785,abrupt,frequency,external_only,,False,False,False,
785,abrupt,frequency,internal_only,,False,False,False,
785,abrupt,frequency,prism,,False,False,False,
786,abrupt,frequency,severity_only,,False,False,False,
786,abrupt,frequency,external_only,,False,False,False,
786,abrupt,frequency,internal_only,,False,False,False,
786,abrupt,frequency,prism,,False,False,False,
787,abrupt,frequency,severity_only,,False,False,False,
787,abrupt,frequency,external_only,,False,False,False,
787,abrupt,frequency,internal_only,,False,False,False,
787,abrupt,frequency,prism,25.0,True,False,False,-1.0
788,abrupt,frequency,severity_only,,False,False,False,
788,abrupt,frequency,external_only,25.0,True,False,False,-1.0
788,abrupt,frequency,internal_only,,False,False,False,
788,abrupt,frequency,prism,25.0,True,False,False,-1.0
789,abrupt,frequency,severity_only,,False,False,False,
789,abrupt,frequency,external_only,26.0,True,False,False,-2.0
789,abrupt,frequency,internal_only,,False,False,False,
789,abrupt,frequency,prism,26.0,True,False,False,-2.0
790,abrupt,frequency,severity_only,,False,False,False,
790,abrupt,frequency,external_only,,False,False,False,
790,abrupt,frequency,internal_only,,False,False,False,
790,abrupt,frequency,prism,21.0,False,False,False,
791,abrupt,frequency,severity_only,26.0,True,False,False,-2.0
791,abrupt,frequency,external_only,25.0,True,False,False,-1.0
791,abrupt,frequency,internal_only,18.0,False,False,True,
791,abrupt,frequency,prism,26.0,True,False,False,-2.0
792,abrupt,frequency,severity_only,,False,False,False,
792,abrupt,frequency,external_only,25.0,True,False,False,-1.0
792,abrupt,frequency,internal_only,,False,False,False,
792,abrupt,frequency,prism,24.0,True,True,False,0.0
793,abrupt,frequency,severity_only,25.0,True,False,False,-1.0
793,abrupt,frequency,external_only,25.0,True,False,False,-1.0
793,abrupt,frequency,internal_only,25.0,True,False,False,-1.0
793,abrupt,frequency,prism,25.0,True,False,False,-1.0
794,abrupt,frequency,severity_only,,False,False,False,
794,abrupt,frequency,external_only,,False,False,False,
794,abrupt,frequency,internal_only,,False,False,False,
794,abrupt,frequency,prism,24.0,True,True,False,0.0
795,abrupt,frequency,severity_only,,False,False,False,
795,abrupt,frequency,external_only,8.0,False,False,True,
795,abrupt,frequency,internal_only,,False,False,False,
795,abrupt,frequency,prism,8.0,False,False,True,
796,abrupt,frequency,severity_only,,False,False,False,
796,abrupt,frequency,external_only,26.0,True,False,False,-2.0
796,abrupt,frequency,internal_only,,False,False,False,
796,abrupt,frequency,prism,26.0,True,False,False,-2.0
797,abrupt,frequency,severity_only,25.0,True,False,False,-1.0
797,abrupt,frequency,external_only,25.0,True,False,False,-1.0
797,abrupt,frequency,internal_only,25.0,True,False,False,-1.0
797,abrupt,frequency,prism,24.0,True,True,False,0.0
798,abrupt,frequency,severity_only,25.0,True,False,False,-1.0
798,abrupt,frequency,external_only,25.0,True,False,False,-1.0
798,abrupt,frequency,internal_only,25.0,True,False,False,-1.0
798,abrupt,frequency,prism,25.0,True,False,False,-1.0
799,abrupt,frequency,severity_only,,False,False,False,
799,abrupt,frequency,external_only,,False,False,False,
799,abrupt,frequency,internal_only,,False,False,False,
799,abrupt,frequency,prism,,False,False,False,
800,abrupt,frequency,severity_only,26.0,True,False,False,-2.0
800,abrupt,frequency,external_only,26.0,True,False,False,-2.0
800,abrupt,frequency,internal_only,26.0,True,False,False,-2.0
800,abrupt,frequency,prism,23.0,True,True,False,1.0
801,abrupt,frequency,severity_only,,False,False,False,
801,abrupt,frequency,external_only,26.0,True,False,False,-2.0
801,abrupt,frequency,internal_only,26.0,True,False,False,-2.0
801,abrupt,frequency,prism,25.0,True,False,False,-1.0
802,abrupt,frequency,severity_only,,False,False,False,
802,abrupt,frequency,external_only,,False,False,False,
802,abrupt,frequency,internal_only,22.0,True,True,False,2.0
802,abrupt,frequency,prism,22.0,True,True,False,2.0
803,abrupt,frequency,severity_only,25.0,True,False,False,-1.0
803,abrupt,frequency,external_only,24.0,True,True,False,0.0
803,abrupt,frequency,internal_only,25.0,True,False,False,-1.0
803,abrupt,frequency,prism,24.0,True,True,False,0.0
804,abrupt,frequency,severity_only,24.0,True,True,False,0.0
804,abrupt,frequency,external_only,24.0,True,True,False,0.0
804,abrupt,frequency,internal_only,24.0,True,True,False,0.0
804,abrupt,frequency,prism,24.0,True,True,False,0.0
805,abrupt,frequency,severity_only,,False,False,False,
805,abrupt,frequency,external_only,,False,False,False,
805,abrupt,frequency,internal_only,,False,False,False,
805,abrupt,frequency,prism,,False,False,False,
806,abrupt,frequency,severity_only,,False,False,False,
806,abrupt,frequency,external_only,,False,False,False,
806,abrupt,frequency,internal_only,,False,False,False,
806,abrupt,frequency,prism,,False,False,False,
807,abrupt,frequency,severity_only,7.0,False,False,True,
807,abrupt,frequency,external_only,6.0,False,False,True,
807,abrupt,frequency,internal_only,7.0,False,False,True,
807,abrupt,frequency,prism,6.0,False,False,True,
808,abrupt,frequency,severity_only,7.0,False,False,True,
808,abrupt,frequency,external_only,7.0,False,False,True,
808,abrupt,frequency,internal_only,7.0,False,False,True,
808,abrupt,frequency,prism,7.0,False,False,True,
809,abrupt,frequency,severity_only,25.0,True,False,False,-1.0
809,abrupt,frequency,external_only,25.0,True,False,False,-1.0
809,abrupt,frequency,internal_only,25.0,True,False,False,-1.0
809,abrupt,frequency,prism,25.0,True,False,False,-1.0
810,abrupt,frequency,severity_only,,False,False,False,
810,abrupt,frequency,external_only,23.0,True,True,False,1.0
810,abrupt,frequency,internal_only,23.0,True,True,False,1.0
810,abrupt,frequency,prism,22.0,True,True,False,2.0
811,abrupt,frequency,severity_only,,False,False,False,
811,abrupt,frequency,external_only,24.0,True,True,False,0.0
811,abrupt,frequency,internal_only,26.0,True,False,False,-2.0
811,abrupt,frequency,prism,24.0,True,True,False,0.0
812,abrupt,frequency,severity_only,,False,False,False,
812,abrupt,frequency,external_only,,False,False,False,
812,abrupt,frequency,internal_only,,False,False,False,
812,abrupt,frequency,prism,24.0,True,True,False,0.0
813,abrupt,frequency,severity_only,,False,False,False,
813,abrupt,frequency,external_only,,False,False,False,
813,abrupt,frequency,internal_only,,False,False,False,
813,abrupt,frequency,prism,23.0,True,True,False,1.0
814,abrupt,frequency,severity_only,,False,False,False,
814,abrupt,frequency,external_only,,False,False,False,
814,abrupt,frequency,internal_only,,False,False,False,
814,abrupt,frequency,prism,,False,False,False,
815,abrupt,frequency,severity_only,,False,False,False,
815,abrupt,frequency,external_only,,False,False,False,
815,abrupt,frequency,internal_only,,False,False,False,
815,abrupt,frequency,prism,,False,False,False,
816,abrupt,frequency,severity_only,,False,False,False,
816,abrupt,frequency,external_only,,False,False,False,
816,abrupt,frequency,internal_only,,False,False,False,
816,abrupt,frequency,prism,25.0,True,False,False,-1.0
817,abrupt,frequency,severity_only,26.0,True,False,False,-2.0
817,abrupt,frequency,external_only,23.0,True,True,False,1.0
817,abrupt,frequency,internal_only,23.0,True,True,False,1.0
817,abrupt,frequency,prism,23.0,True,True,False,1.0
818,abrupt,frequency,severity_only,24.0,True,True,False,0.0
818,abrupt,frequency,external_only,24.0,True,True,False,0.0
818,abrupt,frequency,internal_only,24.0,True,True,False,0.0
818,abrupt,frequency,prism,22.0,True,True,False,2.0
819,abrupt,frequency,severity_only,27.0,True,False,False,-3.0
819,abrupt,frequency,external_only,26.0,True,False,False,-2.0
819,abrupt,frequency,internal_only,18.0,False,False,True,
819,abrupt,frequency,prism,18.0,False,False,True,
820,abrupt,frequency,severity_only,,False,False,False,
820,abrupt,frequency,external_only,25.0,True,False,False,-1.0
820,abrupt,frequency,internal_only,25.0,True,False,False,-1.0
820,abrupt,frequency,prism,25.0,True,False,False,-1.0
821,abrupt,frequency,severity_only,,False,False,False,
821,abrupt,frequency,external_only,,False,False,False,
821,abrupt,frequency,internal_only,,False,False,False,
821,abrupt,frequency,prism,,False,False,False,
822,abrupt,frequency,severity_only,28.0,True,False,False,-4.0
822,abrupt,frequency,external_only,27.0,True,False,False,-3.0
822,abrupt,frequency,internal_only,22.0,True,True,False,2.0
822,abrupt,frequency,prism,22.0,True,True,False,2.0
823,abrupt,frequency,severity_only,25.0,True,False,False,-1.0
823,abrupt,frequency,external_only,24.0,True,True,False,0.0
823,abrupt,frequency,internal_only,25.0,True,False,False,-1.0
823,abrupt,frequency,prism,25.0,True,False,False,-1.0
824,abrupt,frequency,severity_only,,False,False,False,
824,abrupt,frequency,external_only,,False,False,False,
824,abrupt,frequency,internal_only,,False,False,False,
824,abrupt,frequency,prism,22.0,True,True,False,2.0
825,abrupt,frequency,severity_only,,False,False,False,
825,abrupt,frequency,external_only,26.0,True,False,False,-2.0
825,abrupt,frequency,internal_only,26.0,True,False,False,-2.0
825,abrupt,frequency,prism,25.0,True,False,False,-1.0
826,abrupt,frequency,severity_only,,False,False,False,
826,abrupt,frequency,external_only,27.0,True,False,False,-3.0
826,abrupt,frequency,internal_only,27.0,True,False,False,-3.0
826,abrupt,frequency,prism,27.0,True,False,False,-3.0
827,abrupt,frequency,severity_only,,False,False,False,
827,abrupt,frequency,external_only,,False,False,False,
827,abrupt,frequency,internal_only,39.0,False,False,False,
827,abrupt,frequency,prism,26.0,True,False,False,-2.0
828,abrupt,frequency,severity_only,25.0,True,False,False,-1.0
828,abrupt,frequency,external_only,25.0,True,False,False,-1.0
828,abrupt,frequency,internal_only,26.0,True,False,False,-2.0
828,abrupt,frequency,prism,25.0,True,False,False,-1.0
829,abrupt,frequency,severity_only,,False,False,False,
829,abrupt,frequency,external_only,11.0,False,False,True,
829,abrupt,frequency,internal_only,,False,False,False,
829,abrupt,frequency,prism,11.0,False,False,True,
830,abrupt,frequency,severity_only,,False,False,False,
830,abrupt,frequency,external_only,25.0,True,False,False,-1.0
830,abrupt,frequency,internal_only,,False,False,False,
830,abrupt,frequency,prism,25.0,True,False,False,-1.0
831,abrupt,frequency,severity_only,25.0,True,False,False,-1.0
831,abrupt,frequency,external_only,18.0,False,False,True,
831,abrupt,frequency,internal_only,25.0,True,False,False,-1.0
831,abrupt,frequency,prism,25.0,True,False,False,-1.0
832,abrupt,frequency,severity_only,26.0,True,False,False,-2.0
832,abrupt,frequency,external_only,25.0,True,False,False,-1.0
832,abrupt,frequency,internal_only,26.0,True,False,False,-2.0
832,abrupt,frequency,prism,25.0,True,False,False,-1.0
833,abrupt,frequency,severity_only,,False,False,False,
833,abrupt,frequency,external_only,26.0,True,False,False,-2.0
833,abrupt,frequency,internal_only,,False,False,False,
833,abrupt,frequency,prism,26.0,True,False,False,-2.0
834,abrupt,frequency,severity_only,,False,False,False,
834,abrupt,frequency,external_only,,False,False,False,
834,abrupt,frequency,internal_only,,False,False,False,
834,abrupt,frequency,prism,,False,False,False,
835,abrupt,frequency,severity_only,,False,False,False,
835,abrupt,frequency,external_only,,False,False,False,
835,abrupt,frequency,internal_only,,False,False,False,
835,abrupt,frequency,prism,,False,False,False,
836,abrupt,frequency,severity_only,,False,False,False,
836,abrupt,frequency,external_only,,False,False,False,
836,abrupt,frequency,internal_only,,False,False,False,
836,abrupt,frequency,prism,,False,False,False,
837,abrupt,frequency,severity_only,,False,False,False,
837,abrupt,frequency,external_only,,False,False,False,
837,abrupt,frequency,internal_only,,False,False,False,
837,abrupt,frequency,prism,24.0,True,True,False,0.0
838,abrupt,frequency,severity_only,25.0,True,False,False,-1.0
838,abrupt,frequency,external_only,25.0,True,False,False,-1.0
838,abrupt,frequency,internal_only,25.0,True,False,False,-1.0
838,abrupt,frequency,prism,24.0,True,True,False,0.0
839,abrupt,frequency,severity_only,,False,False,False,
839,abrupt,frequency,external_only,25.0,True,False,False,-1.0
839,abrupt,frequency,internal_only,,False,False,False,
839,abrupt,frequency,prism,,False,False,False,
840,abrupt,frequency,severity_only,,False,False,False,
840,abrupt,frequency,external_only,26.0,True,False,False,-2.0
840,abrupt,frequency,internal_only,,False,False,False,
840,abrupt,frequency,prism,26.0,True,False,False,-2.0
841,abrupt,frequency,severity_only,9.0,False,False,True,
841,abrupt,frequency,external_only,9.0,False,False,True,
841,abrupt,frequency,internal_only,9.0,False,False,True,
841,abrupt,frequency,prism,9.0,False,False,True,
842,abrupt,frequency,severity_only,26.0,True,False,False,-2.0
842,abrupt,frequency,external_only,25.0,True,False,False,-1.0
842,abrupt,frequency,internal_only,17.0,False,False,True,
842,abrupt,frequency,prism,17.0,False,False,True,
843,abrupt,frequency,severity_only,,False,False,False,
843,abrupt,frequency,external_only,,False,False,False,
843,abrupt,frequency,internal_only,29.0,True,False,False,-5.0
843,abrupt,frequency,prism,22.0,True,True,False,2.0
844,abrupt,frequency,severity_only,,False,False,False,
844,abrupt,frequency,external_only,,False,False,False,
844,abrupt,frequency,internal_only,,False,False,False,
844,abrupt,frequency,prism,25.0,True,False,False,-1.0
845,abrupt,frequency,severity_only,,False,False,False,
845,abrupt,frequency,external_only,26.0,True,False,False,-2.0
845,abrupt,frequency,internal_only,,False,False,False,
845,abrupt,frequency,prism,26.0,True,False,False,-2.0
846,abrupt,frequency,severity_only,,False,False,False,
846,abrupt,frequency,external_only,,False,False,False,
846,abrupt,frequency,internal_only,,False,False,False,
846,abrupt,frequency,prism,26.0,True,False,False,-2.0
847,abrupt,frequency,severity_only,,False,False,False,
847,abrupt,frequency,external_only,26.0,True,False,False,-2.0
847,abrupt,frequency,internal_only,,False,False,False,
847,abrupt,frequency,prism,20.0,False,False,True,
848,abrupt,frequency,severity_only,,False,False,False,
848,abrupt,frequency,external_only,,False,False,False,
848,abrupt,frequency,internal_only,,False,False,False,
848,abrupt,frequency,prism,26.0,True,False,False,-2.0
849,abrupt,frequency,severity_only,10.0,False,False,True,
849,abrupt,frequency,external_only,10.0,False,False,True,
849,abrupt,frequency,internal_only,10.0,False,False,True,
849,abrupt,frequency,prism,10.0,False,False,True,
850,abrupt,frequency,severity_only,,False,False,False,
850,abrupt,frequency,external_only,,False,False,False,
850,abrupt,frequency,internal_only,,False,False,False,
850,abrupt,frequency,prism,25.0,True,False,False,-1.0
851,abrupt,frequency,severity_only,26.0,True,False,False,-2.0
851,abrupt,frequency,external_only,26.0,True,False,False,-2.0
851,abrupt,frequency,internal_only,,False,False,False,
851,abrupt,frequency,prism,26.0,True,False,False,-2.0
852,abrupt,frequency,severity_only,,False,False,False,
852,abrupt,frequency,external_only,26.0,True,False,False,-2.0
852,abrupt,frequency,internal_only,,False,False,False,
852,abrupt,frequency,prism,23.0,True,True,False,1.0
853,abrupt,frequency,severity_only,12.0,False,False,True,
853,abrupt,frequency,external_only,12.0,False,False,True,
853,abrupt,frequency,internal_only,12.0,False,False,True,
853,abrupt,frequency,prism,12.0,False,False,True,
854,abrupt,frequency,severity_only,,False,False,False,
854,abrupt,frequency,external_only,,False,False,False,
854,abrupt,frequency,internal_only,,False,False,False,
854,abrupt,frequency,prism,,False,False,False,
855,abrupt,frequency,severity_only,,False,False,False,
855,abrupt,frequency,external_only,25.0,True,False,False,-1.0
855,abrupt,frequency,internal_only,,False,False,False,
855,abrupt,frequency,prism,25.0,True,False,False,-1.0
856,abrupt,frequency,severity_only,,False,False,False,
856,abrupt,frequency,external_only,13.0,False,False,True,
856,abrupt,frequency,internal_only,,False,False,False,
856,abrupt,frequency,prism,13.0,False,False,True,
857,abrupt,frequency,severity_only,27.0,True,False,False,-3.0
857,abrupt,frequency,external_only,26.0,True,False,False,-2.0
857,abrupt,frequency,internal_only,27.0,True,False,False,-3.0
857,abrupt,frequency,prism,27.0,True,False,False,-3.0
858,abrupt,frequency,severity_only,,False,False,False,
858,abrupt,frequency,external_only,25.0,True,False,False,-1.0
858,abrupt,frequency,internal_only,,False,False,False,
858,abrupt,frequency,prism,25.0,True,False,False,-1.0
859,abrupt,frequency,severity_only,,False,False,False,
859,abrupt,frequency,external_only,,False,False,False,
859,abrupt,frequency,internal_only,27.0,True,False,False,-3.0
859,abrupt,frequency,prism,25.0,True,False,False,-1.0
860,abrupt,frequency,severity_only,,False,False,False,
860,abrupt,frequency,external_only,25.0,True,False,False,-1.0
860,abrupt,frequency,internal_only,,False,False,False,
860,abrupt,frequency,prism,26.0,True,False,False,-2.0
861,abrupt,frequency,severity_only,,False,False,False,
861,abrupt,frequency,external_only,,False,False,False,
861,abrupt,frequency,internal_only,,False,False,False,
861,abrupt,frequency,prism,,False,False,False,
862,abrupt,frequency,severity_only,,False,False,False,
862,abrupt,frequency,external_only,,False,False,False,
862,abrupt,frequency,internal_only,37.0,False,False,False,
862,abrupt,frequency,prism,26.0,True,False,False,-2.0
863,abrupt,frequency,severity_only,,False,False,False,
863,abrupt,frequency,external_only,25.0,True,False,False,-1.0
863,abrupt,frequency,internal_only,,False,False,False,
863,abrupt,frequency,prism,25.0,True,False,False,-1.0
864,abrupt,frequency,severity_only,26.0,True,False,False,-2.0
864,abrupt,frequency,external_only,25.0,True,False,False,-1.0
864,abrupt,frequency,internal_only,25.0,True,False,False,-1.0
864,abrupt,frequency,prism,25.0,True,False,False,-1.0
865,abrupt,frequency,severity_only,25.0,True,False,False,-1.0
865,abrupt,frequency,external_only,25.0,True,False,False,-1.0
865,abrupt,frequency,internal_only,25.0,True,False,False,-1.0
865,abrupt,frequency,prism,25.0,True,False,False,-1.0
866,abrupt,frequency,severity_only,24.0,True,True,False,0.0
866,abrupt,frequency,external_only,24.0,True,True,False,0.0
866,abrupt,frequency,internal_only,24.0,True,True,False,0.0
866,abrupt,frequency,prism,24.0,True,True,False,0.0
867,abrupt,frequency,severity_only,8.0,False,False,True,
867,abrupt,frequency,external_only,11.0,False,False,True,
867,abrupt,frequency,internal_only,8.0,False,False,True,
867,abrupt,frequency,prism,11.0,False,False,True,
868,abrupt,frequency,severity_only,25.0,True,False,False,-1.0
868,abrupt,frequency,external_only,25.0,True,False,False,-1.0
868,abrupt,frequency,internal_only,25.0,True,False,False,-1.0
868,abrupt,frequency,prism,25.0,True,False,False,-1.0
869,abrupt,frequency,severity_only,22.0,True,True,False,2.0
869,abrupt,frequency,external_only,,False,False,False,
869,abrupt,frequency,internal_only,,False,False,False,
869,abrupt,frequency,prism,,False,False,False,
870,abrupt,frequency,severity_only,24.0,True,True,False,0.0
870,abrupt,frequency,external_only,24.0,True,True,False,0.0
870,abrupt,frequency,internal_only,24.0,True,True,False,0.0
870,abrupt,frequency,prism,24.0,True,True,False,0.0
871,abrupt,frequency,severity_only,,False,False,False,
871,abrupt,frequency,external_only,26.0,True,False,False,-2.0
871,abrupt,frequency,internal_only,,False,False,False,
871,abrupt,frequency,prism,26.0,True,False,False,-2.0
872,abrupt,frequency,severity_only,26.0,True,False,False,-2.0
872,abrupt,frequency,external_only,25.0,True,False,False,-1.0
872,abrupt,frequency,internal_only,25.0,True,False,False,-1.0
872,abrupt,frequency,prism,25.0,True,False,False,-1.0
873,abrupt,frequency,severity_only,26.0,True,False,False,-2.0
873,abrupt,frequency,external_only,26.0,True,False,False,-2.0
873,abrupt,frequency,internal_only,26.0,True,False,False,-2.0
873,abrupt,frequency,prism,26.0,True,False,False,-2.0
874,abrupt,frequency,severity_only,24.0,True,True,False,0.0
874,abrupt,frequency,external_only,24.0,True,True,False,0.0
874,abrupt,frequency,internal_only,25.0,True,False,False,-1.0
874,abrupt,frequency,prism,24.0,True,True,False,0.0
875,abrupt,frequency,severity_only,,False,False,False,
875,abrupt,frequency,external_only,,False,False,False,
875,abrupt,frequency,internal_only,,False,False,False,
875,abrupt,frequency,prism,,False,False,False,
876,abrupt,frequency,severity_only,26.0,True,False,False,-2.0
876,abrupt,frequency,external_only,25.0,True,False,False,-1.0
876,abrupt,frequency,internal_only,26.0,True,False,False,-2.0
876,abrupt,frequency,prism,25.0,True,False,False,-1.0
877,abrupt,frequency,severity_only,10.0,False,False,True,
877,abrupt,frequency,external_only,10.0,False,False,True,
877,abrupt,frequency,internal_only,10.0,False,False,True,
877,abrupt,frequency,prism,10.0,False,False,True,
878,abrupt,frequency,severity_only,,False,False,False,
878,abrupt,frequency,external_only,25.0,True,False,False,-1.0
878,abrupt,frequency,internal_only,24.0,True,True,False,0.0
878,abrupt,frequency,prism,22.0,True,True,False,2.0
879,abrupt,frequency,severity_only,,False,False,False,
879,abrupt,frequency,external_only,,False,False,False,
879,abrupt,frequency,internal_only,,False,False,False,
879,abrupt,frequency,prism,,False,False,False,
880,abrupt,frequency,severity_only,24.0,True,True,False,0.0
880,abrupt,frequency,external_only,24.0,True,True,False,0.0
880,abrupt,frequency,internal_only,24.0,True,True,False,0.0
880,abrupt,frequency,prism,24.0,True,True,False,0.0
881,abrupt,frequency,severity_only,,False,False,False,
881,abrupt,frequency,external_only,,False,False,False,
881,abrupt,frequency,internal_only,,False,False,False,
881,abrupt,frequency,prism,25.0,True,False,False,-1.0
882,abrupt,frequency,severity_only,24.0,True,True,False,0.0
882,abrupt,frequency,external_only,24.0,True,True,False,0.0
882,abrupt,frequency,internal_only,24.0,True,True,False,0.0
882,abrupt,frequency,prism,24.0,True,True,False,0.0
883,abrupt,frequency,severity_only,26.0,True,False,False,-2.0
883,abrupt,frequency,external_only,25.0,True,False,False,-1.0
883,abrupt,frequency,internal_only,26.0,True,False,False,-2.0
883,abrupt,frequency,prism,25.0,True,False,False,-1.0
884,abrupt,frequency,severity_only,,False,False,False,
884,abrupt,frequency,external_only,,False,False,False,
884,abrupt,frequency,internal_only,,False,False,False,
884,abrupt,frequency,prism,25.0,True,False,False,-1.0
885,abrupt,frequency,severity_only,26.0,True,False,False,-2.0
885,abrupt,frequency,external_only,25.0,True,False,False,-1.0
885,abrupt,frequency,internal_only,25.0,True,False,False,-1.0
885,abrupt,frequency,prism,25.0,True,False,False,-1.0
886,abrupt,frequency,severity_only,24.0,True,True,False,0.0
886,abrupt,frequency,external_only,24.0,True,True,False,0.0
886,abrupt,frequency,internal_only,24.0,True,True,False,0.0
886,abrupt,frequency,prism,24.0,True,True,False,0.0
887,abrupt,frequency,severity_only,26.0,True,False,False,-2.0
887,abrupt,frequency,external_only,25.0,True,False,False,-1.0
887,abrupt,frequency,internal_only,,False,False,False,
887,abrupt,frequency,prism,26.0,True,False,False,-2.0
888,abrupt,frequency,severity_only,,False,False,False,
888,abrupt,frequency,external_only,25.0,True,False,False,-1.0
888,abrupt,frequency,internal_only,24.0,True,True,False,0.0
888,abrupt,frequency,prism,24.0,True,True,False,0.0
889,abrupt,frequency,severity_only,,False,False,False,
889,abrupt,frequency,external_only,,False,False,False,
889,abrupt,frequency,internal_only,27.0,True,False,False,-3.0
889,abrupt,frequency,prism,26.0,True,False,False,-2.0
890,abrupt,frequency,severity_only,26.0,True,False,False,-2.0
890,abrupt,frequency,external_only,26.0,True,False,False,-2.0
890,abrupt,frequency,internal_only,26.0,True,False,False,-2.0
890,abrupt,frequency,prism,26.0,True,False,False,-2.0
891,abrupt,frequency,severity_only,,False,False,False,
891,abrupt,frequency,external_only,25.0,True,False,False,-1.0
891,abrupt,frequency,internal_only,,False,False,False,
891,abrupt,frequency,prism,25.0,True,False,False,-1.0
892,abrupt,frequency,severity_only,27.0,True,False,False,-3.0
892,abrupt,frequency,external_only,26.0,True,False,False,-2.0
892,abrupt,frequency,internal_only,,False,False,False,
892,abrupt,frequency,prism,26.0,True,False,False,-2.0
893,abrupt,frequency,severity_only,,False,False,False,
893,abrupt,frequency,external_only,,False,False,False,
893,abrupt,frequency,internal_only,,False,False,False,
893,abrupt,frequency,prism,,False,False,False,
894,abrupt,frequency,severity_only,,False,False,False,
894,abrupt,frequency,external_only,,False,False,False,
894,abrupt,frequency,internal_only,,False,False,False,
894,abrupt,frequency,prism,24.0,True,True,False,0.0
895,abrupt,frequency,severity_only,25.0,True,False,False,-1.0
895,abrupt,frequency,external_only,25.0,True,False,False,-1.0
895,abrupt,frequency,internal_only,25.0,True,False,False,-1.0
895,abrupt,frequency,prism,24.0,True,True,False,0.0
896,abrupt,frequency,severity_only,26.0,True,False,False,-2.0
896,abrupt,frequency,external_only,25.0,True,False,False,-1.0
896,abrupt,frequency,internal_only,25.0,True,False,False,-1.0
896,abrupt,frequency,prism,24.0,True,True,False,0.0
897,abrupt,frequency,severity_only,25.0,True,False,False,-1.0
897,abrupt,frequency,external_only,25.0,True,False,False,-1.0
897,abrupt,frequency,internal_only,,False,False,False,
897,abrupt,frequency,prism,25.0,True,False,False,-1.0
898,abrupt,frequency,severity_only,26.0,True,False,False,-2.0
898,abrupt,frequency,external_only,26.0,True,False,False,-2.0
898,abrupt,frequency,internal_only,26.0,True,False,False,-2.0
898,abrupt,frequency,prism,26.0,True,False,False,-2.0
899,abrupt,frequency,severity_only,,False,False,False,
899,abrupt,frequency,external_only,,False,False,False,
899,abrupt,frequency,internal_only,,False,False,False,
899,abrupt,frequency,prism,25.0,True,False,False,-1.0
900,abrupt,frequency,severity_only,,False,False,False,
900,abrupt,frequency,external_only,,False,False,False,
900,abrupt,frequency,internal_only,,False,False,False,
900,abrupt,frequency,prism,28.0,True,False,False,-4.0
901,abrupt,frequency,severity_only,,False,False,False,
901,abrupt,frequency,external_only,,False,False,False,
901,abrupt,frequency,internal_only,,False,False,False,
901,abrupt,frequency,prism,,False,False,False,
902,abrupt,frequency,severity_only,,False,False,False,
902,abrupt,frequency,external_only,28.0,True,False,False,-4.0
902,abrupt,frequency,internal_only,,False,False,False,
902,abrupt,frequency,prism,27.0,True,False,False,-3.0
903,abrupt,frequency,severity_only,4.0,False,False,True,
903,abrupt,frequency,external_only,4.0,False,False,True,
903,abrupt,frequency,internal_only,4.0,False,False,True,
903,abrupt,frequency,prism,4.0,False,False,True,
904,abrupt,frequency,severity_only,25.0,True,False,False,-1.0
904,abrupt,frequency,external_only,25.0,True,False,False,-1.0
904,abrupt,frequency,internal_only,25.0,True,False,False,-1.0
904,abrupt,frequency,prism,25.0,True,False,False,-1.0
905,abrupt,frequency,severity_only,,False,False,False,
905,abrupt,frequency,external_only,25.0,True,False,False,-1.0
905,abrupt,frequency,internal_only,,False,False,False,
905,abrupt,frequency,prism,25.0,True,False,False,-1.0
906,abrupt,frequency,severity_only,,False,False,False,
906,abrupt,frequency,external_only,,False,False,False,
906,abrupt,frequency,internal_only,39.0,False,False,False,
906,abrupt,frequency,prism,23.0,True,True,False,1.0
907,abrupt,frequency,severity_only,,False,False,False,
907,abrupt,frequency,external_only,17.0,False,False,True,
907,abrupt,frequency,internal_only,25.0,True,False,False,-1.0
907,abrupt,frequency,prism,17.0,False,False,True,
908,abrupt,frequency,severity_only,13.0,False,False,True,
908,abrupt,frequency,external_only,13.0,False,False,True,
908,abrupt,frequency,internal_only,13.0,False,False,True,
908,abrupt,frequency,prism,13.0,False,False,True,
909,abrupt,frequency,severity_only,,False,False,False,
909,abrupt,frequency,external_only,,False,False,False,
909,abrupt,frequency,internal_only,25.0,True,False,False,-1.0
909,abrupt,frequency,prism,24.0,True,True,False,0.0
910,abrupt,frequency,severity_only,,False,False,False,
910,abrupt,frequency,external_only,26.0,True,False,False,-2.0
910,abrupt,frequency,internal_only,,False,False,False,
910,abrupt,frequency,prism,,False,False,False,
911,abrupt,frequency,severity_only,28.0,True,False,False,-4.0
911,abrupt,frequency,external_only,28.0,True,False,False,-4.0
911,abrupt,frequency,internal_only,28.0,True,False,False,-4.0
911,abrupt,frequency,prism,27.0,True,False,False,-3.0
912,abrupt,frequency,severity_only,,False,False,False,
912,abrupt,frequency,external_only,,False,False,False,
912,abrupt,frequency,internal_only,,False,False,False,
912,abrupt,frequency,prism,,False,False,False,
913,abrupt,frequency,severity_only,25.0,True,False,False,-1.0
913,abrupt,frequency,external_only,25.0,True,False,False,-1.0
913,abrupt,frequency,internal_only,25.0,True,False,False,-1.0
913,abrupt,frequency,prism,25.0,True,False,False,-1.0
914,abrupt,frequency,severity_only,,False,False,False,
914,abrupt,frequency,external_only,25.0,True,False,False,-1.0
914,abrupt,frequency,internal_only,,False,False,False,
914,abrupt,frequency,prism,25.0,True,False,False,-1.0
915,abrupt,frequency,severity_only,,False,False,False,
915,abrupt,frequency,external_only,8.0,False,False,True,
915,abrupt,frequency,internal_only,,False,False,False,
915,abrupt,frequency,prism,8.0,False,False,True,
916,abrupt,frequency,severity_only,,False,False,False,
916,abrupt,frequency,external_only,25.0,True,False,False,-1.0
916,abrupt,frequency,internal_only,,False,False,False,
916,abrupt,frequency,prism,24.0,True,True,False,0.0
917,abrupt,frequency,severity_only,16.0,False,False,True,
917,abrupt,frequency,external_only,16.0,False,False,True,
917,abrupt,frequency,internal_only,16.0,False,False,True,
917,abrupt,frequency,prism,16.0,False,False,True,
918,abrupt,frequency,severity_only,,False,False,False,
918,abrupt,frequency,external_only,25.0,True,False,False,-1.0
918,abrupt,frequency,internal_only,25.0,True,False,False,-1.0
918,abrupt,frequency,prism,24.0,True,True,False,0.0
919,abrupt,frequency,severity_only,,False,False,False,
919,abrupt,frequency,external_only,,False,False,False,
919,abrupt,frequency,internal_only,,False,False,False,
919,abrupt,frequency,prism,,False,False,False,
920,abrupt,frequency,severity_only,,False,False,False,
920,abrupt,frequency,external_only,26.0,True,False,False,-2.0
920,abrupt,frequency,internal_only,,False,False,False,
920,abrupt,frequency,prism,,False,False,False,
921,abrupt,frequency,severity_only,,False,False,False,
921,abrupt,frequency,external_only,26.0,True,False,False,-2.0
921,abrupt,frequency,internal_only,,False,False,False,
921,abrupt,frequency,prism,,False,False,False,
922,abrupt,frequency,severity_only,,False,False,False,
922,abrupt,frequency,external_only,,False,False,False,
922,abrupt,frequency,internal_only,,False,False,False,
922,abrupt,frequency,prism,,False,False,False,
923,abrupt,frequency,severity_only,24.0,True,True,False,0.0
923,abrupt,frequency,external_only,24.0,True,True,False,0.0
923,abrupt,frequency,internal_only,23.0,True,True,False,1.0
923,abrupt,frequency,prism,23.0,True,True,False,1.0
924,abrupt,frequency,severity_only,,False,False,False,
924,abrupt,frequency,external_only,,False,False,False,
924,abrupt,frequency,internal_only,,False,False,False,
924,abrupt,frequency,prism,24.0,True,True,False,0.0
925,abrupt,frequency,severity_only,,False,False,False,
925,abrupt,frequency,external_only,,False,False,False,
925,abrupt,frequency,internal_only,,False,False,False,
925,abrupt,frequency,prism,24.0,True,True,False,0.0
926,abrupt,frequency,severity_only,25.0,True,False,False,-1.0
926,abrupt,frequency,external_only,24.0,True,True,False,0.0
926,abrupt,frequency,internal_only,25.0,True,False,False,-1.0
926,abrupt,frequency,prism,24.0,True,True,False,0.0
927,abrupt,frequency,severity_only,,False,False,False,
927,abrupt,frequency,external_only,,False,False,False,
927,abrupt,frequency,internal_only,38.0,False,False,False,
927,abrupt,frequency,prism,26.0,True,False,False,-2.0
928,abrupt,frequency,severity_only,24.0,True,True,False,0.0
928,abrupt,frequency,external_only,24.0,True,True,False,0.0
928,abrupt,frequency,internal_only,24.0,True,True,False,0.0
928,abrupt,frequency,prism,24.0,True,True,False,0.0
929,abrupt,frequency,severity_only,25.0,True,False,False,-1.0
929,abrupt,frequency,external_only,25.0,True,False,False,-1.0
929,abrupt,frequency,internal_only,25.0,True,False,False,-1.0
929,abrupt,frequency,prism,25.0,True,False,False,-1.0
930,abrupt,frequency,severity_only,,False,False,False,
930,abrupt,frequency,external_only,,False,False,False,
930,abrupt,frequency,internal_only,,False,False,False,
930,abrupt,frequency,prism,27.0,True,False,False,-3.0
931,abrupt,frequency,severity_only,25.0,True,False,False,-1.0
931,abrupt,frequency,external_only,25.0,True,False,False,-1.0
931,abrupt,frequency,internal_only,25.0,True,False,False,-1.0
931,abrupt,frequency,prism,25.0,True,False,False,-1.0
932,abrupt,frequency,severity_only,,False,False,False,
932,abrupt,frequency,external_only,,False,False,False,
932,abrupt,frequency,internal_only,,False,False,False,
932,abrupt,frequency,prism,,False,False,False,
933,abrupt,frequency,severity_only,,False,False,False,
933,abrupt,frequency,external_only,,False,False,False,
933,abrupt,frequency,internal_only,26.0,True,False,False,-2.0
933,abrupt,frequency,prism,25.0,True,False,False,-1.0
934,abrupt,frequency,severity_only,,False,False,False,
934,abrupt,frequency,external_only,25.0,True,False,False,-1.0
934,abrupt,frequency,internal_only,,False,False,False,
934,abrupt,frequency,prism,26.0,True,False,False,-2.0
935,abrupt,frequency,severity_only,,False,False,False,
935,abrupt,frequency,external_only,10.0,False,False,True,
935,abrupt,frequency,internal_only,,False,False,False,
935,abrupt,frequency,prism,10.0,False,False,True,
936,abrupt,frequency,severity_only,25.0,True,False,False,-1.0
936,abrupt,frequency,external_only,25.0,True,False,False,-1.0
936,abrupt,frequency,internal_only,25.0,True,False,False,-1.0
936,abrupt,frequency,prism,25.0,True,False,False,-1.0
937,abrupt,frequency,severity_only,26.0,True,False,False,-2.0
937,abrupt,frequency,external_only,6.0,False,False,True,
937,abrupt,frequency,internal_only,26.0,True,False,False,-2.0
937,abrupt,frequency,prism,6.0,False,False,True,
938,abrupt,frequency,severity_only,,False,False,False,
938,abrupt,frequency,external_only,,False,False,False,
938,abrupt,frequency,internal_only,,False,False,False,
938,abrupt,frequency,prism,,False,False,False,
939,abrupt,frequency,severity_only,,False,False,False,
939,abrupt,frequency,external_only,,False,False,False,
939,abrupt,frequency,internal_only,,False,False,False,
939,abrupt,frequency,prism,25.0,True,False,False,-1.0
940,abrupt,frequency,severity_only,,False,False,False,
940,abrupt,frequency,external_only,,False,False,False,
940,abrupt,frequency,internal_only,20.0,False,False,True,
940,abrupt,frequency,prism,19.0,False,False,True,
941,abrupt,frequency,severity_only,,False,False,False,
941,abrupt,frequency,external_only,,False,False,False,
941,abrupt,frequency,internal_only,,False,False,False,
941,abrupt,frequency,prism,26.0,True,False,False,-2.0
942,abrupt,frequency,severity_only,,False,False,False,
942,abrupt,frequency,external_only,23.0,True,True,False,1.0
942,abrupt,frequency,internal_only,,False,False,False,
942,abrupt,frequency,prism,23.0,True,True,False,1.0
943,abrupt,frequency,severity_only,,False,False,False,
943,abrupt,frequency,external_only,26.0,True,False,False,-2.0
943,abrupt,frequency,internal_only,,False,False,False,
943,abrupt,frequency,prism,26.0,True,False,False,-2.0
944,abrupt,frequency,severity_only,25.0,True,False,False,-1.0
944,abrupt,frequency,external_only,24.0,True,True,False,0.0
944,abrupt,frequency,internal_only,25.0,True,False,False,-1.0
944,abrupt,frequency,prism,24.0,True,True,False,0.0
945,abrupt,frequency,severity_only,,False,False,False,
945,abrupt,frequency,external_only,,False,False,False,
945,abrupt,frequency,internal_only,,False,False,False,
945,abrupt,frequency,prism,24.0,True,True,False,0.0
946,abrupt,frequency,severity_only,,False,False,False,
946,abrupt,frequency,external_only,,False,False,False,
946,abrupt,frequency,internal_only,,False,False,False,
946,abrupt,frequency,prism,,False,False,False,
947,abrupt,frequency,severity_only,,False,False,False,
947,abrupt,frequency,external_only,,False,False,False,
947,abrupt,frequency,internal_only,27.0,True,False,False,-3.0
947,abrupt,frequency,prism,25.0,True,False,False,-1.0
948,abrupt,frequency,severity_only,11.0,False,False,True,
948,abrupt,frequency,external_only,25.0,True,False,False,-1.0
948,abrupt,frequency,internal_only,11.0,False,False,True,
948,abrupt,frequency,prism,24.0,True,True,False,0.0
949,abrupt,frequency,severity_only,,False,False,False,
949,abrupt,frequency,external_only,,False,False,False,
949,abrupt,frequency,internal_only,,False,False,False,
949,abrupt,frequency,prism,25.0,True,False,False,-1.0
950,abrupt,frequency,severity_only,,False,False,False,
950,abrupt,frequency,external_only,,False,False,False,
950,abrupt,frequency,internal_only,,False,False,False,
950,abrupt,frequency,prism,26.0,True,False,False,-2.0
951,abrupt,frequency,severity_only,,False,False,False,
951,abrupt,frequency,external_only,,False,False,False,
951,abrupt,frequency,internal_only,,False,False,False,
951,abrupt,frequency,prism,24.0,True,True,False,0.0
952,abrupt,frequency,severity_only,,False,False,False,
952,abrupt,frequency,external_only,,False,False,False,
952,abrupt,frequency,internal_only,30.0,True,False,False,-6.0
952,abrupt,frequency,prism,30.0,True,False,False,-6.0
953,abrupt,frequency,severity_only,,False,False,False,
953,abrupt,frequency,external_only,24.0,True,True,False,0.0
953,abrupt,frequency,internal_only,24.0,True,True,False,0.0
953,abrupt,frequency,prism,24.0,True,True,False,0.0
954,abrupt,frequency,severity_only,,False,False,False,
954,abrupt,frequency,external_only,,False,False,False,
954,abrupt,frequency,internal_only,,False,False,False,
954,abrupt,frequency,prism,,False,False,False,
955,abrupt,frequency,severity_only,25.0,True,False,False,-1.0
955,abrupt,frequency,external_only,25.0,True,False,False,-1.0
955,abrupt,frequency,internal_only,25.0,True,False,False,-1.0
955,abrupt,frequency,prism,25.0,True,False,False,-1.0
956,abrupt,frequency,severity_only,,False,False,False,
956,abrupt,frequency,external_only,,False,False,False,
956,abrupt,frequency,internal_only,,False,False,False,
956,abrupt,frequency,prism,,False,False,False,
957,abrupt,frequency,severity_only,,False,False,False,
957,abrupt,frequency,external_only,24.0,True,True,False,0.0
957,abrupt,frequency,internal_only,24.0,True,True,False,0.0
957,abrupt,frequency,prism,24.0,True,True,False,0.0
958,abrupt,frequency,severity_only,25.0,True,False,False,-1.0
958,abrupt,frequency,external_only,25.0,True,False,False,-1.0
958,abrupt,frequency,internal_only,25.0,True,False,False,-1.0
958,abrupt,frequency,prism,21.0,False,False,False,
959,abrupt,frequency,severity_only,13.0,False,False,True,
959,abrupt,frequency,external_only,13.0,False,False,True,
959,abrupt,frequency,internal_only,13.0,False,False,True,
959,abrupt,frequency,prism,13.0,False,False,True,
960,abrupt,frequency,severity_only,,False,False,False,
960,abrupt,frequency,external_only,,False,False,False,
960,abrupt,frequency,internal_only,,False,False,False,
960,abrupt,frequency,prism,27.0,True,False,False,-3.0
961,abrupt,frequency,severity_only,25.0,True,False,False,-1.0
961,abrupt,frequency,external_only,24.0,True,True,False,0.0
961,abrupt,frequency,internal_only,25.0,True,False,False,-1.0
961,abrupt,frequency,prism,25.0,True,False,False,-1.0
962,abrupt,frequency,severity_only,24.0,True,True,False,0.0
962,abrupt,frequency,external_only,24.0,True,True,False,0.0
962,abrupt,frequency,internal_only,24.0,True,True,False,0.0
962,abrupt,frequency,prism,24.0,True,True,False,0.0
963,abrupt,frequency,severity_only,,False,False,False,
963,abrupt,frequency,external_only,,False,False,False,
963,abrupt,frequency,internal_only,,False,False,False,
963,abrupt,frequency,prism,,False,False,False,
964,abrupt,frequency,severity_only,,False,False,False,
964,abrupt,frequency,external_only,,False,False,False,
964,abrupt,frequency,internal_only,,False,False,False,
964,abrupt,frequency,prism,,False,False,False,
965,abrupt,frequency,severity_only,,False,False,False,
965,abrupt,frequency,external_only,,False,False,False,
965,abrupt,frequency,internal_only,33.0,False,False,False,
965,abrupt,frequency,prism,24.0,True,True,False,0.0
966,abrupt,frequency,severity_only,,False,False,False,
966,abrupt,frequency,external_only,,False,False,False,
966,abrupt,frequency,internal_only,,False,False,False,
966,abrupt,frequency,prism,,False,False,False,
967,abrupt,frequency,severity_only,26.0,True,False,False,-2.0
967,abrupt,frequency,external_only,15.0,False,False,True,
967,abrupt,frequency,internal_only,26.0,True,False,False,-2.0
967,abrupt,frequency,prism,15.0,False,False,True,
968,abrupt,frequency,severity_only,,False,False,False,
968,abrupt,frequency,external_only,,False,False,False,
968,abrupt,frequency,internal_only,,False,False,False,
968,abrupt,frequency,prism,23.0,True,True,False,1.0
969,abrupt,frequency,severity_only,,False,False,False,
969,abrupt,frequency,external_only,,False,False,False,
969,abrupt,frequency,internal_only,30.0,True,False,False,-6.0
969,abrupt,frequency,prism,24.0,True,True,False,0.0
970,abrupt,frequency,severity_only,,False,False,False,
970,abrupt,frequency,external_only,,False,False,False,
970,abrupt,frequency,internal_only,,False,False,False,
970,abrupt,frequency,prism,,False,False,False,
971,abrupt,frequency,severity_only,,False,False,False,
971,abrupt,frequency,external_only,27.0,True,False,False,-3.0
971,abrupt,frequency,internal_only,,False,False,False,
971,abrupt,frequency,prism,25.0,True,False,False,-1.0
972,abrupt,frequency,severity_only,26.0,True,False,False,-2.0
972,abrupt,frequency,external_only,25.0,True,False,False,-1.0
972,abrupt,frequency,internal_only,26.0,True,False,False,-2.0
972,abrupt,frequency,prism,25.0,True,False,False,-1.0
973,abrupt,frequency,severity_only,26.0,True,False,False,-2.0
973,abrupt,frequency,external_only,25.0,True,False,False,-1.0
973,abrupt,frequency,internal_only,26.0,True,False,False,-2.0
973,abrupt,frequency,prism,26.0,True,False,False,-2.0
974,abrupt,frequency,severity_only,11.0,False,False,True,
974,abrupt,frequency,external_only,11.0,False,False,True,
974,abrupt,frequency,internal_only,11.0,False,False,True,
974,abrupt,frequency,prism,11.0,False,False,True,
975,abrupt,frequency,severity_only,25.0,True,False,False,-1.0
975,abrupt,frequency,external_only,24.0,True,True,False,0.0
975,abrupt,frequency,internal_only,25.0,True,False,False,-1.0
975,abrupt,frequency,prism,25.0,True,False,False,-1.0
976,abrupt,frequency,severity_only,5.0,False,False,True,
976,abrupt,frequency,external_only,5.0,False,False,True,
976,abrupt,frequency,internal_only,5.0,False,False,True,
976,abrupt,frequency,prism,5.0,False,False,True,
977,abrupt,frequency,severity_only,,False,False,False,
977,abrupt,frequency,external_only,26.0,True,False,False,-2.0
977,abrupt,frequency,internal_only,26.0,True,False,False,-2.0
977,abrupt,frequency,prism,25.0,True,False,False,-1.0
978,abrupt,frequency,severity_only,25.0,True,False,False,-1.0
978,abrupt,frequency,external_only,25.0,True,False,False,-1.0
978,abrupt,frequency,internal_only,25.0,True,False,False,-1.0
978,abrupt,frequency,prism,24.0,True,True,False,0.0
979,abrupt,frequency,severity_only,,False,False,False,
979,abrupt,frequency,external_only,26.0,True,False,False,-2.0
979,abrupt,frequency,internal_only,26.0,True,False,False,-2.0
979,abrupt,frequency,prism,26.0,True,False,False,-2.0
980,abrupt,frequency,severity_only,,False,False,False,
980,abrupt,frequency,external_only,24.0,True,True,False,0.0
980,abrupt,frequency,internal_only,,False,False,False,
980,abrupt,frequency,prism,24.0,True,True,False,0.0
981,abrupt,frequency,severity_only,,False,False,False,
981,abrupt,frequency,external_only,22.0,True,True,False,2.0
981,abrupt,frequency,internal_only,22.0,True,True,False,2.0
981,abrupt,frequency,prism,22.0,True,True,False,2.0
982,abrupt,frequency,severity_only,25.0,True,False,False,-1.0
982,abrupt,frequency,external_only,24.0,True,True,False,0.0
982,abrupt,frequency,internal_only,24.0,True,True,False,0.0
982,abrupt,frequency,prism,24.0,True,True,False,0.0
983,abrupt,frequency,severity_only,25.0,True,False,False,-1.0
983,abrupt,frequency,external_only,25.0,True,False,False,-1.0
983,abrupt,frequency,internal_only,25.0,True,False,False,-1.0
983,abrupt,frequency,prism,25.0,True,False,False,-1.0
984,abrupt,frequency,severity_only,,False,False,False,
984,abrupt,frequency,external_only,,False,False,False,
984,abrupt,frequency,internal_only,,False,False,False,
984,abrupt,frequency,prism,,False,False,False,
985,abrupt,frequency,severity_only,,False,False,False,
985,abrupt,frequency,external_only,27.0,True,False,False,-3.0
985,abrupt,frequency,internal_only,,False,False,False,
985,abrupt,frequency,prism,27.0,True,False,False,-3.0
986,abrupt,frequency,severity_only,,False,False,False,
986,abrupt,frequency,external_only,,False,False,False,
986,abrupt,frequency,internal_only,,False,False,False,
986,abrupt,frequency,prism,,False,False,False,
987,abrupt,frequency,severity_only,26.0,True,False,False,-2.0
987,abrupt,frequency,external_only,25.0,True,False,False,-1.0
987,abrupt,frequency,internal_only,26.0,True,False,False,-2.0
987,abrupt,frequency,prism,25.0,True,False,False,-1.0
988,abrupt,frequency,severity_only,,False,False,False,
988,abrupt,frequency,external_only,25.0,True,False,False,-1.0
988,abrupt,frequency,internal_only,32.0,False,False,False,
988,abrupt,frequency,prism,25.0,True,False,False,-1.0
989,abrupt,frequency,severity_only,,False,False,False,
989,abrupt,frequency,external_only,,False,False,False,
989,abrupt,frequency,internal_only,,False,False,False,
989,abrupt,frequency,prism,,False,False,False,
990,abrupt,frequency,severity_only,,False,False,False,
990,abrupt,frequency,external_only,27.0,True,False,False,-3.0
990,abrupt,frequency,internal_only,38.0,False,False,False,
990,abrupt,frequency,prism,24.0,True,True,False,0.0
991,abrupt,frequency,severity_only,25.0,True,False,False,-1.0
991,abrupt,frequency,external_only,24.0,True,True,False,0.0
991,abrupt,frequency,internal_only,25.0,True,False,False,-1.0
991,abrupt,frequency,prism,24.0,True,True,False,0.0
992,abrupt,frequency,severity_only,25.0,True,False,False,-1.0
992,abrupt,frequency,external_only,25.0,True,False,False,-1.0
992,abrupt,frequency,internal_only,25.0,True,False,False,-1.0
992,abrupt,frequency,prism,24.0,True,True,False,0.0
993,abrupt,frequency,severity_only,26.0,True,False,False,-2.0
993,abrupt,frequency,external_only,26.0,True,False,False,-2.0
993,abrupt,frequency,internal_only,,False,False,False,
993,abrupt,frequency,prism,20.0,False,False,True,
994,abrupt,frequency,severity_only,24.0,True,True,False,0.0
994,abrupt,frequency,external_only,24.0,True,True,False,0.0
994,abrupt,frequency,internal_only,24.0,True,True,False,0.0
994,abrupt,frequency,prism,24.0,True,True,False,0.0
995,abrupt,frequency,severity_only,14.0,False,False,True,
995,abrupt,frequency,external_only,25.0,True,False,False,-1.0
995,abrupt,frequency,internal_only,14.0,False,False,True,
995,abrupt,frequency,prism,25.0,True,False,False,-1.0
996,abrupt,frequency,severity_only,,False,False,False,
996,abrupt,frequency,external_only,25.0,True,False,False,-1.0
996,abrupt,frequency,internal_only,26.0,True,False,False,-2.0
996,abrupt,frequency,prism,25.0,True,False,False,-1.0
997,abrupt,frequency,severity_only,25.0,True,False,False,-1.0
997,abrupt,frequency,external_only,25.0,True,False,False,-1.0
997,abrupt,frequency,internal_only,25.0,True,False,False,-1.0
997,abrupt,frequency,prism,25.0,True,False,False,-1.0
998,abrupt,frequency,severity_only,,False,False,False,
998,abrupt,frequency,external_only,22.0,True,True,False,2.0
998,abrupt,frequency,internal_only,,False,False,False,
998,abrupt,frequency,prism,26.0,True,False,False,-2.0
999,abrupt,frequency,severity_only,,False,False,False,
999,abrupt,frequency,external_only,,False,False,False,
999,abrupt,frequency,internal_only,,False,False,False,
999,abrupt,frequency,prism,25.0,True,False,False,-1.0
0,gradual,frequency,severity_only,,False,False,False,
0,gradual,frequency,external_only,,False,False,False,
0,gradual,frequency,internal_only,,False,False,False,
0,gradual,frequency,prism,25.0,True,False,False,-1.0
1,gradual,frequency,severity_only,,False,False,False,
1,gradual,frequency,external_only,,False,False,False,
1,gradual,frequency,internal_only,39.0,False,False,False,
1,gradual,frequency,prism,24.0,True,True,False,0.0
2,gradual,frequency,severity_only,,False,False,False,
2,gradual,frequency,external_only,25.0,True,False,False,-1.0
2,gradual,frequency,internal_only,29.0,True,False,False,-5.0
2,gradual,frequency,prism,23.0,True,True,False,1.0
3,gradual,frequency,severity_only,,False,False,False,
3,gradual,frequency,external_only,,False,False,False,
3,gradual,frequency,internal_only,,False,False,False,
3,gradual,frequency,prism,,False,False,False,
4,gradual,frequency,severity_only,,False,False,False,
4,gradual,frequency,external_only,21.0,False,False,False,
4,gradual,frequency,internal_only,,False,False,False,
4,gradual,frequency,prism,24.0,True,True,False,0.0
5,gradual,frequency,severity_only,,False,False,False,
5,gradual,frequency,external_only,,False,False,False,
5,gradual,frequency,internal_only,,False,False,False,
5,gradual,frequency,prism,,False,False,False,
6,gradual,frequency,severity_only,,False,False,False,
6,gradual,frequency,external_only,,False,False,False,
6,gradual,frequency,internal_only,27.0,True,False,False,-3.0
6,gradual,frequency,prism,24.0,True,True,False,0.0
7,gradual,frequency,severity_only,,False,False,False,
7,gradual,frequency,external_only,,False,False,False,
7,gradual,frequency,internal_only,,False,False,False,
7,gradual,frequency,prism,37.0,False,False,False,
8,gradual,frequency,severity_only,,False,False,False,
8,gradual,frequency,external_only,28.0,True,False,False,-4.0
8,gradual,frequency,internal_only,28.0,True,False,False,-4.0
8,gradual,frequency,prism,28.0,True,False,False,-4.0
9,gradual,frequency,severity_only,,False,False,False,
9,gradual,frequency,external_only,,False,False,False,
9,gradual,frequency,internal_only,36.0,False,False,False,
9,gradual,frequency,prism,29.0,True,False,False,-5.0
10,gradual,frequency,severity_only,,False,False,False,
10,gradual,frequency,external_only,,False,False,False,
10,gradual,frequency,internal_only,37.0,False,False,False,
10,gradual,frequency,prism,26.0,True,False,False,-2.0
11,gradual,frequency,severity_only,,False,False,False,
11,gradual,frequency,external_only,33.0,False,False,False,
11,gradual,frequency,internal_only,33.0,False,False,False,
11,gradual,frequency,prism,33.0,False,False,False,
12,gradual,frequency,severity_only,,False,False,False,
12,gradual,frequency,external_only,27.0,True,False,False,-3.0
12,gradual,frequency,internal_only,,False,False,False,
12,gradual,frequency,prism,27.0,True,False,False,-3.0
13,gradual,frequency,severity_only,,False,False,False,
13,gradual,frequency,external_only,,False,False,False,
13,gradual,frequency,internal_only,,False,False,False,
13,gradual,frequency,prism,28.0,True,False,False,-4.0
14,gradual,frequency,severity_only,,False,False,False,
14,gradual,frequency,external_only,,False,False,False,
14,gradual,frequency,internal_only,,False,False,False,
14,gradual,frequency,prism,,False,False,False,
15,gradual,frequency,severity_only,,False,False,False,
15,gradual,frequency,external_only,,False,False,False,
15,gradual,frequency,internal_only,,False,False,False,
15,gradual,frequency,prism,,False,False,False,
16,gradual,frequency,severity_only,,False,False,False,
16,gradual,frequency,external_only,,False,False,False,
16,gradual,frequency,internal_only,,False,False,False,
16,gradual,frequency,prism,,False,False,False,
17,gradual,frequency,severity_only,,False,False,False,
17,gradual,frequency,external_only,,False,False,False,
17,gradual,frequency,internal_only,,False,False,False,
17,gradual,frequency,prism,,False,False,False,
18,gradual,frequency,severity_only,,False,False,False,
18,gradual,frequency,external_only,,False,False,False,
18,gradual,frequency,internal_only,,False,False,False,
18,gradual,frequency,prism,,False,False,False,
19,gradual,frequency,severity_only,,False,False,False,
19,gradual,frequency,external_only,,False,False,False,
19,gradual,frequency,internal_only,,False,False,False,
19,gradual,frequency,prism,,False,False,False,
20,gradual,frequency,severity_only,,False,False,False,
20,gradual,frequency,external_only,,False,False,False,
20,gradual,frequency,internal_only,20.0,False,False,True,
20,gradual,frequency,prism,,False,False,False,
21,gradual,frequency,severity_only,,False,False,False,
21,gradual,frequency,external_only,,False,False,False,
21,gradual,frequency,internal_only,,False,False,False,
21,gradual,frequency,prism,,False,False,False,
22,gradual,frequency,severity_only,,False,False,False,
22,gradual,frequency,external_only,27.0,True,False,False,-3.0
22,gradual,frequency,internal_only,,False,False,False,
22,gradual,frequency,prism,27.0,True,False,False,-3.0
23,gradual,frequency,severity_only,,False,False,False,
23,gradual,frequency,external_only,27.0,True,False,False,-3.0
23,gradual,frequency,internal_only,37.0,False,False,False,
23,gradual,frequency,prism,27.0,True,False,False,-3.0
24,gradual,frequency,severity_only,,False,False,False,
24,gradual,frequency,external_only,,False,False,False,
24,gradual,frequency,internal_only,,False,False,False,
24,gradual,frequency,prism,,False,False,False,
25,gradual,frequency,severity_only,,False,False,False,
25,gradual,frequency,external_only,20.0,False,False,True,
25,gradual,frequency,internal_only,,False,False,False,
25,gradual,frequency,prism,20.0,False,False,True,
26,gradual,frequency,severity_only,,False,False,False,
26,gradual,frequency,external_only,,False,False,False,
26,gradual,frequency,internal_only,,False,False,False,
26,gradual,frequency,prism,,False,False,False,
27,gradual,frequency,severity_only,,False,False,False,
27,gradual,frequency,external_only,7.0,False,False,True,
27,gradual,frequency,internal_only,,False,False,False,
27,gradual,frequency,prism,7.0,False,False,True,
28,gradual,frequency,severity_only,,False,False,False,
28,gradual,frequency,external_only,,False,False,False,
28,gradual,frequency,internal_only,21.0,False,False,False,
28,gradual,frequency,prism,21.0,False,False,False,
29,gradual,frequency,severity_only,,False,False,False,
29,gradual,frequency,external_only,,False,False,False,
29,gradual,frequency,internal_only,,False,False,False,
29,gradual,frequency,prism,,False,False,False,
30,gradual,frequency,severity_only,,False,False,False,
30,gradual,frequency,external_only,,False,False,False,
30,gradual,frequency,internal_only,,False,False,False,
30,gradual,frequency,prism,,False,False,False,
31,gradual,frequency,severity_only,,False,False,False,
31,gradual,frequency,external_only,26.0,True,False,False,-2.0
31,gradual,frequency,internal_only,,False,False,False,
31,gradual,frequency,prism,26.0,True,False,False,-2.0
32,gradual,frequency,severity_only,,False,False,False,
32,gradual,frequency,external_only,,False,False,False,
32,gradual,frequency,internal_only,,False,False,False,
32,gradual,frequency,prism,,False,False,False,
33,gradual,frequency,severity_only,,False,False,False,
33,gradual,frequency,external_only,27.0,True,False,False,-3.0
33,gradual,frequency,internal_only,,False,False,False,
33,gradual,frequency,prism,27.0,True,False,False,-3.0
34,gradual,frequency,severity_only,,False,False,False,
34,gradual,frequency,external_only,26.0,True,False,False,-2.0
34,gradual,frequency,internal_only,,False,False,False,
34,gradual,frequency,prism,25.0,True,False,False,-1.0
35,gradual,frequency,severity_only,17.0,False,False,True,
35,gradual,frequency,external_only,17.0,False,False,True,
35,gradual,frequency,internal_only,17.0,False,False,True,
35,gradual,frequency,prism,17.0,False,False,True,
36,gradual,frequency,severity_only,,False,False,False,
36,gradual,frequency,external_only,,False,False,False,
36,gradual,frequency,internal_only,26.0,True,False,False,-2.0
36,gradual,frequency,prism,24.0,True,True,False,0.0
37,gradual,frequency,severity_only,,False,False,False,
37,gradual,frequency,external_only,,False,False,False,
37,gradual,frequency,internal_only,,False,False,False,
37,gradual,frequency,prism,25.0,True,False,False,-1.0
38,gradual,frequency,severity_only,,False,False,False,
38,gradual,frequency,external_only,,False,False,False,
38,gradual,frequency,internal_only,,False,False,False,
38,gradual,frequency,prism,,False,False,False,
39,gradual,frequency,severity_only,6.0,False,False,True,
39,gradual,frequency,external_only,6.0,False,False,True,
39,gradual,frequency,internal_only,6.0,False,False,True,
39,gradual,frequency,prism,6.0,False,False,True,
40,gradual,frequency,severity_only,,False,False,False,
40,gradual,frequency,external_only,,False,False,False,
40,gradual,frequency,internal_only,20.0,False,False,True,
40,gradual,frequency,prism,20.0,False,False,True,
41,gradual,frequency,severity_only,,False,False,False,
41,gradual,frequency,external_only,,False,False,False,
41,gradual,frequency,internal_only,,False,False,False,
41,gradual,frequency,prism,25.0,True,False,False,-1.0
42,gradual,frequency,severity_only,,False,False,False,
42,gradual,frequency,external_only,,False,False,False,
42,gradual,frequency,internal_only,,False,False,False,
42,gradual,frequency,prism,33.0,False,False,False,
43,gradual,frequency,severity_only,34.0,False,False,False,
43,gradual,frequency,external_only,,False,False,False,
43,gradual,frequency,internal_only,34.0,False,False,False,
43,gradual,frequency,prism,,False,False,False,
44,gradual,frequency,severity_only,12.0,False,False,True,
44,gradual,frequency,external_only,12.0,False,False,True,
44,gradual,frequency,internal_only,12.0,False,False,True,
44,gradual,frequency,prism,12.0,False,False,True,
45,gradual,frequency,severity_only,,False,False,False,
45,gradual,frequency,external_only,,False,False,False,
45,gradual,frequency,internal_only,,False,False,False,
45,gradual,frequency,prism,,False,False,False,
46,gradual,frequency,severity_only,,False,False,False,
46,gradual,frequency,external_only,,False,False,False,
46,gradual,frequency,internal_only,,False,False,False,
46,gradual,frequency,prism,,False,False,False,
47,gradual,frequency,severity_only,,False,False,False,
47,gradual,frequency,external_only,,False,False,False,
47,gradual,frequency,internal_only,,False,False,False,
47,gradual,frequency,prism,25.0,True,False,False,-1.0
48,gradual,frequency,severity_only,,False,False,False,
48,gradual,frequency,external_only,,False,False,False,
48,gradual,frequency,internal_only,,False,False,False,
48,gradual,frequency,prism,,False,False,False,
49,gradual,frequency,severity_only,4.0,False,False,True,
49,gradual,frequency,external_only,4.0,False,False,True,
49,gradual,frequency,internal_only,4.0,False,False,True,
49,gradual,frequency,prism,4.0,False,False,True,
50,gradual,frequency,severity_only,,False,False,False,
50,gradual,frequency,external_only,24.0,True,True,False,0.0
50,gradual,frequency,internal_only,,False,False,False,
50,gradual,frequency,prism,24.0,True,True,False,0.0
51,gradual,frequency,severity_only,,False,False,False,
51,gradual,frequency,external_only,,False,False,False,
51,gradual,frequency,internal_only,,False,False,False,
51,gradual,frequency,prism,30.0,True,False,False,-6.0
52,gradual,frequency,severity_only,,False,False,False,
52,gradual,frequency,external_only,,False,False,False,
52,gradual,frequency,internal_only,,False,False,False,
52,gradual,frequency,prism,25.0,True,False,False,-1.0
53,gradual,frequency,severity_only,,False,False,False,
53,gradual,frequency,external_only,,False,False,False,
53,gradual,frequency,internal_only,,False,False,False,
53,gradual,frequency,prism,,False,False,False,
54,gradual,frequency,severity_only,,False,False,False,
54,gradual,frequency,external_only,,False,False,False,
54,gradual,frequency,internal_only,,False,False,False,
54,gradual,frequency,prism,,False,False,False,
55,gradual,frequency,severity_only,,False,False,False,
55,gradual,frequency,external_only,,False,False,False,
55,gradual,frequency,internal_only,,False,False,False,
55,gradual,frequency,prism,,False,False,False,
56,gradual,frequency,severity_only,,False,False,False,
56,gradual,frequency,external_only,,False,False,False,
56,gradual,frequency,internal_only,,False,False,False,
56,gradual,frequency,prism,,False,False,False,
57,gradual,frequency,severity_only,,False,False,False,
57,gradual,frequency,external_only,,False,False,False,
57,gradual,frequency,internal_only,,False,False,False,
57,gradual,frequency,prism,25.0,True,False,False,-1.0
58,gradual,frequency,severity_only,,False,False,False,
58,gradual,frequency,external_only,,False,False,False,
58,gradual,frequency,internal_only,,False,False,False,
58,gradual,frequency,prism,29.0,True,False,False,-5.0
59,gradual,frequency,severity_only,,False,False,False,
59,gradual,frequency,external_only,,False,False,False,
59,gradual,frequency,internal_only,,False,False,False,
59,gradual,frequency,prism,25.0,True,False,False,-1.0
60,gradual,frequency,severity_only,,False,False,False,
60,gradual,frequency,external_only,,False,False,False,
60,gradual,frequency,internal_only,,False,False,False,
60,gradual,frequency,prism,,False,False,False,
61,gradual,frequency,severity_only,,False,False,False,
61,gradual,frequency,external_only,,False,False,False,
61,gradual,frequency,internal_only,,False,False,False,
61,gradual,frequency,prism,,False,False,False,
62,gradual,frequency,severity_only,,False,False,False,
62,gradual,frequency,external_only,,False,False,False,
62,gradual,frequency,internal_only,,False,False,False,
62,gradual,frequency,prism,,False,False,False,
63,gradual,frequency,severity_only,,False,False,False,
63,gradual,frequency,external_only,,False,False,False,
63,gradual,frequency,internal_only,,False,False,False,
63,gradual,frequency,prism,,False,False,False,
64,gradual,frequency,severity_only,,False,False,False,
64,gradual,frequency,external_only,,False,False,False,
64,gradual,frequency,internal_only,,False,False,False,
64,gradual,frequency,prism,,False,False,False,
65,gradual,frequency,severity_only,,False,False,False,
65,gradual,frequency,external_only,,False,False,False,
65,gradual,frequency,internal_only,,False,False,False,
65,gradual,frequency,prism,,False,False,False,
66,gradual,frequency,severity_only,,False,False,False,
66,gradual,frequency,external_only,,False,False,False,
66,gradual,frequency,internal_only,34.0,False,False,False,
66,gradual,frequency,prism,34.0,False,False,False,
67,gradual,frequency,severity_only,,False,False,False,
67,gradual,frequency,external_only,,False,False,False,
67,gradual,frequency,internal_only,,False,False,False,
67,gradual,frequency,prism,,False,False,False,
68,gradual,frequency,severity_only,,False,False,False,
68,gradual,frequency,external_only,,False,False,False,
68,gradual,frequency,internal_only,,False,False,False,
68,gradual,frequency,prism,,False,False,False,
69,gradual,frequency,severity_only,,False,False,False,
69,gradual,frequency,external_only,,False,False,False,
69,gradual,frequency,internal_only,,False,False,False,
69,gradual,frequency,prism,,False,False,False,
70,gradual,frequency,severity_only,,False,False,False,
70,gradual,frequency,external_only,,False,False,False,
70,gradual,frequency,internal_only,,False,False,False,
70,gradual,frequency,prism,,False,False,False,
71,gradual,frequency,severity_only,,False,False,False,
71,gradual,frequency,external_only,,False,False,False,
71,gradual,frequency,internal_only,,False,False,False,
71,gradual,frequency,prism,25.0,True,False,False,-1.0
72,gradual,frequency,severity_only,,False,False,False,
72,gradual,frequency,external_only,8.0,False,False,True,
72,gradual,frequency,internal_only,,False,False,False,
72,gradual,frequency,prism,8.0,False,False,True,
73,gradual,frequency,severity_only,,False,False,False,
73,gradual,frequency,external_only,,False,False,False,
73,gradual,frequency,internal_only,,False,False,False,
73,gradual,frequency,prism,,False,False,False,
74,gradual,frequency,severity_only,,False,False,False,
74,gradual,frequency,external_only,24.0,True,True,False,0.0
74,gradual,frequency,internal_only,30.0,True,False,False,-6.0
74,gradual,frequency,prism,24.0,True,True,False,0.0
75,gradual,frequency,severity_only,,False,False,False,
75,gradual,frequency,external_only,,False,False,False,
75,gradual,frequency,internal_only,,False,False,False,
75,gradual,frequency,prism,,False,False,False,
76,gradual,frequency,severity_only,,False,False,False,
76,gradual,frequency,external_only,,False,False,False,
76,gradual,frequency,internal_only,,False,False,False,
76,gradual,frequency,prism,25.0,True,False,False,-1.0
77,gradual,frequency,severity_only,,False,False,False,
77,gradual,frequency,external_only,,False,False,False,
77,gradual,frequency,internal_only,,False,False,False,
77,gradual,frequency,prism,,False,False,False,
78,gradual,frequency,severity_only,,False,False,False,
78,gradual,frequency,external_only,,False,False,False,
78,gradual,frequency,internal_only,,False,False,False,
78,gradual,frequency,prism,,False,False,False,
79,gradual,frequency,severity_only,,False,False,False,
79,gradual,frequency,external_only,,False,False,False,
79,gradual,frequency,internal_only,37.0,False,False,False,
79,gradual,frequency,prism,37.0,False,False,False,
80,gradual,frequency,severity_only,,False,False,False,
80,gradual,frequency,external_only,,False,False,False,
80,gradual,frequency,internal_only,,False,False,False,
80,gradual,frequency,prism,26.0,True,False,False,-2.0
81,gradual,frequency,severity_only,,False,False,False,
81,gradual,frequency,external_only,,False,False,False,
81,gradual,frequency,internal_only,,False,False,False,
81,gradual,frequency,prism,,False,False,False,
82,gradual,frequency,severity_only,,False,False,False,
82,gradual,frequency,external_only,,False,False,False,
82,gradual,frequency,internal_only,,False,False,False,
82,gradual,frequency,prism,,False,False,False,
83,gradual,frequency,severity_only,,False,False,False,
83,gradual,frequency,external_only,,False,False,False,
83,gradual,frequency,internal_only,,False,False,False,
83,gradual,frequency,prism,23.0,True,True,False,1.0
84,gradual,frequency,severity_only,,False,False,False,
84,gradual,frequency,external_only,,False,False,False,
84,gradual,frequency,internal_only,,False,False,False,
84,gradual,frequency,prism,,False,False,False,
85,gradual,frequency,severity_only,,False,False,False,
85,gradual,frequency,external_only,24.0,True,True,False,0.0
85,gradual,frequency,internal_only,,False,False,False,
85,gradual,frequency,prism,24.0,True,True,False,0.0
86,gradual,frequency,severity_only,,False,False,False,
86,gradual,frequency,external_only,,False,False,False,
86,gradual,frequency,internal_only,,False,False,False,
86,gradual,frequency,prism,,False,False,False,
87,gradual,frequency,severity_only,,False,False,False,
87,gradual,frequency,external_only,,False,False,False,
87,gradual,frequency,internal_only,,False,False,False,
87,gradual,frequency,prism,,False,False,False,
88,gradual,frequency,severity_only,,False,False,False,
88,gradual,frequency,external_only,,False,False,False,
88,gradual,frequency,internal_only,,False,False,False,
88,gradual,frequency,prism,22.0,True,True,False,2.0
89,gradual,frequency,severity_only,26.0,True,False,False,-2.0
89,gradual,frequency,external_only,26.0,True,False,False,-2.0
89,gradual,frequency,internal_only,26.0,True,False,False,-2.0
89,gradual,frequency,prism,26.0,True,False,False,-2.0
90,gradual,frequency,severity_only,,False,False,False,
90,gradual,frequency,external_only,,False,False,False,
90,gradual,frequency,internal_only,,False,False,False,
90,gradual,frequency,prism,,False,False,False,
91,gradual,frequency,severity_only,,False,False,False,
91,gradual,frequency,external_only,,False,False,False,
91,gradual,frequency,internal_only,,False,False,False,
91,gradual,frequency,prism,,False,False,False,
92,gradual,frequency,severity_only,,False,False,False,
92,gradual,frequency,external_only,28.0,True,False,False,-4.0
92,gradual,frequency,internal_only,28.0,True,False,False,-4.0
92,gradual,frequency,prism,24.0,True,True,False,0.0
93,gradual,frequency,severity_only,,False,False,False,
93,gradual,frequency,external_only,,False,False,False,
93,gradual,frequency,internal_only,,False,False,False,
93,gradual,frequency,prism,,False,False,False,
94,gradual,frequency,severity_only,,False,False,False,
94,gradual,frequency,external_only,25.0,True,False,False,-1.0
94,gradual,frequency,internal_only,,False,False,False,
94,gradual,frequency,prism,25.0,True,False,False,-1.0
95,gradual,frequency,severity_only,12.0,False,False,True,
95,gradual,frequency,external_only,10.0,False,False,True,
95,gradual,frequency,internal_only,12.0,False,False,True,
95,gradual,frequency,prism,10.0,False,False,True,
96,gradual,frequency,severity_only,,False,False,False,
96,gradual,frequency,external_only,,False,False,False,
96,gradual,frequency,internal_only,,False,False,False,
96,gradual,frequency,prism,27.0,True,False,False,-3.0
97,gradual,frequency,severity_only,,False,False,False,
97,gradual,frequency,external_only,,False,False,False,
97,gradual,frequency,internal_only,,False,False,False,
97,gradual,frequency,prism,18.0,False,False,True,
98,gradual,frequency,severity_only,,False,False,False,
98,gradual,frequency,external_only,19.0,False,False,True,
98,gradual,frequency,internal_only,,False,False,False,
98,gradual,frequency,prism,,False,False,False,
99,gradual,frequency,severity_only,,False,False,False,
99,gradual,frequency,external_only,,False,False,False,
99,gradual,frequency,internal_only,,False,False,False,
99,gradual,frequency,prism,,False,False,False,
100,gradual,frequency,severity_only,6.0,False,False,True,
100,gradual,frequency,external_only,6.0,False,False,True,
100,gradual,frequency,internal_only,6.0,False,False,True,
100,gradual,frequency,prism,6.0,False,False,True,
101,gradual,frequency,severity_only,,False,False,False,
101,gradual,frequency,external_only,,False,False,False,
101,gradual,frequency,internal_only,,False,False,False,
101,gradual,frequency,prism,,False,False,False,
102,gradual,frequency,severity_only,,False,False,False,
102,gradual,frequency,external_only,,False,False,False,
102,gradual,frequency,internal_only,,False,False,False,
102,gradual,frequency,prism,,False,False,False,
103,gradual,frequency,severity_only,,False,False,False,
103,gradual,frequency,external_only,,False,False,False,
103,gradual,frequency,internal_only,,False,False,False,
103,gradual,frequency,prism,,False,False,False,
104,gradual,frequency,severity_only,23.0,True,True,False,1.0
104,gradual,frequency,external_only,23.0,True,True,False,1.0
104,gradual,frequency,internal_only,23.0,True,True,False,1.0
104,gradual,frequency,prism,23.0,True,True,False,1.0
105,gradual,frequency,severity_only,,False,False,False,
105,gradual,frequency,external_only,,False,False,False,
105,gradual,frequency,internal_only,,False,False,False,
105,gradual,frequency,prism,,False,False,False,
106,gradual,frequency,severity_only,,False,False,False,
106,gradual,frequency,external_only,,False,False,False,
106,gradual,frequency,internal_only,,False,False,False,
106,gradual,frequency,prism,24.0,True,True,False,0.0
107,gradual,frequency,severity_only,,False,False,False,
107,gradual,frequency,external_only,,False,False,False,
107,gradual,frequency,internal_only,,False,False,False,
107,gradual,frequency,prism,,False,False,False,
108,gradual,frequency,severity_only,22.0,True,True,False,2.0
108,gradual,frequency,external_only,22.0,True,True,False,2.0
108,gradual,frequency,internal_only,22.0,True,True,False,2.0
108,gradual,frequency,prism,22.0,True,True,False,2.0
109,gradual,frequency,severity_only,9.0,False,False,True,
109,gradual,frequency,external_only,9.0,False,False,True,
109,gradual,frequency,internal_only,9.0,False,False,True,
109,gradual,frequency,prism,9.0,False,False,True,
110,gradual,frequency,severity_only,7.0,False,False,True,
110,gradual,frequency,external_only,30.0,True,False,False,-6.0
110,gradual,frequency,internal_only,7.0,False,False,True,
110,gradual,frequency,prism,25.0,True,False,False,-1.0
111,gradual,frequency,severity_only,,False,False,False,
111,gradual,frequency,external_only,12.0,False,False,True,
111,gradual,frequency,internal_only,,False,False,False,
111,gradual,frequency,prism,12.0,False,False,True,
112,gradual,frequency,severity_only,,False,False,False,
112,gradual,frequency,external_only,,False,False,False,
112,gradual,frequency,internal_only,,False,False,False,
112,gradual,frequency,prism,23.0,True,True,False,1.0
113,gradual,frequency,severity_only,,False,False,False,
113,gradual,frequency,external_only,,False,False,False,
113,gradual,frequency,internal_only,,False,False,False,
113,gradual,frequency,prism,,False,False,False,
114,gradual,frequency,severity_only,,False,False,False,
114,gradual,frequency,external_only,,False,False,False,
114,gradual,frequency,internal_only,,False,False,False,
114,gradual,frequency,prism,,False,False,False,
115,gradual,frequency,severity_only,,False,False,False,
115,gradual,frequency,external_only,,False,False,False,
115,gradual,frequency,internal_only,,False,False,False,
115,gradual,frequency,prism,,False,False,False,
116,gradual,frequency,severity_only,,False,False,False,
116,gradual,frequency,external_only,,False,False,False,
116,gradual,frequency,internal_only,25.0,True,False,False,-1.0
116,gradual,frequency,prism,23.0,True,True,False,1.0
117,gradual,frequency,severity_only,,False,False,False,
117,gradual,frequency,external_only,,False,False,False,
117,gradual,frequency,internal_only,,False,False,False,
117,gradual,frequency,prism,,False,False,False,
118,gradual,frequency,severity_only,,False,False,False,
118,gradual,frequency,external_only,,False,False,False,
118,gradual,frequency,internal_only,,False,False,False,
118,gradual,frequency,prism,,False,False,False,
119,gradual,frequency,severity_only,,False,False,False,
119,gradual,frequency,external_only,,False,False,False,
119,gradual,frequency,internal_only,,False,False,False,
119,gradual,frequency,prism,23.0,True,True,False,1.0
120,gradual,frequency,severity_only,,False,False,False,
120,gradual,frequency,external_only,,False,False,False,
120,gradual,frequency,internal_only,,False,False,False,
120,gradual,frequency,prism,,False,False,False,
121,gradual,frequency,severity_only,,False,False,False,
121,gradual,frequency,external_only,,False,False,False,
121,gradual,frequency,internal_only,,False,False,False,
121,gradual,frequency,prism,,False,False,False,
122,gradual,frequency,severity_only,,False,False,False,
122,gradual,frequency,external_only,,False,False,False,
122,gradual,frequency,internal_only,23.0,True,True,False,1.0
122,gradual,frequency,prism,23.0,True,True,False,1.0
123,gradual,frequency,severity_only,,False,False,False,
123,gradual,frequency,external_only,,False,False,False,
123,gradual,frequency,internal_only,,False,False,False,
123,gradual,frequency,prism,,False,False,False,
124,gradual,frequency,severity_only,,False,False,False,
124,gradual,frequency,external_only,,False,False,False,
124,gradual,frequency,internal_only,,False,False,False,
124,gradual,frequency,prism,26.0,True,False,False,-2.0
125,gradual,frequency,severity_only,,False,False,False,
125,gradual,frequency,external_only,,False,False,False,
125,gradual,frequency,internal_only,,False,False,False,
125,gradual,frequency,prism,25.0,True,False,False,-1.0
126,gradual,frequency,severity_only,,False,False,False,
126,gradual,frequency,external_only,,False,False,False,
126,gradual,frequency,internal_only,,False,False,False,
126,gradual,frequency,prism,,False,False,False,
127,gradual,frequency,severity_only,,False,False,False,
127,gradual,frequency,external_only,,False,False,False,
127,gradual,frequency,internal_only,,False,False,False,
127,gradual,frequency,prism,,False,False,False,
128,gradual,frequency,severity_only,,False,False,False,
128,gradual,frequency,external_only,,False,False,False,
128,gradual,frequency,internal_only,,False,False,False,
128,gradual,frequency,prism,23.0,True,True,False,1.0
129,gradual,frequency,severity_only,,False,False,False,
129,gradual,frequency,external_only,,False,False,False,
129,gradual,frequency,internal_only,,False,False,False,
129,gradual,frequency,prism,,False,False,False,
130,gradual,frequency,severity_only,27.0,True,False,False,-3.0
130,gradual,frequency,external_only,26.0,True,False,False,-2.0
130,gradual,frequency,internal_only,,False,False,False,
130,gradual,frequency,prism,27.0,True,False,False,-3.0
131,gradual,frequency,severity_only,,False,False,False,
131,gradual,frequency,external_only,,False,False,False,
131,gradual,frequency,internal_only,,False,False,False,
131,gradual,frequency,prism,23.0,True,True,False,1.0
132,gradual,frequency,severity_only,,False,False,False,
132,gradual,frequency,external_only,,False,False,False,
132,gradual,frequency,internal_only,,False,False,False,
132,gradual,frequency,prism,22.0,True,True,False,2.0
133,gradual,frequency,severity_only,36.0,False,False,False,
133,gradual,frequency,external_only,36.0,False,False,False,
133,gradual,frequency,internal_only,36.0,False,False,False,
133,gradual,frequency,prism,25.0,True,False,False,-1.0
134,gradual,frequency,severity_only,,False,False,False,
134,gradual,frequency,external_only,,False,False,False,
134,gradual,frequency,internal_only,,False,False,False,
134,gradual,frequency,prism,,False,False,False,
135,gradual,frequency,severity_only,,False,False,False,
135,gradual,frequency,external_only,26.0,True,False,False,-2.0
135,gradual,frequency,internal_only,,False,False,False,
135,gradual,frequency,prism,,False,False,False,
136,gradual,frequency,severity_only,,False,False,False,
136,gradual,frequency,external_only,,False,False,False,
136,gradual,frequency,internal_only,,False,False,False,
136,gradual,frequency,prism,28.0,True,False,False,-4.0
137,gradual,frequency,severity_only,,False,False,False,
137,gradual,frequency,external_only,,False,False,False,
137,gradual,frequency,internal_only,,False,False,False,
137,gradual,frequency,prism,,False,False,False,
138,gradual,frequency,severity_only,,False,False,False,
138,gradual,frequency,external_only,,False,False,False,
138,gradual,frequency,internal_only,,False,False,False,
138,gradual,frequency,prism,,False,False,False,
139,gradual,frequency,severity_only,,False,False,False,
139,gradual,frequency,external_only,,False,False,False,
139,gradual,frequency,internal_only,,False,False,False,
139,gradual,frequency,prism,,False,False,False,
140,gradual,frequency,severity_only,,False,False,False,
140,gradual,frequency,external_only,,False,False,False,
140,gradual,frequency,internal_only,,False,False,False,
140,gradual,frequency,prism,,False,False,False,
141,gradual,frequency,severity_only,,False,False,False,
141,gradual,frequency,external_only,6.0,False,False,True,
141,gradual,frequency,internal_only,27.0,True,False,False,-3.0
141,gradual,frequency,prism,6.0,False,False,True,
142,gradual,frequency,severity_only,,False,False,False,
142,gradual,frequency,external_only,,False,False,False,
142,gradual,frequency,internal_only,,False,False,False,
142,gradual,frequency,prism,,False,False,False,
143,gradual,frequency,severity_only,,False,False,False,
143,gradual,frequency,external_only,,False,False,False,
143,gradual,frequency,internal_only,,False,False,False,
143,gradual,frequency,prism,27.0,True,False,False,-3.0
144,gradual,frequency,severity_only,,False,False,False,
144,gradual,frequency,external_only,,False,False,False,
144,gradual,frequency,internal_only,,False,False,False,
144,gradual,frequency,prism,,False,False,False,
145,gradual,frequency,severity_only,,False,False,False,
145,gradual,frequency,external_only,,False,False,False,
145,gradual,frequency,internal_only,,False,False,False,
145,gradual,frequency,prism,,False,False,False,
146,gradual,frequency,severity_only,,False,False,False,
146,gradual,frequency,external_only,,False,False,False,
146,gradual,frequency,internal_only,,False,False,False,
146,gradual,frequency,prism,,False,False,False,
147,gradual,frequency,severity_only,,False,False,False,
147,gradual,frequency,external_only,,False,False,False,
147,gradual,frequency,internal_only,,False,False,False,
147,gradual,frequency,prism,,False,False,False,
148,gradual,frequency,severity_only,,False,False,False,
148,gradual,frequency,external_only,,False,False,False,
148,gradual,frequency,internal_only,,False,False,False,
148,gradual,frequency,prism,,False,False,False,
149,gradual,frequency,severity_only,,False,False,False,
149,gradual,frequency,external_only,,False,False,False,
149,gradual,frequency,internal_only,,False,False,False,
149,gradual,frequency,prism,,False,False,False,
150,gradual,frequency,severity_only,,False,False,False,
150,gradual,frequency,external_only,,False,False,False,
150,gradual,frequency,internal_only,,False,False,False,
150,gradual,frequency,prism,,False,False,False,
151,gradual,frequency,severity_only,,False,False,False,
151,gradual,frequency,external_only,,False,False,False,
151,gradual,frequency,internal_only,,False,False,False,
151,gradual,frequency,prism,26.0,True,False,False,-2.0
152,gradual,frequency,severity_only,,False,False,False,
152,gradual,frequency,external_only,,False,False,False,
152,gradual,frequency,internal_only,,False,False,False,
152,gradual,frequency,prism,,False,False,False,
153,gradual,frequency,severity_only,,False,False,False,
153,gradual,frequency,external_only,,False,False,False,
153,gradual,frequency,internal_only,35.0,False,False,False,
153,gradual,frequency,prism,33.0,False,False,False,
154,gradual,frequency,severity_only,,False,False,False,
154,gradual,frequency,external_only,,False,False,False,
154,gradual,frequency,internal_only,,False,False,False,
154,gradual,frequency,prism,,False,False,False,
155,gradual,frequency,severity_only,,False,False,False,
155,gradual,frequency,external_only,,False,False,False,
155,gradual,frequency,internal_only,,False,False,False,
155,gradual,frequency,prism,,False,False,False,
156,gradual,frequency,severity_only,,False,False,False,
156,gradual,frequency,external_only,29.0,True,False,False,-5.0
156,gradual,frequency,internal_only,29.0,True,False,False,-5.0
156,gradual,frequency,prism,27.0,True,False,False,-3.0
157,gradual,frequency,severity_only,,False,False,False,
157,gradual,frequency,external_only,21.0,False,False,False,
157,gradual,frequency,internal_only,21.0,False,False,False,
157,gradual,frequency,prism,20.0,False,False,True,
158,gradual,frequency,severity_only,,False,False,False,
158,gradual,frequency,external_only,,False,False,False,
158,gradual,frequency,internal_only,,False,False,False,
158,gradual,frequency,prism,,False,False,False,
159,gradual,frequency,severity_only,,False,False,False,
159,gradual,frequency,external_only,31.0,False,False,False,
159,gradual,frequency,internal_only,,False,False,False,
159,gradual,frequency,prism,,False,False,False,
160,gradual,frequency,severity_only,,False,False,False,
160,gradual,frequency,external_only,,False,False,False,
160,gradual,frequency,internal_only,,False,False,False,
160,gradual,frequency,prism,25.0,True,False,False,-1.0
161,gradual,frequency,severity_only,,False,False,False,
161,gradual,frequency,external_only,,False,False,False,
161,gradual,frequency,internal_only,,False,False,False,
161,gradual,frequency,prism,,False,False,False,
162,gradual,frequency,severity_only,,False,False,False,
162,gradual,frequency,external_only,,False,False,False,
162,gradual,frequency,internal_only,20.0,False,False,True,
162,gradual,frequency,prism,20.0,False,False,True,
163,gradual,frequency,severity_only,,False,False,False,
163,gradual,frequency,external_only,,False,False,False,
163,gradual,frequency,internal_only,,False,False,False,
163,gradual,frequency,prism,,False,False,False,
164,gradual,frequency,severity_only,,False,False,False,
164,gradual,frequency,external_only,,False,False,False,
164,gradual,frequency,internal_only,,False,False,False,
164,gradual,frequency,prism,,False,False,False,
165,gradual,frequency,severity_only,,False,False,False,
165,gradual,frequency,external_only,,False,False,False,
165,gradual,frequency,internal_only,,False,False,False,
165,gradual,frequency,prism,,False,False,False,
166,gradual,frequency,severity_only,,False,False,False,
166,gradual,frequency,external_only,25.0,True,False,False,-1.0
166,gradual,frequency,internal_only,,False,False,False,
166,gradual,frequency,prism,25.0,True,False,False,-1.0
167,gradual,frequency,severity_only,,False,False,False,
167,gradual,frequency,external_only,,False,False,False,
167,gradual,frequency,internal_only,,False,False,False,
167,gradual,frequency,prism,,False,False,False,
168,gradual,frequency,severity_only,9.0,False,False,True,
168,gradual,frequency,external_only,8.0,False,False,True,
168,gradual,frequency,internal_only,9.0,False,False,True,
168,gradual,frequency,prism,8.0,False,False,True,
169,gradual,frequency,severity_only,6.0,False,False,True,
169,gradual,frequency,external_only,6.0,False,False,True,
169,gradual,frequency,internal_only,6.0,False,False,True,
169,gradual,frequency,prism,6.0,False,False,True,
170,gradual,frequency,severity_only,13.0,False,False,True,
170,gradual,frequency,external_only,,False,False,False,
170,gradual,frequency,internal_only,13.0,False,False,True,
170,gradual,frequency,prism,18.0,False,False,True,
171,gradual,frequency,severity_only,,False,False,False,
171,gradual,frequency,external_only,,False,False,False,
171,gradual,frequency,internal_only,23.0,True,True,False,1.0
171,gradual,frequency,prism,23.0,True,True,False,1.0
172,gradual,frequency,severity_only,,False,False,False,
172,gradual,frequency,external_only,,False,False,False,
172,gradual,frequency,internal_only,,False,False,False,
172,gradual,frequency,prism,,False,False,False,
173,gradual,frequency,severity_only,,False,False,False,
173,gradual,frequency,external_only,,False,False,False,
173,gradual,frequency,internal_only,,False,False,False,
173,gradual,frequency,prism,,False,False,False,
174,gradual,frequency,severity_only,,False,False,False,
174,gradual,frequency,external_only,39.0,False,False,False,
174,gradual,frequency,internal_only,,False,False,False,
174,gradual,frequency,prism,,False,False,False,
175,gradual,frequency,severity_only,,False,False,False,
175,gradual,frequency,external_only,,False,False,False,
175,gradual,frequency,internal_only,,False,False,False,
175,gradual,frequency,prism,,False,False,False,
176,gradual,frequency,severity_only,,False,False,False,
176,gradual,frequency,external_only,,False,False,False,
176,gradual,frequency,internal_only,,False,False,False,
176,gradual,frequency,prism,,False,False,False,
177,gradual,frequency,severity_only,4.0,False,False,True,
177,gradual,frequency,external_only,4.0,False,False,True,
177,gradual,frequency,internal_only,4.0,False,False,True,
177,gradual,frequency,prism,4.0,False,False,True,
178,gradual,frequency,severity_only,,False,False,False,
178,gradual,frequency,external_only,,False,False,False,
178,gradual,frequency,internal_only,,False,False,False,
178,gradual,frequency,prism,,False,False,False,
179,gradual,frequency,severity_only,,False,False,False,
179,gradual,frequency,external_only,,False,False,False,
179,gradual,frequency,internal_only,,False,False,False,
179,gradual,frequency,prism,39.0,False,False,False,
180,gradual,frequency,severity_only,,False,False,False,
180,gradual,frequency,external_only,,False,False,False,
180,gradual,frequency,internal_only,,False,False,False,
180,gradual,frequency,prism,26.0,True,False,False,-2.0
181,gradual,frequency,severity_only,,False,False,False,
181,gradual,frequency,external_only,,False,False,False,
181,gradual,frequency,internal_only,,False,False,False,
181,gradual,frequency,prism,,False,False,False,
182,gradual,frequency,severity_only,5.0,False,False,True,
182,gradual,frequency,external_only,4.0,False,False,True,
182,gradual,frequency,internal_only,5.0,False,False,True,
182,gradual,frequency,prism,4.0,False,False,True,
183,gradual,frequency,severity_only,,False,False,False,
183,gradual,frequency,external_only,,False,False,False,
183,gradual,frequency,internal_only,,False,False,False,
183,gradual,frequency,prism,,False,False,False,
184,gradual,frequency,severity_only,,False,False,False,
184,gradual,frequency,external_only,,False,False,False,
184,gradual,frequency,internal_only,,False,False,False,
184,gradual,frequency,prism,24.0,True,True,False,0.0
185,gradual,frequency,severity_only,,False,False,False,
185,gradual,frequency,external_only,,False,False,False,
185,gradual,frequency,internal_only,,False,False,False,
185,gradual,frequency,prism,27.0,True,False,False,-3.0
186,gradual,frequency,severity_only,,False,False,False,
186,gradual,frequency,external_only,,False,False,False,
186,gradual,frequency,internal_only,,False,False,False,
186,gradual,frequency,prism,,False,False,False,
187,gradual,frequency,severity_only,,False,False,False,
187,gradual,frequency,external_only,,False,False,False,
187,gradual,frequency,internal_only,,False,False,False,
187,gradual,frequency,prism,,False,False,False,
188,gradual,frequency,severity_only,30.0,True,False,False,-6.0
188,gradual,frequency,external_only,30.0,True,False,False,-6.0
188,gradual,frequency,internal_only,30.0,True,False,False,-6.0
188,gradual,frequency,prism,30.0,True,False,False,-6.0
189,gradual,frequency,severity_only,,False,False,False,
189,gradual,frequency,external_only,27.0,True,False,False,-3.0
189,gradual,frequency,internal_only,,False,False,False,
189,gradual,frequency,prism,27.0,True,False,False,-3.0
190,gradual,frequency,severity_only,,False,False,False,
190,gradual,frequency,external_only,,False,False,False,
190,gradual,frequency,internal_only,,False,False,False,
190,gradual,frequency,prism,,False,False,False,
191,gradual,frequency,severity_only,,False,False,False,
191,gradual,frequency,external_only,,False,False,False,
191,gradual,frequency,internal_only,,False,False,False,
191,gradual,frequency,prism,,False,False,False,
192,gradual,frequency,severity_only,,False,False,False,
192,gradual,frequency,external_only,,False,False,False,
192,gradual,frequency,internal_only,,False,False,False,
192,gradual,frequency,prism,,False,False,False,
193,gradual,frequency,severity_only,,False,False,False,
193,gradual,frequency,external_only,,False,False,False,
193,gradual,frequency,internal_only,,False,False,False,
193,gradual,frequency,prism,29.0,True,False,False,-5.0
194,gradual,frequency,severity_only,30.0,True,False,False,-6.0
194,gradual,frequency,external_only,26.0,True,False,False,-2.0
194,gradual,frequency,internal_only,30.0,True,False,False,-6.0
194,gradual,frequency,prism,26.0,True,False,False,-2.0
195,gradual,frequency,severity_only,,False,False,False,
195,gradual,frequency,external_only,27.0,True,False,False,-3.0
195,gradual,frequency,internal_only,,False,False,False,
195,gradual,frequency,prism,25.0,True,False,False,-1.0
196,gradual,frequency,severity_only,,False,False,False,
196,gradual,frequency,external_only,,False,False,False,
196,gradual,frequency,internal_only,,False,False,False,
196,gradual,frequency,prism,,False,False,False,
197,gradual,frequency,severity_only,,False,False,False,
197,gradual,frequency,external_only,,False,False,False,
197,gradual,frequency,internal_only,,False,False,False,
197,gradual,frequency,prism,,False,False,False,
198,gradual,frequency,severity_only,,False,False,False,
198,gradual,frequency,external_only,,False,False,False,
198,gradual,frequency,internal_only,,False,False,False,
198,gradual,frequency,prism,,False,False,False,
199,gradual,frequency,severity_only,,False,False,False,
199,gradual,frequency,external_only,,False,False,False,
199,gradual,frequency,internal_only,,False,False,False,
199,gradual,frequency,prism,,False,False,False,
200,gradual,frequency,severity_only,,False,False,False,
200,gradual,frequency,external_only,,False,False,False,
200,gradual,frequency,internal_only,,False,False,False,
200,gradual,frequency,prism,24.0,True,True,False,0.0
201,gradual,frequency,severity_only,,False,False,False,
201,gradual,frequency,external_only,,False,False,False,
201,gradual,frequency,internal_only,,False,False,False,
201,gradual,frequency,prism,,False,False,False,
202,gradual,frequency,severity_only,,False,False,False,
202,gradual,frequency,external_only,,False,False,False,
202,gradual,frequency,internal_only,,False,False,False,
202,gradual,frequency,prism,,False,False,False,
203,gradual,frequency,severity_only,,False,False,False,
203,gradual,frequency,external_only,,False,False,False,
203,gradual,frequency,internal_only,,False,False,False,
203,gradual,frequency,prism,,False,False,False,
204,gradual,frequency,severity_only,,False,False,False,
204,gradual,frequency,external_only,,False,False,False,
204,gradual,frequency,internal_only,,False,False,False,
204,gradual,frequency,prism,,False,False,False,
205,gradual,frequency,severity_only,32.0,False,False,False,
205,gradual,frequency,external_only,26.0,True,False,False,-2.0
205,gradual,frequency,internal_only,,False,False,False,
205,gradual,frequency,prism,26.0,True,False,False,-2.0
206,gradual,frequency,severity_only,,False,False,False,
206,gradual,frequency,external_only,,False,False,False,
206,gradual,frequency,internal_only,,False,False,False,
206,gradual,frequency,prism,,False,False,False,
207,gradual,frequency,severity_only,,False,False,False,
207,gradual,frequency,external_only,16.0,False,False,True,
207,gradual,frequency,internal_only,,False,False,False,
207,gradual,frequency,prism,16.0,False,False,True,
208,gradual,frequency,severity_only,,False,False,False,
208,gradual,frequency,external_only,,False,False,False,
208,gradual,frequency,internal_only,,False,False,False,
208,gradual,frequency,prism,26.0,True,False,False,-2.0
209,gradual,frequency,severity_only,,False,False,False,
209,gradual,frequency,external_only,,False,False,False,
209,gradual,frequency,internal_only,,False,False,False,
209,gradual,frequency,prism,23.0,True,True,False,1.0
210,gradual,frequency,severity_only,18.0,False,False,True,
210,gradual,frequency,external_only,18.0,False,False,True,
210,gradual,frequency,internal_only,18.0,False,False,True,
210,gradual,frequency,prism,18.0,False,False,True,
211,gradual,frequency,severity_only,,False,False,False,
211,gradual,frequency,external_only,16.0,False,False,True,
211,gradual,frequency,internal_only,,False,False,False,
211,gradual,frequency,prism,16.0,False,False,True,
212,gradual,frequency,severity_only,,False,False,False,
212,gradual,frequency,external_only,,False,False,False,
212,gradual,frequency,internal_only,,False,False,False,
212,gradual,frequency,prism,26.0,True,False,False,-2.0
213,gradual,frequency,severity_only,34.0,False,False,False,
213,gradual,frequency,external_only,34.0,False,False,False,
213,gradual,frequency,internal_only,34.0,False,False,False,
213,gradual,frequency,prism,34.0,False,False,False,
214,gradual,frequency,severity_only,,False,False,False,
214,gradual,frequency,external_only,,False,False,False,
214,gradual,frequency,internal_only,,False,False,False,
214,gradual,frequency,prism,26.0,True,False,False,-2.0
215,gradual,frequency,severity_only,,False,False,False,
215,gradual,frequency,external_only,,False,False,False,
215,gradual,frequency,internal_only,,False,False,False,
215,gradual,frequency,prism,,False,False,False,
216,gradual,frequency,severity_only,,False,False,False,
216,gradual,frequency,external_only,,False,False,False,
216,gradual,frequency,internal_only,,False,False,False,
216,gradual,frequency,prism,,False,False,False,
217,gradual,frequency,severity_only,,False,False,False,
217,gradual,frequency,external_only,,False,False,False,
217,gradual,frequency,internal_only,,False,False,False,
217,gradual,frequency,prism,,False,False,False,
218,gradual,frequency,severity_only,39.0,False,False,False,
218,gradual,frequency,external_only,26.0,True,False,False,-2.0
218,gradual,frequency,internal_only,39.0,False,False,False,
218,gradual,frequency,prism,26.0,True,False,False,-2.0
219,gradual,frequency,severity_only,,False,False,False,
219,gradual,frequency,external_only,,False,False,False,
219,gradual,frequency,internal_only,36.0,False,False,False,
219,gradual,frequency,prism,25.0,True,False,False,-1.0
220,gradual,frequency,severity_only,,False,False,False,
220,gradual,frequency,external_only,,False,False,False,
220,gradual,frequency,internal_only,,False,False,False,
220,gradual,frequency,prism,,False,False,False,
221,gradual,frequency,severity_only,,False,False,False,
221,gradual,frequency,external_only,27.0,True,False,False,-3.0
221,gradual,frequency,internal_only,,False,False,False,
221,gradual,frequency,prism,27.0,True,False,False,-3.0
222,gradual,frequency,severity_only,13.0,False,False,True,
222,gradual,frequency,external_only,13.0,False,False,True,
222,gradual,frequency,internal_only,13.0,False,False,True,
222,gradual,frequency,prism,13.0,False,False,True,
223,gradual,frequency,severity_only,,False,False,False,
223,gradual,frequency,external_only,,False,False,False,
223,gradual,frequency,internal_only,,False,False,False,
223,gradual,frequency,prism,,False,False,False,
224,gradual,frequency,severity_only,,False,False,False,
224,gradual,frequency,external_only,,False,False,False,
224,gradual,frequency,internal_only,,False,False,False,
224,gradual,frequency,prism,,False,False,False,
225,gradual,frequency,severity_only,,False,False,False,
225,gradual,frequency,external_only,,False,False,False,
225,gradual,frequency,internal_only,,False,False,False,
225,gradual,frequency,prism,,False,False,False,
226,gradual,frequency,severity_only,,False,False,False,
226,gradual,frequency,external_only,,False,False,False,
226,gradual,frequency,internal_only,,False,False,False,
226,gradual,frequency,prism,,False,False,False,
227,gradual,frequency,severity_only,,False,False,False,
227,gradual,frequency,external_only,,False,False,False,
227,gradual,frequency,internal_only,,False,False,False,
227,gradual,frequency,prism,,False,False,False,
228,gradual,frequency,severity_only,33.0,False,False,False,
228,gradual,frequency,external_only,33.0,False,False,False,
228,gradual,frequency,internal_only,,False,False,False,
228,gradual,frequency,prism,33.0,False,False,False,
229,gradual,frequency,severity_only,,False,False,False,
229,gradual,frequency,external_only,,False,False,False,
229,gradual,frequency,internal_only,,False,False,False,
229,gradual,frequency,prism,30.0,True,False,False,-6.0
230,gradual,frequency,severity_only,,False,False,False,
230,gradual,frequency,external_only,,False,False,False,
230,gradual,frequency,internal_only,,False,False,False,
230,gradual,frequency,prism,,False,False,False,
231,gradual,frequency,severity_only,,False,False,False,
231,gradual,frequency,external_only,,False,False,False,
231,gradual,frequency,internal_only,,False,False,False,
231,gradual,frequency,prism,27.0,True,False,False,-3.0
232,gradual,frequency,severity_only,,False,False,False,
232,gradual,frequency,external_only,,False,False,False,
232,gradual,frequency,internal_only,,False,False,False,
232,gradual,frequency,prism,,False,False,False,
233,gradual,frequency,severity_only,,False,False,False,
233,gradual,frequency,external_only,,False,False,False,
233,gradual,frequency,internal_only,,False,False,False,
233,gradual,frequency,prism,,False,False,False,
234,gradual,frequency,severity_only,32.0,False,False,False,
234,gradual,frequency,external_only,32.0,False,False,False,
234,gradual,frequency,internal_only,20.0,False,False,True,
234,gradual,frequency,prism,20.0,False,False,True,
235,gradual,frequency,severity_only,,False,False,False,
235,gradual,frequency,external_only,25.0,True,False,False,-1.0
235,gradual,frequency,internal_only,,False,False,False,
235,gradual,frequency,prism,25.0,True,False,False,-1.0
236,gradual,frequency,severity_only,,False,False,False,
236,gradual,frequency,external_only,,False,False,False,
236,gradual,frequency,internal_only,19.0,False,False,True,
236,gradual,frequency,prism,19.0,False,False,True,
237,gradual,frequency,severity_only,,False,False,False,
237,gradual,frequency,external_only,,False,False,False,
237,gradual,frequency,internal_only,,False,False,False,
237,gradual,frequency,prism,26.0,True,False,False,-2.0
238,gradual,frequency,severity_only,,False,False,False,
238,gradual,frequency,external_only,29.0,True,False,False,-5.0
238,gradual,frequency,internal_only,26.0,True,False,False,-2.0
238,gradual,frequency,prism,24.0,True,True,False,0.0
239,gradual,frequency,severity_only,,False,False,False,
239,gradual,frequency,external_only,11.0,False,False,True,
239,gradual,frequency,internal_only,34.0,False,False,False,
239,gradual,frequency,prism,11.0,False,False,True,
240,gradual,frequency,severity_only,,False,False,False,
240,gradual,frequency,external_only,,False,False,False,
240,gradual,frequency,internal_only,,False,False,False,
240,gradual,frequency,prism,,False,False,False,
241,gradual,frequency,severity_only,,False,False,False,
241,gradual,frequency,external_only,,False,False,False,
241,gradual,frequency,internal_only,29.0,True,False,False,-5.0
241,gradual,frequency,prism,25.0,True,False,False,-1.0
242,gradual,frequency,severity_only,,False,False,False,
242,gradual,frequency,external_only,25.0,True,False,False,-1.0
242,gradual,frequency,internal_only,,False,False,False,
242,gradual,frequency,prism,24.0,True,True,False,0.0
243,gradual,frequency,severity_only,,False,False,False,
243,gradual,frequency,external_only,,False,False,False,
243,gradual,frequency,internal_only,,False,False,False,
243,gradual,frequency,prism,,False,False,False,
244,gradual,frequency,severity_only,,False,False,False,
244,gradual,frequency,external_only,,False,False,False,
244,gradual,frequency,internal_only,,False,False,False,
244,gradual,frequency,prism,,False,False,False,
245,gradual,frequency,severity_only,,False,False,False,
245,gradual,frequency,external_only,,False,False,False,
245,gradual,frequency,internal_only,,False,False,False,
245,gradual,frequency,prism,,False,False,False,
246,gradual,frequency,severity_only,,False,False,False,
246,gradual,frequency,external_only,,False,False,False,
246,gradual,frequency,internal_only,,False,False,False,
246,gradual,frequency,prism,,False,False,False,
247,gradual,frequency,severity_only,,False,False,False,
247,gradual,frequency,external_only,,False,False,False,
247,gradual,frequency,internal_only,,False,False,False,
247,gradual,frequency,prism,35.0,False,False,False,
248,gradual,frequency,severity_only,,False,False,False,
248,gradual,frequency,external_only,,False,False,False,
248,gradual,frequency,internal_only,,False,False,False,
248,gradual,frequency,prism,,False,False,False,
249,gradual,frequency,severity_only,,False,False,False,
249,gradual,frequency,external_only,22.0,True,True,False,2.0
249,gradual,frequency,internal_only,,False,False,False,
249,gradual,frequency,prism,22.0,True,True,False,2.0
250,gradual,frequency,severity_only,,False,False,False,
250,gradual,frequency,external_only,,False,False,False,
250,gradual,frequency,internal_only,34.0,False,False,False,
250,gradual,frequency,prism,33.0,False,False,False,
251,gradual,frequency,severity_only,,False,False,False,
251,gradual,frequency,external_only,32.0,False,False,False,
251,gradual,frequency,internal_only,,False,False,False,
251,gradual,frequency,prism,25.0,True,False,False,-1.0
252,gradual,frequency,severity_only,23.0,True,True,False,1.0
252,gradual,frequency,external_only,23.0,True,True,False,1.0
252,gradual,frequency,internal_only,23.0,True,True,False,1.0
252,gradual,frequency,prism,23.0,True,True,False,1.0
253,gradual,frequency,severity_only,,False,False,False,
253,gradual,frequency,external_only,,False,False,False,
253,gradual,frequency,internal_only,,False,False,False,
253,gradual,frequency,prism,29.0,True,False,False,-5.0
254,gradual,frequency,severity_only,,False,False,False,
254,gradual,frequency,external_only,,False,False,False,
254,gradual,frequency,internal_only,,False,False,False,
254,gradual,frequency,prism,,False,False,False,
255,gradual,frequency,severity_only,,False,False,False,
255,gradual,frequency,external_only,,False,False,False,
255,gradual,frequency,internal_only,,False,False,False,
255,gradual,frequency,prism,38.0,False,False,False,
256,gradual,frequency,severity_only,,False,False,False,
256,gradual,frequency,external_only,,False,False,False,
256,gradual,frequency,internal_only,,False,False,False,
256,gradual,frequency,prism,,False,False,False,
257,gradual,frequency,severity_only,,False,False,False,
257,gradual,frequency,external_only,,False,False,False,
257,gradual,frequency,internal_only,,False,False,False,
257,gradual,frequency,prism,,False,False,False,
258,gradual,frequency,severity_only,,False,False,False,
258,gradual,frequency,external_only,23.0,True,True,False,1.0
258,gradual,frequency,internal_only,20.0,False,False,True,
258,gradual,frequency,prism,26.0,True,False,False,-2.0
259,gradual,frequency,severity_only,,False,False,False,
259,gradual,frequency,external_only,,False,False,False,
259,gradual,frequency,internal_only,,False,False,False,
259,gradual,frequency,prism,25.0,True,False,False,-1.0
260,gradual,frequency,severity_only,,False,False,False,
260,gradual,frequency,external_only,,False,False,False,
260,gradual,frequency,internal_only,,False,False,False,
260,gradual,frequency,prism,,False,False,False,
261,gradual,frequency,severity_only,,False,False,False,
261,gradual,frequency,external_only,,False,False,False,
261,gradual,frequency,internal_only,,False,False,False,
261,gradual,frequency,prism,,False,False,False,
262,gradual,frequency,severity_only,,False,False,False,
262,gradual,frequency,external_only,27.0,True,False,False,-3.0
262,gradual,frequency,internal_only,,False,False,False,
262,gradual,frequency,prism,,False,False,False,
263,gradual,frequency,severity_only,,False,False,False,
263,gradual,frequency,external_only,,False,False,False,
263,gradual,frequency,internal_only,,False,False,False,
263,gradual,frequency,prism,,False,False,False,
264,gradual,frequency,severity_only,,False,False,False,
264,gradual,frequency,external_only,13.0,False,False,True,
264,gradual,frequency,internal_only,,False,False,False,
264,gradual,frequency,prism,13.0,False,False,True,
265,gradual,frequency,severity_only,,False,False,False,
265,gradual,frequency,external_only,4.0,False,False,True,
265,gradual,frequency,internal_only,,False,False,False,
265,gradual,frequency,prism,4.0,False,False,True,
266,gradual,frequency,severity_only,,False,False,False,
266,gradual,frequency,external_only,5.0,False,False,True,
266,gradual,frequency,internal_only,,False,False,False,
266,gradual,frequency,prism,5.0,False,False,True,
267,gradual,frequency,severity_only,,False,False,False,
267,gradual,frequency,external_only,,False,False,False,
267,gradual,frequency,internal_only,,False,False,False,
267,gradual,frequency,prism,24.0,True,True,False,0.0
268,gradual,frequency,severity_only,,False,False,False,
268,gradual,frequency,external_only,27.0,True,False,False,-3.0
268,gradual,frequency,internal_only,28.0,True,False,False,-4.0
268,gradual,frequency,prism,27.0,True,False,False,-3.0
269,gradual,frequency,severity_only,,False,False,False,
269,gradual,frequency,external_only,,False,False,False,
269,gradual,frequency,internal_only,,False,False,False,
269,gradual,frequency,prism,,False,False,False,
270,gradual,frequency,severity_only,,False,False,False,
270,gradual,frequency,external_only,,False,False,False,
270,gradual,frequency,internal_only,36.0,False,False,False,
270,gradual,frequency,prism,22.0,True,True,False,2.0
271,gradual,frequency,severity_only,,False,False,False,
271,gradual,frequency,external_only,,False,False,False,
271,gradual,frequency,internal_only,36.0,False,False,False,
271,gradual,frequency,prism,27.0,True,False,False,-3.0
272,gradual,frequency,severity_only,,False,False,False,
272,gradual,frequency,external_only,,False,False,False,
272,gradual,frequency,internal_only,,False,False,False,
272,gradual,frequency,prism,,False,False,False,
273,gradual,frequency,severity_only,,False,False,False,
273,gradual,frequency,external_only,13.0,False,False,True,
273,gradual,frequency,internal_only,37.0,False,False,False,
273,gradual,frequency,prism,13.0,False,False,True,
274,gradual,frequency,severity_only,,False,False,False,
274,gradual,frequency,external_only,,False,False,False,
274,gradual,frequency,internal_only,,False,False,False,
274,gradual,frequency,prism,,False,False,False,
275,gradual,frequency,severity_only,,False,False,False,
275,gradual,frequency,external_only,,False,False,False,
275,gradual,frequency,internal_only,24.0,True,True,False,0.0
275,gradual,frequency,prism,24.0,True,True,False,0.0
276,gradual,frequency,severity_only,,False,False,False,
276,gradual,frequency,external_only,,False,False,False,
276,gradual,frequency,internal_only,,False,False,False,
276,gradual,frequency,prism,,False,False,False,
277,gradual,frequency,severity_only,,False,False,False,
277,gradual,frequency,external_only,,False,False,False,
277,gradual,frequency,internal_only,,False,False,False,
277,gradual,frequency,prism,,False,False,False,
278,gradual,frequency,severity_only,,False,False,False,
278,gradual,frequency,external_only,,False,False,False,
278,gradual,frequency,internal_only,,False,False,False,
278,gradual,frequency,prism,,False,False,False,
279,gradual,frequency,severity_only,,False,False,False,
279,gradual,frequency,external_only,,False,False,False,
279,gradual,frequency,internal_only,,False,False,False,
279,gradual,frequency,prism,,False,False,False,
280,gradual,frequency,severity_only,,False,False,False,
280,gradual,frequency,external_only,26.0,True,False,False,-2.0
280,gradual,frequency,internal_only,,False,False,False,
280,gradual,frequency,prism,26.0,True,False,False,-2.0
281,gradual,frequency,severity_only,,False,False,False,
281,gradual,frequency,external_only,,False,False,False,
281,gradual,frequency,internal_only,30.0,True,False,False,-6.0
281,gradual,frequency,prism,25.0,True,False,False,-1.0
282,gradual,frequency,severity_only,,False,False,False,
282,gradual,frequency,external_only,,False,False,False,
282,gradual,frequency,internal_only,,False,False,False,
282,gradual,frequency,prism,,False,False,False,
283,gradual,frequency,severity_only,,False,False,False,
283,gradual,frequency,external_only,,False,False,False,
283,gradual,frequency,internal_only,,False,False,False,
283,gradual,frequency,prism,,False,False,False,
284,gradual,frequency,severity_only,,False,False,False,
284,gradual,frequency,external_only,8.0,False,False,True,
284,gradual,frequency,internal_only,35.0,False,False,False,
284,gradual,frequency,prism,8.0,False,False,True,
285,gradual,frequency,severity_only,20.0,False,False,True,
285,gradual,frequency,external_only,20.0,False,False,True,
285,gradual,frequency,internal_only,20.0,False,False,True,
285,gradual,frequency,prism,20.0,False,False,True,
286,gradual,frequency,severity_only,,False,False,False,
286,gradual,frequency,external_only,,False,False,False,
286,gradual,frequency,internal_only,,False,False,False,
286,gradual,frequency,prism,,False,False,False,
287,gradual,frequency,severity_only,,False,False,False,
287,gradual,frequency,external_only,,False,False,False,
287,gradual,frequency,internal_only,,False,False,False,
287,gradual,frequency,prism,30.0,True,False,False,-6.0
288,gradual,frequency,severity_only,,False,False,False,
288,gradual,frequency,external_only,,False,False,False,
288,gradual,frequency,internal_only,,False,False,False,
288,gradual,frequency,prism,,False,False,False,
289,gradual,frequency,severity_only,20.0,False,False,True,
289,gradual,frequency,external_only,20.0,False,False,True,
289,gradual,frequency,internal_only,20.0,False,False,True,
289,gradual,frequency,prism,20.0,False,False,True,
290,gradual,frequency,severity_only,,False,False,False,
290,gradual,frequency,external_only,,False,False,False,
290,gradual,frequency,internal_only,,False,False,False,
290,gradual,frequency,prism,,False,False,False,
291,gradual,frequency,severity_only,,False,False,False,
291,gradual,frequency,external_only,27.0,True,False,False,-3.0
291,gradual,frequency,internal_only,,False,False,False,
291,gradual,frequency,prism,27.0,True,False,False,-3.0
292,gradual,frequency,severity_only,,False,False,False,
292,gradual,frequency,external_only,29.0,True,False,False,-5.0
292,gradual,frequency,internal_only,35.0,False,False,False,
292,gradual,frequency,prism,27.0,True,False,False,-3.0
293,gradual,frequency,severity_only,,False,False,False,
293,gradual,frequency,external_only,,False,False,False,
293,gradual,frequency,internal_only,,False,False,False,
293,gradual,frequency,prism,,False,False,False,
294,gradual,frequency,severity_only,8.0,False,False,True,
294,gradual,frequency,external_only,8.0,False,False,True,
294,gradual,frequency,internal_only,8.0,False,False,True,
294,gradual,frequency,prism,8.0,False,False,True,
295,gradual,frequency,severity_only,28.0,True,False,False,-4.0
295,gradual,frequency,external_only,28.0,True,False,False,-4.0
295,gradual,frequency,internal_only,27.0,True,False,False,-3.0
295,gradual,frequency,prism,25.0,True,False,False,-1.0
296,gradual,frequency,severity_only,,False,False,False,
296,gradual,frequency,external_only,,False,False,False,
296,gradual,frequency,internal_only,,False,False,False,
296,gradual,frequency,prism,27.0,True,False,False,-3.0
297,gradual,frequency,severity_only,,False,False,False,
297,gradual,frequency,external_only,,False,False,False,
297,gradual,frequency,internal_only,,False,False,False,
297,gradual,frequency,prism,,False,False,False,
298,gradual,frequency,severity_only,,False,False,False,
298,gradual,frequency,external_only,,False,False,False,
298,gradual,frequency,internal_only,,False,False,False,
298,gradual,frequency,prism,,False,False,False,
299,gradual,frequency,severity_only,,False,False,False,
299,gradual,frequency,external_only,,False,False,False,
299,gradual,frequency,internal_only,,False,False,False,
299,gradual,frequency,prism,,False,False,False,
300,gradual,frequency,severity_only,,False,False,False,
300,gradual,frequency,external_only,,False,False,False,
300,gradual,frequency,internal_only,,False,False,False,
300,gradual,frequency,prism,,False,False,False,
301,gradual,frequency,severity_only,,False,False,False,
301,gradual,frequency,external_only,,False,False,False,
301,gradual,frequency,internal_only,,False,False,False,
301,gradual,frequency,prism,,False,False,False,
302,gradual,frequency,severity_only,,False,False,False,
302,gradual,frequency,external_only,,False,False,False,
302,gradual,frequency,internal_only,,False,False,False,
302,gradual,frequency,prism,,False,False,False,
303,gradual,frequency,severity_only,,False,False,False,
303,gradual,frequency,external_only,,False,False,False,
303,gradual,frequency,internal_only,,False,False,False,
303,gradual,frequency,prism,25.0,True,False,False,-1.0
304,gradual,frequency,severity_only,,False,False,False,
304,gradual,frequency,external_only,,False,False,False,
304,gradual,frequency,internal_only,,False,False,False,
304,gradual,frequency,prism,,False,False,False,
305,gradual,frequency,severity_only,,False,False,False,
305,gradual,frequency,external_only,,False,False,False,
305,gradual,frequency,internal_only,,False,False,False,
305,gradual,frequency,prism,,False,False,False,
306,gradual,frequency,severity_only,,False,False,False,
306,gradual,frequency,external_only,,False,False,False,
306,gradual,frequency,internal_only,,False,False,False,
306,gradual,frequency,prism,,False,False,False,
307,gradual,frequency,severity_only,,False,False,False,
307,gradual,frequency,external_only,,False,False,False,
307,gradual,frequency,internal_only,,False,False,False,
307,gradual,frequency,prism,,False,False,False,
308,gradual,frequency,severity_only,,False,False,False,
308,gradual,frequency,external_only,,False,False,False,
308,gradual,frequency,internal_only,,False,False,False,
308,gradual,frequency,prism,,False,False,False,
309,gradual,frequency,severity_only,,False,False,False,
309,gradual,frequency,external_only,,False,False,False,
309,gradual,frequency,internal_only,,False,False,False,
309,gradual,frequency,prism,,False,False,False,
310,gradual,frequency,severity_only,28.0,True,False,False,-4.0
310,gradual,frequency,external_only,27.0,True,False,False,-3.0
310,gradual,frequency,internal_only,27.0,True,False,False,-3.0
310,gradual,frequency,prism,23.0,True,True,False,1.0
311,gradual,frequency,severity_only,,False,False,False,
311,gradual,frequency,external_only,,False,False,False,
311,gradual,frequency,internal_only,,False,False,False,
311,gradual,frequency,prism,,False,False,False,
312,gradual,frequency,severity_only,,False,False,False,
312,gradual,frequency,external_only,,False,False,False,
312,gradual,frequency,internal_only,,False,False,False,
312,gradual,frequency,prism,,False,False,False,
313,gradual,frequency,severity_only,,False,False,False,
313,gradual,frequency,external_only,,False,False,False,
313,gradual,frequency,internal_only,,False,False,False,
313,gradual,frequency,prism,,False,False,False,
314,gradual,frequency,severity_only,12.0,False,False,True,
314,gradual,frequency,external_only,12.0,False,False,True,
314,gradual,frequency,internal_only,12.0,False,False,True,
314,gradual,frequency,prism,12.0,False,False,True,
315,gradual,frequency,severity_only,,False,False,False,
315,gradual,frequency,external_only,,False,False,False,
315,gradual,frequency,internal_only,,False,False,False,
315,gradual,frequency,prism,,False,False,False,
316,gradual,frequency,severity_only,,False,False,False,
316,gradual,frequency,external_only,22.0,True,True,False,2.0
316,gradual,frequency,internal_only,25.0,True,False,False,-1.0
316,gradual,frequency,prism,25.0,True,False,False,-1.0
317,gradual,frequency,severity_only,,False,False,False,
317,gradual,frequency,external_only,,False,False,False,
317,gradual,frequency,internal_only,,False,False,False,
317,gradual,frequency,prism,,False,False,False,
318,gradual,frequency,severity_only,,False,False,False,
318,gradual,frequency,external_only,,False,False,False,
318,gradual,frequency,internal_only,,False,False,False,
318,gradual,frequency,prism,25.0,True,False,False,-1.0
319,gradual,frequency,severity_only,,False,False,False,
319,gradual,frequency,external_only,,False,False,False,
319,gradual,frequency,internal_only,,False,False,False,
319,gradual,frequency,prism,,False,False,False,
320,gradual,frequency,severity_only,,False,False,False,
320,gradual,frequency,external_only,,False,False,False,
320,gradual,frequency,internal_only,,False,False,False,
320,gradual,frequency,prism,,False,False,False,
321,gradual,frequency,severity_only,,False,False,False,
321,gradual,frequency,external_only,,False,False,False,
321,gradual,frequency,internal_only,,False,False,False,
321,gradual,frequency,prism,37.0,False,False,False,
322,gradual,frequency,severity_only,,False,False,False,
322,gradual,frequency,external_only,,False,False,False,
322,gradual,frequency,internal_only,,False,False,False,
322,gradual,frequency,prism,,False,False,False,
323,gradual,frequency,severity_only,,False,False,False,
323,gradual,frequency,external_only,,False,False,False,
323,gradual,frequency,internal_only,,False,False,False,
323,gradual,frequency,prism,,False,False,False,
324,gradual,frequency,severity_only,,False,False,False,
324,gradual,frequency,external_only,,False,False,False,
324,gradual,frequency,internal_only,,False,False,False,
324,gradual,frequency,prism,,False,False,False,
325,gradual,frequency,severity_only,,False,False,False,
325,gradual,frequency,external_only,,False,False,False,
325,gradual,frequency,internal_only,32.0,False,False,False,
325,gradual,frequency,prism,32.0,False,False,False,
326,gradual,frequency,severity_only,,False,False,False,
326,gradual,frequency,external_only,,False,False,False,
326,gradual,frequency,internal_only,,False,False,False,
326,gradual,frequency,prism,,False,False,False,
327,gradual,frequency,severity_only,,False,False,False,
327,gradual,frequency,external_only,,False,False,False,
327,gradual,frequency,internal_only,,False,False,False,
327,gradual,frequency,prism,,False,False,False,
328,gradual,frequency,severity_only,,False,False,False,
328,gradual,frequency,external_only,,False,False,False,
328,gradual,frequency,internal_only,,False,False,False,
328,gradual,frequency,prism,,False,False,False,
329,gradual,frequency,severity_only,,False,False,False,
329,gradual,frequency,external_only,,False,False,False,
329,gradual,frequency,internal_only,,False,False,False,
329,gradual,frequency,prism,,False,False,False,
330,gradual,frequency,severity_only,30.0,True,False,False,-6.0
330,gradual,frequency,external_only,29.0,True,False,False,-5.0
330,gradual,frequency,internal_only,30.0,True,False,False,-6.0
330,gradual,frequency,prism,29.0,True,False,False,-5.0
331,gradual,frequency,severity_only,,False,False,False,
331,gradual,frequency,external_only,,False,False,False,
331,gradual,frequency,internal_only,,False,False,False,
331,gradual,frequency,prism,,False,False,False,
332,gradual,frequency,severity_only,,False,False,False,
332,gradual,frequency,external_only,,False,False,False,
332,gradual,frequency,internal_only,,False,False,False,
332,gradual,frequency,prism,,False,False,False,
333,gradual,frequency,severity_only,,False,False,False,
333,gradual,frequency,external_only,,False,False,False,
333,gradual,frequency,internal_only,,False,False,False,
333,gradual,frequency,prism,,False,False,False,
334,gradual,frequency,severity_only,,False,False,False,
334,gradual,frequency,external_only,,False,False,False,
334,gradual,frequency,internal_only,,False,False,False,
334,gradual,frequency,prism,31.0,False,False,False,
335,gradual,frequency,severity_only,35.0,False,False,False,
335,gradual,frequency,external_only,35.0,False,False,False,
335,gradual,frequency,internal_only,35.0,False,False,False,
335,gradual,frequency,prism,35.0,False,False,False,
336,gradual,frequency,severity_only,,False,False,False,
336,gradual,frequency,external_only,,False,False,False,
336,gradual,frequency,internal_only,,False,False,False,
336,gradual,frequency,prism,,False,False,False,
337,gradual,frequency,severity_only,,False,False,False,
337,gradual,frequency,external_only,,False,False,False,
337,gradual,frequency,internal_only,32.0,False,False,False,
337,gradual,frequency,prism,32.0,False,False,False,
338,gradual,frequency,severity_only,,False,False,False,
338,gradual,frequency,external_only,,False,False,False,
338,gradual,frequency,internal_only,,False,False,False,
338,gradual,frequency,prism,,False,False,False,
339,gradual,frequency,severity_only,,False,False,False,
339,gradual,frequency,external_only,,False,False,False,
339,gradual,frequency,internal_only,,False,False,False,
339,gradual,frequency,prism,26.0,True,False,False,-2.0
340,gradual,frequency,severity_only,,False,False,False,
340,gradual,frequency,external_only,,False,False,False,
340,gradual,frequency,internal_only,,False,False,False,
340,gradual,frequency,prism,,False,False,False,
341,gradual,frequency,severity_only,33.0,False,False,False,
341,gradual,frequency,external_only,,False,False,False,
341,gradual,frequency,internal_only,33.0,False,False,False,
341,gradual,frequency,prism,,False,False,False,
342,gradual,frequency,severity_only,,False,False,False,
342,gradual,frequency,external_only,,False,False,False,
342,gradual,frequency,internal_only,,False,False,False,
342,gradual,frequency,prism,,False,False,False,
343,gradual,frequency,severity_only,,False,False,False,
343,gradual,frequency,external_only,,False,False,False,
343,gradual,frequency,internal_only,,False,False,False,
343,gradual,frequency,prism,24.0,True,True,False,0.0
344,gradual,frequency,severity_only,,False,False,False,
344,gradual,frequency,external_only,,False,False,False,
344,gradual,frequency,internal_only,,False,False,False,
344,gradual,frequency,prism,25.0,True,False,False,-1.0
345,gradual,frequency,severity_only,,False,False,False,
345,gradual,frequency,external_only,,False,False,False,
345,gradual,frequency,internal_only,,False,False,False,
345,gradual,frequency,prism,,False,False,False,
346,gradual,frequency,severity_only,,False,False,False,
346,gradual,frequency,external_only,,False,False,False,
346,gradual,frequency,internal_only,,False,False,False,
346,gradual,frequency,prism,,False,False,False,
347,gradual,frequency,severity_only,,False,False,False,
347,gradual,frequency,external_only,10.0,False,False,True,
347,gradual,frequency,internal_only,,False,False,False,
347,gradual,frequency,prism,10.0,False,False,True,
348,gradual,frequency,severity_only,,False,False,False,
348,gradual,frequency,external_only,,False,False,False,
348,gradual,frequency,internal_only,,False,False,False,
348,gradual,frequency,prism,,False,False,False,
349,gradual,frequency,severity_only,,False,False,False,
349,gradual,frequency,external_only,5.0,False,False,True,
349,gradual,frequency,internal_only,,False,False,False,
349,gradual,frequency,prism,5.0,False,False,True,
350,gradual,frequency,severity_only,,False,False,False,
350,gradual,frequency,external_only,,False,False,False,
350,gradual,frequency,internal_only,,False,False,False,
350,gradual,frequency,prism,,False,False,False,
351,gradual,frequency,severity_only,,False,False,False,
351,gradual,frequency,external_only,23.0,True,True,False,1.0
351,gradual,frequency,internal_only,,False,False,False,
351,gradual,frequency,prism,,False,False,False,
352,gradual,frequency,severity_only,13.0,False,False,True,
352,gradual,frequency,external_only,13.0,False,False,True,
352,gradual,frequency,internal_only,13.0,False,False,True,
352,gradual,frequency,prism,13.0,False,False,True,
353,gradual,frequency,severity_only,28.0,True,False,False,-4.0
353,gradual,frequency,external_only,26.0,True,False,False,-2.0
353,gradual,frequency,internal_only,28.0,True,False,False,-4.0
353,gradual,frequency,prism,28.0,True,False,False,-4.0
354,gradual,frequency,severity_only,,False,False,False,
354,gradual,frequency,external_only,,False,False,False,
354,gradual,frequency,internal_only,,False,False,False,
354,gradual,frequency,prism,,False,False,False,
355,gradual,frequency,severity_only,,False,False,False,
355,gradual,frequency,external_only,20.0,False,False,True,
355,gradual,frequency,internal_only,,False,False,False,
355,gradual,frequency,prism,,False,False,False,
356,gradual,frequency,severity_only,,False,False,False,
356,gradual,frequency,external_only,,False,False,False,
356,gradual,frequency,internal_only,,False,False,False,
356,gradual,frequency,prism,24.0,True,True,False,0.0
357,gradual,frequency,severity_only,,False,False,False,
357,gradual,frequency,external_only,,False,False,False,
357,gradual,frequency,internal_only,32.0,False,False,False,
357,gradual,frequency,prism,,False,False,False,
358,gradual,frequency,severity_only,,False,False,False,
358,gradual,frequency,external_only,,False,False,False,
358,gradual,frequency,internal_only,,False,False,False,
358,gradual,frequency,prism,,False,False,False,
359,gradual,frequency,severity_only,,False,False,False,
359,gradual,frequency,external_only,,False,False,False,
359,gradual,frequency,internal_only,,False,False,False,
359,gradual,frequency,prism,,False,False,False,
360,gradual,frequency,severity_only,,False,False,False,
360,gradual,frequency,external_only,,False,False,False,
360,gradual,frequency,internal_only,,False,False,False,
360,gradual,frequency,prism,23.0,True,True,False,1.0
361,gradual,frequency,severity_only,33.0,False,False,False,
361,gradual,frequency,external_only,33.0,False,False,False,
361,gradual,frequency,internal_only,33.0,False,False,False,
361,gradual,frequency,prism,25.0,True,False,False,-1.0
362,gradual,frequency,severity_only,,False,False,False,
362,gradual,frequency,external_only,,False,False,False,
362,gradual,frequency,internal_only,,False,False,False,
362,gradual,frequency,prism,27.0,True,False,False,-3.0
363,gradual,frequency,severity_only,,False,False,False,
363,gradual,frequency,external_only,,False,False,False,
363,gradual,frequency,internal_only,,False,False,False,
363,gradual,frequency,prism,,False,False,False,
364,gradual,frequency,severity_only,34.0,False,False,False,
364,gradual,frequency,external_only,34.0,False,False,False,
364,gradual,frequency,internal_only,34.0,False,False,False,
364,gradual,frequency,prism,34.0,False,False,False,
365,gradual,frequency,severity_only,,False,False,False,
365,gradual,frequency,external_only,34.0,False,False,False,
365,gradual,frequency,internal_only,33.0,False,False,False,
365,gradual,frequency,prism,26.0,True,False,False,-2.0
366,gradual,frequency,severity_only,,False,False,False,
366,gradual,frequency,external_only,,False,False,False,
366,gradual,frequency,internal_only,,False,False,False,
366,gradual,frequency,prism,28.0,True,False,False,-4.0
367,gradual,frequency,severity_only,33.0,False,False,False,
367,gradual,frequency,external_only,6.0,False,False,True,
367,gradual,frequency,internal_only,33.0,False,False,False,
367,gradual,frequency,prism,6.0,False,False,True,
368,gradual,frequency,severity_only,,False,False,False,
368,gradual,frequency,external_only,,False,False,False,
368,gradual,frequency,internal_only,,False,False,False,
368,gradual,frequency,prism,,False,False,False,
369,gradual,frequency,severity_only,,False,False,False,
369,gradual,frequency,external_only,,False,False,False,
369,gradual,frequency,internal_only,,False,False,False,
369,gradual,frequency,prism,,False,False,False,
370,gradual,frequency,severity_only,,False,False,False,
370,gradual,frequency,external_only,,False,False,False,
370,gradual,frequency,internal_only,,False,False,False,
370,gradual,frequency,prism,,False,False,False,
371,gradual,frequency,severity_only,,False,False,False,
371,gradual,frequency,external_only,,False,False,False,
371,gradual,frequency,internal_only,,False,False,False,
371,gradual,frequency,prism,,False,False,False,
372,gradual,frequency,severity_only,,False,False,False,
372,gradual,frequency,external_only,,False,False,False,
372,gradual,frequency,internal_only,,False,False,False,
372,gradual,frequency,prism,,False,False,False,
373,gradual,frequency,severity_only,32.0,False,False,False,
373,gradual,frequency,external_only,31.0,False,False,False,
373,gradual,frequency,internal_only,32.0,False,False,False,
373,gradual,frequency,prism,32.0,False,False,False,
374,gradual,frequency,severity_only,,False,False,False,
374,gradual,frequency,external_only,,False,False,False,
374,gradual,frequency,internal_only,32.0,False,False,False,
374,gradual,frequency,prism,27.0,True,False,False,-3.0
375,gradual,frequency,severity_only,,False,False,False,
375,gradual,frequency,external_only,,False,False,False,
375,gradual,frequency,internal_only,,False,False,False,
375,gradual,frequency,prism,,False,False,False,
376,gradual,frequency,severity_only,,False,False,False,
376,gradual,frequency,external_only,9.0,False,False,True,
376,gradual,frequency,internal_only,,False,False,False,
376,gradual,frequency,prism,9.0,False,False,True,
377,gradual,frequency,severity_only,35.0,False,False,False,
377,gradual,frequency,external_only,,False,False,False,
377,gradual,frequency,internal_only,35.0,False,False,False,
377,gradual,frequency,prism,27.0,True,False,False,-3.0
378,gradual,frequency,severity_only,,False,False,False,
378,gradual,frequency,external_only,,False,False,False,
378,gradual,frequency,internal_only,,False,False,False,
378,gradual,frequency,prism,,False,False,False,
379,gradual,frequency,severity_only,,False,False,False,
379,gradual,frequency,external_only,,False,False,False,
379,gradual,frequency,internal_only,,False,False,False,
379,gradual,frequency,prism,,False,False,False,
380,gradual,frequency,severity_only,,False,False,False,
380,gradual,frequency,external_only,,False,False,False,
380,gradual,frequency,internal_only,,False,False,False,
380,gradual,frequency,prism,,False,False,False,
381,gradual,frequency,severity_only,,False,False,False,
381,gradual,frequency,external_only,,False,False,False,
381,gradual,frequency,internal_only,,False,False,False,
381,gradual,frequency,prism,,False,False,False,
382,gradual,frequency,severity_only,10.0,False,False,True,
382,gradual,frequency,external_only,,False,False,False,
382,gradual,frequency,internal_only,10.0,False,False,True,
382,gradual,frequency,prism,,False,False,False,
383,gradual,frequency,severity_only,,False,False,False,
383,gradual,frequency,external_only,,False,False,False,
383,gradual,frequency,internal_only,,False,False,False,
383,gradual,frequency,prism,,False,False,False,
384,gradual,frequency,severity_only,,False,False,False,
384,gradual,frequency,external_only,,False,False,False,
384,gradual,frequency,internal_only,,False,False,False,
384,gradual,frequency,prism,,False,False,False,
385,gradual,frequency,severity_only,,False,False,False,
385,gradual,frequency,external_only,,False,False,False,
385,gradual,frequency,internal_only,,False,False,False,
385,gradual,frequency,prism,,False,False,False,
386,gradual,frequency,severity_only,,False,False,False,
386,gradual,frequency,external_only,28.0,True,False,False,-4.0
386,gradual,frequency,internal_only,,False,False,False,
386,gradual,frequency,prism,28.0,True,False,False,-4.0
387,gradual,frequency,severity_only,,False,False,False,
387,gradual,frequency,external_only,,False,False,False,
387,gradual,frequency,internal_only,,False,False,False,
387,gradual,frequency,prism,,False,False,False,
388,gradual,frequency,severity_only,26.0,True,False,False,-2.0
388,gradual,frequency,external_only,26.0,True,False,False,-2.0
388,gradual,frequency,internal_only,26.0,True,False,False,-2.0
388,gradual,frequency,prism,25.0,True,False,False,-1.0
389,gradual,frequency,severity_only,,False,False,False,
389,gradual,frequency,external_only,,False,False,False,
389,gradual,frequency,internal_only,,False,False,False,
389,gradual,frequency,prism,,False,False,False,
390,gradual,frequency,severity_only,,False,False,False,
390,gradual,frequency,external_only,,False,False,False,
390,gradual,frequency,internal_only,,False,False,False,
390,gradual,frequency,prism,,False,False,False,
391,gradual,frequency,severity_only,29.0,True,False,False,-5.0
391,gradual,frequency,external_only,29.0,True,False,False,-5.0
391,gradual,frequency,internal_only,29.0,True,False,False,-5.0
391,gradual,frequency,prism,29.0,True,False,False,-5.0
392,gradual,frequency,severity_only,4.0,False,False,True,
392,gradual,frequency,external_only,4.0,False,False,True,
392,gradual,frequency,internal_only,4.0,False,False,True,
392,gradual,frequency,prism,4.0,False,False,True,
393,gradual,frequency,severity_only,,False,False,False,
393,gradual,frequency,external_only,,False,False,False,
393,gradual,frequency,internal_only,,False,False,False,
393,gradual,frequency,prism,,False,False,False,
394,gradual,frequency,severity_only,,False,False,False,
394,gradual,frequency,external_only,9.0,False,False,True,
394,gradual,frequency,internal_only,,False,False,False,
394,gradual,frequency,prism,9.0,False,False,True,
395,gradual,frequency,severity_only,,False,False,False,
395,gradual,frequency,external_only,,False,False,False,
395,gradual,frequency,internal_only,,False,False,False,
395,gradual,frequency,prism,,False,False,False,
396,gradual,frequency,severity_only,,False,False,False,
396,gradual,frequency,external_only,,False,False,False,
396,gradual,frequency,internal_only,,False,False,False,
396,gradual,frequency,prism,,False,False,False,
397,gradual,frequency,severity_only,,False,False,False,
397,gradual,frequency,external_only,25.0,True,False,False,-1.0
397,gradual,frequency,internal_only,,False,False,False,
397,gradual,frequency,prism,25.0,True,False,False,-1.0
398,gradual,frequency,severity_only,,False,False,False,
398,gradual,frequency,external_only,,False,False,False,
398,gradual,frequency,internal_only,,False,False,False,
398,gradual,frequency,prism,,False,False,False,
399,gradual,frequency,severity_only,,False,False,False,
399,gradual,frequency,external_only,29.0,True,False,False,-5.0
399,gradual,frequency,internal_only,,False,False,False,
399,gradual,frequency,prism,,False,False,False,
400,gradual,frequency,severity_only,,False,False,False,
400,gradual,frequency,external_only,,False,False,False,
400,gradual,frequency,internal_only,,False,False,False,
400,gradual,frequency,prism,,False,False,False,
401,gradual,frequency,severity_only,,False,False,False,
401,gradual,frequency,external_only,,False,False,False,
401,gradual,frequency,internal_only,,False,False,False,
401,gradual,frequency,prism,,False,False,False,
402,gradual,frequency,severity_only,,False,False,False,
402,gradual,frequency,external_only,,False,False,False,
402,gradual,frequency,internal_only,,False,False,False,
402,gradual,frequency,prism,24.0,True,True,False,0.0
403,gradual,frequency,severity_only,,False,False,False,
403,gradual,frequency,external_only,,False,False,False,
403,gradual,frequency,internal_only,,False,False,False,
403,gradual,frequency,prism,,False,False,False,
404,gradual,frequency,severity_only,,False,False,False,
404,gradual,frequency,external_only,,False,False,False,
404,gradual,frequency,internal_only,,False,False,False,
404,gradual,frequency,prism,26.0,True,False,False,-2.0
405,gradual,frequency,severity_only,,False,False,False,
405,gradual,frequency,external_only,26.0,True,False,False,-2.0
405,gradual,frequency,internal_only,,False,False,False,
405,gradual,frequency,prism,23.0,True,True,False,1.0
406,gradual,frequency,severity_only,,False,False,False,
406,gradual,frequency,external_only,,False,False,False,
406,gradual,frequency,internal_only,19.0,False,False,True,
406,gradual,frequency,prism,,False,False,False,
407,gradual,frequency,severity_only,,False,False,False,
407,gradual,frequency,external_only,,False,False,False,
407,gradual,frequency,internal_only,,False,False,False,
407,gradual,frequency,prism,,False,False,False,
408,gradual,frequency,severity_only,30.0,True,False,False,-6.0
408,gradual,frequency,external_only,31.0,False,False,False,
408,gradual,frequency,internal_only,31.0,False,False,False,
408,gradual,frequency,prism,31.0,False,False,False,
409,gradual,frequency,severity_only,,False,False,False,
409,gradual,frequency,external_only,,False,False,False,
409,gradual,frequency,internal_only,,False,False,False,
409,gradual,frequency,prism,,False,False,False,
410,gradual,frequency,severity_only,,False,False,False,
410,gradual,frequency,external_only,,False,False,False,
410,gradual,frequency,internal_only,,False,False,False,
410,gradual,frequency,prism,34.0,False,False,False,
411,gradual,frequency,severity_only,7.0,False,False,True,
411,gradual,frequency,external_only,7.0,False,False,True,
411,gradual,frequency,internal_only,7.0,False,False,True,
411,gradual,frequency,prism,7.0,False,False,True,
412,gradual,frequency,severity_only,,False,False,False,
412,gradual,frequency,external_only,,False,False,False,
412,gradual,frequency,internal_only,,False,False,False,
412,gradual,frequency,prism,,False,False,False,
413,gradual,frequency,severity_only,,False,False,False,
413,gradual,frequency,external_only,,False,False,False,
413,gradual,frequency,internal_only,,False,False,False,
413,gradual,frequency,prism,,False,False,False,
414,gradual,frequency,severity_only,,False,False,False,
414,gradual,frequency,external_only,,False,False,False,
414,gradual,frequency,internal_only,,False,False,False,
414,gradual,frequency,prism,,False,False,False,
415,gradual,frequency,severity_only,,False,False,False,
415,gradual,frequency,external_only,,False,False,False,
415,gradual,frequency,internal_only,,False,False,False,
415,gradual,frequency,prism,,False,False,False,
416,gradual,frequency,severity_only,,False,False,False,
416,gradual,frequency,external_only,,False,False,False,
416,gradual,frequency,internal_only,,False,False,False,
416,gradual,frequency,prism,,False,False,False,
417,gradual,frequency,severity_only,31.0,False,False,False,
417,gradual,frequency,external_only,31.0,False,False,False,
417,gradual,frequency,internal_only,31.0,False,False,False,
417,gradual,frequency,prism,28.0,True,False,False,-4.0
418,gradual,frequency,severity_only,,False,False,False,
418,gradual,frequency,external_only,,False,False,False,
418,gradual,frequency,internal_only,,False,False,False,
418,gradual,frequency,prism,27.0,True,False,False,-3.0
419,gradual,frequency,severity_only,,False,False,False,
419,gradual,frequency,external_only,,False,False,False,
419,gradual,frequency,internal_only,,False,False,False,
419,gradual,frequency,prism,,False,False,False,
420,gradual,frequency,severity_only,,False,False,False,
420,gradual,frequency,external_only,,False,False,False,
420,gradual,frequency,internal_only,,False,False,False,
420,gradual,frequency,prism,,False,False,False,
421,gradual,frequency,severity_only,,False,False,False,
421,gradual,frequency,external_only,,False,False,False,
421,gradual,frequency,internal_only,,False,False,False,
421,gradual,frequency,prism,,False,False,False,
422,gradual,frequency,severity_only,,False,False,False,
422,gradual,frequency,external_only,,False,False,False,
422,gradual,frequency,internal_only,,False,False,False,
422,gradual,frequency,prism,,False,False,False,
423,gradual,frequency,severity_only,,False,False,False,
423,gradual,frequency,external_only,28.0,True,False,False,-4.0
423,gradual,frequency,internal_only,,False,False,False,
423,gradual,frequency,prism,33.0,False,False,False,
424,gradual,frequency,severity_only,,False,False,False,
424,gradual,frequency,external_only,,False,False,False,
424,gradual,frequency,internal_only,,False,False,False,
424,gradual,frequency,prism,,False,False,False,
425,gradual,frequency,severity_only,,False,False,False,
425,gradual,frequency,external_only,,False,False,False,
425,gradual,frequency,internal_only,,False,False,False,
425,gradual,frequency,prism,,False,False,False,
426,gradual,frequency,severity_only,,False,False,False,
426,gradual,frequency,external_only,,False,False,False,
426,gradual,frequency,internal_only,,False,False,False,
426,gradual,frequency,prism,,False,False,False,
427,gradual,frequency,severity_only,,False,False,False,
427,gradual,frequency,external_only,,False,False,False,
427,gradual,frequency,internal_only,35.0,False,False,False,
427,gradual,frequency,prism,26.0,True,False,False,-2.0
428,gradual,frequency,severity_only,,False,False,False,
428,gradual,frequency,external_only,,False,False,False,
428,gradual,frequency,internal_only,,False,False,False,
428,gradual,frequency,prism,,False,False,False,
429,gradual,frequency,severity_only,,False,False,False,
429,gradual,frequency,external_only,,False,False,False,
429,gradual,frequency,internal_only,,False,False,False,
429,gradual,frequency,prism,,False,False,False,
430,gradual,frequency,severity_only,,False,False,False,
430,gradual,frequency,external_only,28.0,True,False,False,-4.0
430,gradual,frequency,internal_only,,False,False,False,
430,gradual,frequency,prism,27.0,True,False,False,-3.0
431,gradual,frequency,severity_only,,False,False,False,
431,gradual,frequency,external_only,,False,False,False,
431,gradual,frequency,internal_only,,False,False,False,
431,gradual,frequency,prism,,False,False,False,
432,gradual,frequency,severity_only,,False,False,False,
432,gradual,frequency,external_only,,False,False,False,
432,gradual,frequency,internal_only,,False,False,False,
432,gradual,frequency,prism,,False,False,False,
433,gradual,frequency,severity_only,,False,False,False,
433,gradual,frequency,external_only,26.0,True,False,False,-2.0
433,gradual,frequency,internal_only,,False,False,False,
433,gradual,frequency,prism,26.0,True,False,False,-2.0
434,gradual,frequency,severity_only,,False,False,False,
434,gradual,frequency,external_only,,False,False,False,
434,gradual,frequency,internal_only,,False,False,False,
434,gradual,frequency,prism,,False,False,False,
435,gradual,frequency,severity_only,,False,False,False,
435,gradual,frequency,external_only,,False,False,False,
435,gradual,frequency,internal_only,,False,False,False,
435,gradual,frequency,prism,,False,False,False,
436,gradual,frequency,severity_only,,False,False,False,
436,gradual,frequency,external_only,,False,False,False,
436,gradual,frequency,internal_only,,False,False,False,
436,gradual,frequency,prism,25.0,True,False,False,-1.0
437,gradual,frequency,severity_only,,False,False,False,
437,gradual,frequency,external_only,,False,False,False,
437,gradual,frequency,internal_only,,False,False,False,
437,gradual,frequency,prism,24.0,True,True,False,0.0
438,gradual,frequency,severity_only,14.0,False,False,True,
438,gradual,frequency,external_only,14.0,False,False,True,
438,gradual,frequency,internal_only,14.0,False,False,True,
438,gradual,frequency,prism,14.0,False,False,True,
439,gradual,frequency,severity_only,,False,False,False,
439,gradual,frequency,external_only,,False,False,False,
439,gradual,frequency,internal_only,,False,False,False,
439,gradual,frequency,prism,,False,False,False,
440,gradual,frequency,severity_only,,False,False,False,
440,gradual,frequency,external_only,,False,False,False,
440,gradual,frequency,internal_only,,False,False,False,
440,gradual,frequency,prism,,False,False,False,
441,gradual,frequency,severity_only,,False,False,False,
441,gradual,frequency,external_only,,False,False,False,
441,gradual,frequency,internal_only,,False,False,False,
441,gradual,frequency,prism,,False,False,False,
442,gradual,frequency,severity_only,,False,False,False,
442,gradual,frequency,external_only,,False,False,False,
442,gradual,frequency,internal_only,,False,False,False,
442,gradual,frequency,prism,,False,False,False,
443,gradual,frequency,severity_only,,False,False,False,
443,gradual,frequency,external_only,,False,False,False,
443,gradual,frequency,internal_only,,False,False,False,
443,gradual,frequency,prism,,False,False,False,
444,gradual,frequency,severity_only,,False,False,False,
444,gradual,frequency,external_only,,False,False,False,
444,gradual,frequency,internal_only,,False,False,False,
444,gradual,frequency,prism,28.0,True,False,False,-4.0
445,gradual,frequency,severity_only,,False,False,False,
445,gradual,frequency,external_only,,False,False,False,
445,gradual,frequency,internal_only,,False,False,False,
445,gradual,frequency,prism,25.0,True,False,False,-1.0
446,gradual,frequency,severity_only,,False,False,False,
446,gradual,frequency,external_only,,False,False,False,
446,gradual,frequency,internal_only,,False,False,False,
446,gradual,frequency,prism,,False,False,False,
447,gradual,frequency,severity_only,,False,False,False,
447,gradual,frequency,external_only,,False,False,False,
447,gradual,frequency,internal_only,,False,False,False,
447,gradual,frequency,prism,,False,False,False,
448,gradual,frequency,severity_only,,False,False,False,
448,gradual,frequency,external_only,,False,False,False,
448,gradual,frequency,internal_only,,False,False,False,
448,gradual,frequency,prism,,False,False,False,
449,gradual,frequency,severity_only,,False,False,False,
449,gradual,frequency,external_only,,False,False,False,
449,gradual,frequency,internal_only,,False,False,False,
449,gradual,frequency,prism,,False,False,False,
450,gradual,frequency,severity_only,,False,False,False,
450,gradual,frequency,external_only,,False,False,False,
450,gradual,frequency,internal_only,,False,False,False,
450,gradual,frequency,prism,24.0,True,True,False,0.0
451,gradual,frequency,severity_only,,False,False,False,
451,gradual,frequency,external_only,,False,False,False,
451,gradual,frequency,internal_only,,False,False,False,
451,gradual,frequency,prism,,False,False,False,
452,gradual,frequency,severity_only,28.0,True,False,False,-4.0
452,gradual,frequency,external_only,28.0,True,False,False,-4.0
452,gradual,frequency,internal_only,28.0,True,False,False,-4.0
452,gradual,frequency,prism,28.0,True,False,False,-4.0
453,gradual,frequency,severity_only,,False,False,False,
453,gradual,frequency,external_only,,False,False,False,
453,gradual,frequency,internal_only,,False,False,False,
453,gradual,frequency,prism,,False,False,False,
454,gradual,frequency,severity_only,4.0,False,False,True,
454,gradual,frequency,external_only,4.0,False,False,True,
454,gradual,frequency,internal_only,4.0,False,False,True,
454,gradual,frequency,prism,4.0,False,False,True,
455,gradual,frequency,severity_only,23.0,True,True,False,1.0
455,gradual,frequency,external_only,23.0,True,True,False,1.0
455,gradual,frequency,internal_only,23.0,True,True,False,1.0
455,gradual,frequency,prism,23.0,True,True,False,1.0
456,gradual,frequency,severity_only,,False,False,False,
456,gradual,frequency,external_only,24.0,True,True,False,0.0
456,gradual,frequency,internal_only,,False,False,False,
456,gradual,frequency,prism,24.0,True,True,False,0.0
457,gradual,frequency,severity_only,,False,False,False,
457,gradual,frequency,external_only,,False,False,False,
457,gradual,frequency,internal_only,28.0,True,False,False,-4.0
457,gradual,frequency,prism,23.0,True,True,False,1.0
458,gradual,frequency,severity_only,,False,False,False,
458,gradual,frequency,external_only,,False,False,False,
458,gradual,frequency,internal_only,30.0,True,False,False,-6.0
458,gradual,frequency,prism,24.0,True,True,False,0.0
459,gradual,frequency,severity_only,,False,False,False,
459,gradual,frequency,external_only,,False,False,False,
459,gradual,frequency,internal_only,,False,False,False,
459,gradual,frequency,prism,,False,False,False,
460,gradual,frequency,severity_only,7.0,False,False,True,
460,gradual,frequency,external_only,7.0,False,False,True,
460,gradual,frequency,internal_only,7.0,False,False,True,
460,gradual,frequency,prism,7.0,False,False,True,
461,gradual,frequency,severity_only,4.0,False,False,True,
461,gradual,frequency,external_only,4.0,False,False,True,
461,gradual,frequency,internal_only,4.0,False,False,True,
461,gradual,frequency,prism,4.0,False,False,True,
462,gradual,frequency,severity_only,,False,False,False,
462,gradual,frequency,external_only,,False,False,False,
462,gradual,frequency,internal_only,,False,False,False,
462,gradual,frequency,prism,,False,False,False,
463,gradual,frequency,severity_only,,False,False,False,
463,gradual,frequency,external_only,,False,False,False,
463,gradual,frequency,internal_only,,False,False,False,
463,gradual,frequency,prism,,False,False,False,
464,gradual,frequency,severity_only,,False,False,False,
464,gradual,frequency,external_only,,False,False,False,
464,gradual,frequency,internal_only,,False,False,False,
464,gradual,frequency,prism,,False,False,False,
465,gradual,frequency,severity_only,,False,False,False,
465,gradual,frequency,external_only,8.0,False,False,True,
465,gradual,frequency,internal_only,,False,False,False,
465,gradual,frequency,prism,8.0,False,False,True,
466,gradual,frequency,severity_only,,False,False,False,
466,gradual,frequency,external_only,,False,False,False,
466,gradual,frequency,internal_only,,False,False,False,
466,gradual,frequency,prism,,False,False,False,
467,gradual,frequency,severity_only,,False,False,False,
467,gradual,frequency,external_only,,False,False,False,
467,gradual,frequency,internal_only,,False,False,False,
467,gradual,frequency,prism,26.0,True,False,False,-2.0
468,gradual,frequency,severity_only,,False,False,False,
468,gradual,frequency,external_only,,False,False,False,
468,gradual,frequency,internal_only,,False,False,False,
468,gradual,frequency,prism,24.0,True,True,False,0.0
469,gradual,frequency,severity_only,,False,False,False,
469,gradual,frequency,external_only,,False,False,False,
469,gradual,frequency,internal_only,,False,False,False,
469,gradual,frequency,prism,,False,False,False,
470,gradual,frequency,severity_only,,False,False,False,
470,gradual,frequency,external_only,,False,False,False,
470,gradual,frequency,internal_only,,False,False,False,
470,gradual,frequency,prism,,False,False,False,
471,gradual,frequency,severity_only,33.0,False,False,False,
471,gradual,frequency,external_only,,False,False,False,
471,gradual,frequency,internal_only,33.0,False,False,False,
471,gradual,frequency,prism,,False,False,False,
472,gradual,frequency,severity_only,,False,False,False,
472,gradual,frequency,external_only,,False,False,False,
472,gradual,frequency,internal_only,,False,False,False,
472,gradual,frequency,prism,,False,False,False,
473,gradual,frequency,severity_only,11.0,False,False,True,
473,gradual,frequency,external_only,11.0,False,False,True,
473,gradual,frequency,internal_only,11.0,False,False,True,
473,gradual,frequency,prism,11.0,False,False,True,
474,gradual,frequency,severity_only,,False,False,False,
474,gradual,frequency,external_only,24.0,True,True,False,0.0
474,gradual,frequency,internal_only,31.0,False,False,False,
474,gradual,frequency,prism,24.0,True,True,False,0.0
475,gradual,frequency,severity_only,,False,False,False,
475,gradual,frequency,external_only,,False,False,False,
475,gradual,frequency,internal_only,36.0,False,False,False,
475,gradual,frequency,prism,37.0,False,False,False,
476,gradual,frequency,severity_only,,False,False,False,
476,gradual,frequency,external_only,,False,False,False,
476,gradual,frequency,internal_only,,False,False,False,
476,gradual,frequency,prism,,False,False,False,
477,gradual,frequency,severity_only,,False,False,False,
477,gradual,frequency,external_only,,False,False,False,
477,gradual,frequency,internal_only,,False,False,False,
477,gradual,frequency,prism,,False,False,False,
478,gradual,frequency,severity_only,,False,False,False,
478,gradual,frequency,external_only,,False,False,False,
478,gradual,frequency,internal_only,,False,False,False,
478,gradual,frequency,prism,,False,False,False,
479,gradual,frequency,severity_only,,False,False,False,
479,gradual,frequency,external_only,,False,False,False,
479,gradual,frequency,internal_only,,False,False,False,
479,gradual,frequency,prism,29.0,True,False,False,-5.0
480,gradual,frequency,severity_only,,False,False,False,
480,gradual,frequency,external_only,,False,False,False,
480,gradual,frequency,internal_only,27.0,True,False,False,-3.0
480,gradual,frequency,prism,24.0,True,True,False,0.0
481,gradual,frequency,severity_only,,False,False,False,
481,gradual,frequency,external_only,,False,False,False,
481,gradual,frequency,internal_only,,False,False,False,
481,gradual,frequency,prism,,False,False,False,
482,gradual,frequency,severity_only,,False,False,False,
482,gradual,frequency,external_only,4.0,False,False,True,
482,gradual,frequency,internal_only,,False,False,False,
482,gradual,frequency,prism,4.0,False,False,True,
483,gradual,frequency,severity_only,,False,False,False,
483,gradual,frequency,external_only,25.0,True,False,False,-1.0
483,gradual,frequency,internal_only,,False,False,False,
483,gradual,frequency,prism,24.0,True,True,False,0.0
484,gradual,frequency,severity_only,,False,False,False,
484,gradual,frequency,external_only,26.0,True,False,False,-2.0
484,gradual,frequency,internal_only,,False,False,False,
484,gradual,frequency,prism,26.0,True,False,False,-2.0
485,gradual,frequency,severity_only,,False,False,False,
485,gradual,frequency,external_only,,False,False,False,
485,gradual,frequency,internal_only,,False,False,False,
485,gradual,frequency,prism,,False,False,False,
486,gradual,frequency,severity_only,,False,False,False,
486,gradual,frequency,external_only,,False,False,False,
486,gradual,frequency,internal_only,,False,False,False,
486,gradual,frequency,prism,24.0,True,True,False,0.0
487,gradual,frequency,severity_only,9.0,False,False,True,
487,gradual,frequency,external_only,10.0,False,False,True,
487,gradual,frequency,internal_only,9.0,False,False,True,
487,gradual,frequency,prism,10.0,False,False,True,
488,gradual,frequency,severity_only,,False,False,False,
488,gradual,frequency,external_only,26.0,True,False,False,-2.0
488,gradual,frequency,internal_only,,False,False,False,
488,gradual,frequency,prism,26.0,True,False,False,-2.0
489,gradual,frequency,severity_only,,False,False,False,
489,gradual,frequency,external_only,,False,False,False,
489,gradual,frequency,internal_only,,False,False,False,
489,gradual,frequency,prism,,False,False,False,
490,gradual,frequency,severity_only,,False,False,False,
490,gradual,frequency,external_only,,False,False,False,
490,gradual,frequency,internal_only,,False,False,False,
490,gradual,frequency,prism,,False,False,False,
491,gradual,frequency,severity_only,11.0,False,False,True,
491,gradual,frequency,external_only,11.0,False,False,True,
491,gradual,frequency,internal_only,11.0,False,False,True,
491,gradual,frequency,prism,11.0,False,False,True,
492,gradual,frequency,severity_only,,False,False,False,
492,gradual,frequency,external_only,,False,False,False,
492,gradual,frequency,internal_only,,False,False,False,
492,gradual,frequency,prism,29.0,True,False,False,-5.0
493,gradual,frequency,severity_only,,False,False,False,
493,gradual,frequency,external_only,,False,False,False,
493,gradual,frequency,internal_only,,False,False,False,
493,gradual,frequency,prism,,False,False,False,
494,gradual,frequency,severity_only,,False,False,False,
494,gradual,frequency,external_only,,False,False,False,
494,gradual,frequency,internal_only,,False,False,False,
494,gradual,frequency,prism,,False,False,False,
495,gradual,frequency,severity_only,,False,False,False,
495,gradual,frequency,external_only,28.0,True,False,False,-4.0
495,gradual,frequency,internal_only,,False,False,False,
495,gradual,frequency,prism,28.0,True,False,False,-4.0
496,gradual,frequency,severity_only,,False,False,False,
496,gradual,frequency,external_only,,False,False,False,
496,gradual,frequency,internal_only,,False,False,False,
496,gradual,frequency,prism,,False,False,False,
497,gradual,frequency,severity_only,,False,False,False,
497,gradual,frequency,external_only,,False,False,False,
497,gradual,frequency,internal_only,,False,False,False,
497,gradual,frequency,prism,23.0,True,True,False,1.0
498,gradual,frequency,severity_only,,False,False,False,
498,gradual,frequency,external_only,,False,False,False,
498,gradual,frequency,internal_only,,False,False,False,
498,gradual,frequency,prism,,False,False,False,
499,gradual,frequency,severity_only,10.0,False,False,True,
499,gradual,frequency,external_only,10.0,False,False,True,
499,gradual,frequency,internal_only,10.0,False,False,True,
499,gradual,frequency,prism,10.0,False,False,True,
500,gradual,frequency,severity_only,13.0,False,False,True,
500,gradual,frequency,external_only,13.0,False,False,True,
500,gradual,frequency,internal_only,13.0,False,False,True,
500,gradual,frequency,prism,13.0,False,False,True,
501,gradual,frequency,severity_only,,False,False,False,
501,gradual,frequency,external_only,,False,False,False,
501,gradual,frequency,internal_only,,False,False,False,
501,gradual,frequency,prism,,False,False,False,
502,gradual,frequency,severity_only,,False,False,False,
502,gradual,frequency,external_only,,False,False,False,
502,gradual,frequency,internal_only,33.0,False,False,False,
502,gradual,frequency,prism,33.0,False,False,False,
503,gradual,frequency,severity_only,,False,False,False,
503,gradual,frequency,external_only,24.0,True,True,False,0.0
503,gradual,frequency,internal_only,,False,False,False,
503,gradual,frequency,prism,24.0,True,True,False,0.0
504,gradual,frequency,severity_only,,False,False,False,
504,gradual,frequency,external_only,,False,False,False,
504,gradual,frequency,internal_only,,False,False,False,
504,gradual,frequency,prism,,False,False,False,
505,gradual,frequency,severity_only,,False,False,False,
505,gradual,frequency,external_only,,False,False,False,
505,gradual,frequency,internal_only,,False,False,False,
505,gradual,frequency,prism,25.0,True,False,False,-1.0
506,gradual,frequency,severity_only,,False,False,False,
506,gradual,frequency,external_only,,False,False,False,
506,gradual,frequency,internal_only,,False,False,False,
506,gradual,frequency,prism,,False,False,False,
507,gradual,frequency,severity_only,,False,False,False,
507,gradual,frequency,external_only,,False,False,False,
507,gradual,frequency,internal_only,36.0,False,False,False,
507,gradual,frequency,prism,24.0,True,True,False,0.0
508,gradual,frequency,severity_only,33.0,False,False,False,
508,gradual,frequency,external_only,33.0,False,False,False,
508,gradual,frequency,internal_only,33.0,False,False,False,
508,gradual,frequency,prism,,False,False,False,
509,gradual,frequency,severity_only,,False,False,False,
509,gradual,frequency,external_only,,False,False,False,
509,gradual,frequency,internal_only,,False,False,False,
509,gradual,frequency,prism,,False,False,False,
510,gradual,frequency,severity_only,,False,False,False,
510,gradual,frequency,external_only,,False,False,False,
510,gradual,frequency,internal_only,,False,False,False,
510,gradual,frequency,prism,,False,False,False,
511,gradual,frequency,severity_only,,False,False,False,
511,gradual,frequency,external_only,,False,False,False,
511,gradual,frequency,internal_only,,False,False,False,
511,gradual,frequency,prism,,False,False,False,
512,gradual,frequency,severity_only,,False,False,False,
512,gradual,frequency,external_only,,False,False,False,
512,gradual,frequency,internal_only,,False,False,False,
512,gradual,frequency,prism,,False,False,False,
513,gradual,frequency,severity_only,11.0,False,False,True,
513,gradual,frequency,external_only,11.0,False,False,True,
513,gradual,frequency,internal_only,11.0,False,False,True,
513,gradual,frequency,prism,11.0,False,False,True,
514,gradual,frequency,severity_only,,False,False,False,
514,gradual,frequency,external_only,,False,False,False,
514,gradual,frequency,internal_only,30.0,True,False,False,-6.0
514,gradual,frequency,prism,24.0,True,True,False,0.0
515,gradual,frequency,severity_only,,False,False,False,
515,gradual,frequency,external_only,,False,False,False,
515,gradual,frequency,internal_only,,False,False,False,
515,gradual,frequency,prism,25.0,True,False,False,-1.0
516,gradual,frequency,severity_only,,False,False,False,
516,gradual,frequency,external_only,,False,False,False,
516,gradual,frequency,internal_only,37.0,False,False,False,
516,gradual,frequency,prism,25.0,True,False,False,-1.0
517,gradual,frequency,severity_only,18.0,False,False,True,
517,gradual,frequency,external_only,18.0,False,False,True,
517,gradual,frequency,internal_only,18.0,False,False,True,
517,gradual,frequency,prism,18.0,False,False,True,
518,gradual,frequency,severity_only,,False,False,False,
518,gradual,frequency,external_only,,False,False,False,
518,gradual,frequency,internal_only,,False,False,False,
518,gradual,frequency,prism,,False,False,False,
519,gradual,frequency,severity_only,,False,False,False,
519,gradual,frequency,external_only,25.0,True,False,False,-1.0
519,gradual,frequency,internal_only,,False,False,False,
519,gradual,frequency,prism,25.0,True,False,False,-1.0
520,gradual,frequency,severity_only,16.0,False,False,True,
520,gradual,frequency,external_only,13.0,False,False,True,
520,gradual,frequency,internal_only,16.0,False,False,True,
520,gradual,frequency,prism,13.0,False,False,True,
521,gradual,frequency,severity_only,,False,False,False,
521,gradual,frequency,external_only,27.0,True,False,False,-3.0
521,gradual,frequency,internal_only,27.0,True,False,False,-3.0
521,gradual,frequency,prism,24.0,True,True,False,0.0
522,gradual,frequency,severity_only,,False,False,False,
522,gradual,frequency,external_only,,False,False,False,
522,gradual,frequency,internal_only,,False,False,False,
522,gradual,frequency,prism,,False,False,False,
523,gradual,frequency,severity_only,30.0,True,False,False,-6.0
523,gradual,frequency,external_only,30.0,True,False,False,-6.0
523,gradual,frequency,internal_only,30.0,True,False,False,-6.0
523,gradual,frequency,prism,30.0,True,False,False,-6.0
524,gradual,frequency,severity_only,,False,False,False,
524,gradual,frequency,external_only,26.0,True,False,False,-2.0
524,gradual,frequency,internal_only,,False,False,False,
524,gradual,frequency,prism,,False,False,False,
525,gradual,frequency,severity_only,,False,False,False,
525,gradual,frequency,external_only,26.0,True,False,False,-2.0
525,gradual,frequency,internal_only,,False,False,False,
525,gradual,frequency,prism,26.0,True,False,False,-2.0
526,gradual,frequency,severity_only,,False,False,False,
526,gradual,frequency,external_only,,False,False,False,
526,gradual,frequency,internal_only,,False,False,False,
526,gradual,frequency,prism,,False,False,False,
527,gradual,frequency,severity_only,32.0,False,False,False,
527,gradual,frequency,external_only,32.0,False,False,False,
527,gradual,frequency,internal_only,31.0,False,False,False,
527,gradual,frequency,prism,30.0,True,False,False,-6.0
528,gradual,frequency,severity_only,,False,False,False,
528,gradual,frequency,external_only,,False,False,False,
528,gradual,frequency,internal_only,,False,False,False,
528,gradual,frequency,prism,,False,False,False,
529,gradual,frequency,severity_only,27.0,True,False,False,-3.0
529,gradual,frequency,external_only,27.0,True,False,False,-3.0
529,gradual,frequency,internal_only,27.0,True,False,False,-3.0
529,gradual,frequency,prism,27.0,True,False,False,-3.0
530,gradual,frequency,severity_only,,False,False,False,
530,gradual,frequency,external_only,,False,False,False,
530,gradual,frequency,internal_only,,False,False,False,
530,gradual,frequency,prism,,False,False,False,
531,gradual,frequency,severity_only,,False,False,False,
531,gradual,frequency,external_only,,False,False,False,
531,gradual,frequency,internal_only,,False,False,False,
531,gradual,frequency,prism,24.0,True,True,False,0.0
532,gradual,frequency,severity_only,,False,False,False,
532,gradual,frequency,external_only,,False,False,False,
532,gradual,frequency,internal_only,,False,False,False,
532,gradual,frequency,prism,,False,False,False,
533,gradual,frequency,severity_only,19.0,False,False,True,
533,gradual,frequency,external_only,19.0,False,False,True,
533,gradual,frequency,internal_only,19.0,False,False,True,
533,gradual,frequency,prism,19.0,False,False,True,
534,gradual,frequency,severity_only,,False,False,False,
534,gradual,frequency,external_only,,False,False,False,
534,gradual,frequency,internal_only,,False,False,False,
534,gradual,frequency,prism,,False,False,False,
535,gradual,frequency,severity_only,,False,False,False,
535,gradual,frequency,external_only,,False,False,False,
535,gradual,frequency,internal_only,,False,False,False,
535,gradual,frequency,prism,,False,False,False,
536,gradual,frequency,severity_only,,False,False,False,
536,gradual,frequency,external_only,,False,False,False,
536,gradual,frequency,internal_only,,False,False,False,
536,gradual,frequency,prism,,False,False,False,
537,gradual,frequency,severity_only,,False,False,False,
537,gradual,frequency,external_only,,False,False,False,
537,gradual,frequency,internal_only,,False,False,False,
537,gradual,frequency,prism,,False,False,False,
538,gradual,frequency,severity_only,,False,False,False,
538,gradual,frequency,external_only,,False,False,False,
538,gradual,frequency,internal_only,,False,False,False,
538,gradual,frequency,prism,,False,False,False,
539,gradual,frequency,severity_only,,False,False,False,
539,gradual,frequency,external_only,,False,False,False,
539,gradual,frequency,internal_only,,False,False,False,
539,gradual,frequency,prism,,False,False,False,
540,gradual,frequency,severity_only,,False,False,False,
540,gradual,frequency,external_only,,False,False,False,
540,gradual,frequency,internal_only,,False,False,False,
540,gradual,frequency,prism,25.0,True,False,False,-1.0
541,gradual,frequency,severity_only,,False,False,False,
541,gradual,frequency,external_only,,False,False,False,
541,gradual,frequency,internal_only,,False,False,False,
541,gradual,frequency,prism,,False,False,False,
542,gradual,frequency,severity_only,36.0,False,False,False,
542,gradual,frequency,external_only,36.0,False,False,False,
542,gradual,frequency,internal_only,36.0,False,False,False,
542,gradual,frequency,prism,36.0,False,False,False,
543,gradual,frequency,severity_only,,False,False,False,
543,gradual,frequency,external_only,,False,False,False,
543,gradual,frequency,internal_only,,False,False,False,
543,gradual,frequency,prism,,False,False,False,
544,gradual,frequency,severity_only,,False,False,False,
544,gradual,frequency,external_only,,False,False,False,
544,gradual,frequency,internal_only,,False,False,False,
544,gradual,frequency,prism,,False,False,False,
545,gradual,frequency,severity_only,,False,False,False,
545,gradual,frequency,external_only,,False,False,False,
545,gradual,frequency,internal_only,31.0,False,False,False,
545,gradual,frequency,prism,31.0,False,False,False,
546,gradual,frequency,severity_only,,False,False,False,
546,gradual,frequency,external_only,,False,False,False,
546,gradual,frequency,internal_only,,False,False,False,
546,gradual,frequency,prism,,False,False,False,
547,gradual,frequency,severity_only,,False,False,False,
547,gradual,frequency,external_only,,False,False,False,
547,gradual,frequency,internal_only,,False,False,False,
547,gradual,frequency,prism,,False,False,False,
548,gradual,frequency,severity_only,,False,False,False,
548,gradual,frequency,external_only,14.0,False,False,True,
548,gradual,frequency,internal_only,,False,False,False,
548,gradual,frequency,prism,14.0,False,False,True,
549,gradual,frequency,severity_only,,False,False,False,
549,gradual,frequency,external_only,,False,False,False,
549,gradual,frequency,internal_only,,False,False,False,
549,gradual,frequency,prism,,False,False,False,
550,gradual,frequency,severity_only,,False,False,False,
550,gradual,frequency,external_only,26.0,True,False,False,-2.0
550,gradual,frequency,internal_only,,False,False,False,
550,gradual,frequency,prism,26.0,True,False,False,-2.0
551,gradual,frequency,severity_only,,False,False,False,
551,gradual,frequency,external_only,,False,False,False,
551,gradual,frequency,internal_only,,False,False,False,
551,gradual,frequency,prism,,False,False,False,
552,gradual,frequency,severity_only,,False,False,False,
552,gradual,frequency,external_only,,False,False,False,
552,gradual,frequency,internal_only,,False,False,False,
552,gradual,frequency,prism,,False,False,False,
553,gradual,frequency,severity_only,,False,False,False,
553,gradual,frequency,external_only,,False,False,False,
553,gradual,frequency,internal_only,30.0,True,False,False,-6.0
553,gradual,frequency,prism,,False,False,False,
554,gradual,frequency,severity_only,,False,False,False,
554,gradual,frequency,external_only,,False,False,False,
554,gradual,frequency,internal_only,21.0,False,False,False,
554,gradual,frequency,prism,21.0,False,False,False,
555,gradual,frequency,severity_only,,False,False,False,
555,gradual,frequency,external_only,,False,False,False,
555,gradual,frequency,internal_only,,False,False,False,
555,gradual,frequency,prism,,False,False,False,
556,gradual,frequency,severity_only,,False,False,False,
556,gradual,frequency,external_only,17.0,False,False,True,
556,gradual,frequency,internal_only,,False,False,False,
556,gradual,frequency,prism,17.0,False,False,True,
557,gradual,frequency,severity_only,,False,False,False,
557,gradual,frequency,external_only,,False,False,False,
557,gradual,frequency,internal_only,,False,False,False,
557,gradual,frequency,prism,,False,False,False,
558,gradual,frequency,severity_only,,False,False,False,
558,gradual,frequency,external_only,,False,False,False,
558,gradual,frequency,internal_only,,False,False,False,
558,gradual,frequency,prism,,False,False,False,
559,gradual,frequency,severity_only,,False,False,False,
559,gradual,frequency,external_only,,False,False,False,
559,gradual,frequency,internal_only,,False,False,False,
559,gradual,frequency,prism,,False,False,False,
560,gradual,frequency,severity_only,,False,False,False,
560,gradual,frequency,external_only,,False,False,False,
560,gradual,frequency,internal_only,,False,False,False,
560,gradual,frequency,prism,27.0,True,False,False,-3.0
561,gradual,frequency,severity_only,25.0,True,False,False,-1.0
561,gradual,frequency,external_only,25.0,True,False,False,-1.0
561,gradual,frequency,internal_only,25.0,True,False,False,-1.0
561,gradual,frequency,prism,24.0,True,True,False,0.0
562,gradual,frequency,severity_only,,False,False,False,
562,gradual,frequency,external_only,,False,False,False,
562,gradual,frequency,internal_only,,False,False,False,
562,gradual,frequency,prism,24.0,True,True,False,0.0
563,gradual,frequency,severity_only,,False,False,False,
563,gradual,frequency,external_only,,False,False,False,
563,gradual,frequency,internal_only,,False,False,False,
563,gradual,frequency,prism,,False,False,False,
564,gradual,frequency,severity_only,4.0,False,False,True,
564,gradual,frequency,external_only,,False,False,False,
564,gradual,frequency,internal_only,4.0,False,False,True,
564,gradual,frequency,prism,,False,False,False,
565,gradual,frequency,severity_only,,False,False,False,
565,gradual,frequency,external_only,,False,False,False,
565,gradual,frequency,internal_only,,False,False,False,
565,gradual,frequency,prism,,False,False,False,
566,gradual,frequency,severity_only,,False,False,False,
566,gradual,frequency,external_only,,False,False,False,
566,gradual,frequency,internal_only,,False,False,False,
566,gradual,frequency,prism,,False,False,False,
567,gradual,frequency,severity_only,8.0,False,False,True,
567,gradual,frequency,external_only,8.0,False,False,True,
567,gradual,frequency,internal_only,8.0,False,False,True,
567,gradual,frequency,prism,8.0,False,False,True,
568,gradual,frequency,severity_only,,False,False,False,
568,gradual,frequency,external_only,,False,False,False,
568,gradual,frequency,internal_only,,False,False,False,
568,gradual,frequency,prism,,False,False,False,
569,gradual,frequency,severity_only,,False,False,False,
569,gradual,frequency,external_only,,False,False,False,
569,gradual,frequency,internal_only,,False,False,False,
569,gradual,frequency,prism,,False,False,False,
570,gradual,frequency,severity_only,,False,False,False,
570,gradual,frequency,external_only,,False,False,False,
570,gradual,frequency,internal_only,18.0,False,False,True,
570,gradual,frequency,prism,23.0,True,True,False,1.0
571,gradual,frequency,severity_only,,False,False,False,
571,gradual,frequency,external_only,24.0,True,True,False,0.0
571,gradual,frequency,internal_only,25.0,True,False,False,-1.0
571,gradual,frequency,prism,24.0,True,True,False,0.0
572,gradual,frequency,severity_only,8.0,False,False,True,
572,gradual,frequency,external_only,8.0,False,False,True,
572,gradual,frequency,internal_only,8.0,False,False,True,
572,gradual,frequency,prism,8.0,False,False,True,
573,gradual,frequency,severity_only,,False,False,False,
573,gradual,frequency,external_only,,False,False,False,
573,gradual,frequency,internal_only,,False,False,False,
573,gradual,frequency,prism,25.0,True,False,False,-1.0
574,gradual,frequency,severity_only,,False,False,False,
574,gradual,frequency,external_only,,False,False,False,
574,gradual,frequency,internal_only,35.0,False,False,False,
574,gradual,frequency,prism,35.0,False,False,False,
575,gradual,frequency,severity_only,,False,False,False,
575,gradual,frequency,external_only,,False,False,False,
575,gradual,frequency,internal_only,,False,False,False,
575,gradual,frequency,prism,26.0,True,False,False,-2.0
576,gradual,frequency,severity_only,,False,False,False,
576,gradual,frequency,external_only,25.0,True,False,False,-1.0
576,gradual,frequency,internal_only,24.0,True,True,False,0.0
576,gradual,frequency,prism,23.0,True,True,False,1.0
577,gradual,frequency,severity_only,,False,False,False,
577,gradual,frequency,external_only,,False,False,False,
577,gradual,frequency,internal_only,,False,False,False,
577,gradual,frequency,prism,30.0,True,False,False,-6.0
578,gradual,frequency,severity_only,33.0,False,False,False,
578,gradual,frequency,external_only,,False,False,False,
578,gradual,frequency,internal_only,,False,False,False,
578,gradual,frequency,prism,,False,False,False,
579,gradual,frequency,severity_only,,False,False,False,
579,gradual,frequency,external_only,8.0,False,False,True,
579,gradual,frequency,internal_only,,False,False,False,
579,gradual,frequency,prism,8.0,False,False,True,
580,gradual,frequency,severity_only,,False,False,False,
580,gradual,frequency,external_only,,False,False,False,
580,gradual,frequency,internal_only,,False,False,False,
580,gradual,frequency,prism,,False,False,False,
581,gradual,frequency,severity_only,,False,False,False,
581,gradual,frequency,external_only,,False,False,False,
581,gradual,frequency,internal_only,34.0,False,False,False,
581,gradual,frequency,prism,24.0,True,True,False,0.0
582,gradual,frequency,severity_only,,False,False,False,
582,gradual,frequency,external_only,,False,False,False,
582,gradual,frequency,internal_only,,False,False,False,
582,gradual,frequency,prism,,False,False,False,
583,gradual,frequency,severity_only,,False,False,False,
583,gradual,frequency,external_only,,False,False,False,
583,gradual,frequency,internal_only,,False,False,False,
583,gradual,frequency,prism,,False,False,False,
584,gradual,frequency,severity_only,,False,False,False,
584,gradual,frequency,external_only,,False,False,False,
584,gradual,frequency,internal_only,,False,False,False,
584,gradual,frequency,prism,,False,False,False,
585,gradual,frequency,severity_only,,False,False,False,
585,gradual,frequency,external_only,,False,False,False,
585,gradual,frequency,internal_only,,False,False,False,
585,gradual,frequency,prism,29.0,True,False,False,-5.0
586,gradual,frequency,severity_only,,False,False,False,
586,gradual,frequency,external_only,,False,False,False,
586,gradual,frequency,internal_only,,False,False,False,
586,gradual,frequency,prism,26.0,True,False,False,-2.0
587,gradual,frequency,severity_only,,False,False,False,
587,gradual,frequency,external_only,26.0,True,False,False,-2.0
587,gradual,frequency,internal_only,,False,False,False,
587,gradual,frequency,prism,26.0,True,False,False,-2.0
588,gradual,frequency,severity_only,,False,False,False,
588,gradual,frequency,external_only,27.0,True,False,False,-3.0
588,gradual,frequency,internal_only,,False,False,False,
588,gradual,frequency,prism,,False,False,False,
589,gradual,frequency,severity_only,,False,False,False,
589,gradual,frequency,external_only,,False,False,False,
589,gradual,frequency,internal_only,,False,False,False,
589,gradual,frequency,prism,,False,False,False,
590,gradual,frequency,severity_only,,False,False,False,
590,gradual,frequency,external_only,,False,False,False,
590,gradual,frequency,internal_only,,False,False,False,
590,gradual,frequency,prism,25.0,True,False,False,-1.0
591,gradual,frequency,severity_only,4.0,False,False,True,
591,gradual,frequency,external_only,4.0,False,False,True,
591,gradual,frequency,internal_only,4.0,False,False,True,
591,gradual,frequency,prism,4.0,False,False,True,
592,gradual,frequency,severity_only,,False,False,False,
592,gradual,frequency,external_only,,False,False,False,
592,gradual,frequency,internal_only,,False,False,False,
592,gradual,frequency,prism,,False,False,False,
593,gradual,frequency,severity_only,,False,False,False,
593,gradual,frequency,external_only,,False,False,False,
593,gradual,frequency,internal_only,,False,False,False,
593,gradual,frequency,prism,28.0,True,False,False,-4.0
594,gradual,frequency,severity_only,,False,False,False,
594,gradual,frequency,external_only,26.0,True,False,False,-2.0
594,gradual,frequency,internal_only,,False,False,False,
594,gradual,frequency,prism,26.0,True,False,False,-2.0
595,gradual,frequency,severity_only,,False,False,False,
595,gradual,frequency,external_only,,False,False,False,
595,gradual,frequency,internal_only,,False,False,False,
595,gradual,frequency,prism,,False,False,False,
596,gradual,frequency,severity_only,,False,False,False,
596,gradual,frequency,external_only,,False,False,False,
596,gradual,frequency,internal_only,,False,False,False,
596,gradual,frequency,prism,,False,False,False,
597,gradual,frequency,severity_only,,False,False,False,
597,gradual,frequency,external_only,26.0,True,False,False,-2.0
597,gradual,frequency,internal_only,,False,False,False,
597,gradual,frequency,prism,,False,False,False,
598,gradual,frequency,severity_only,,False,False,False,
598,gradual,frequency,external_only,26.0,True,False,False,-2.0
598,gradual,frequency,internal_only,,False,False,False,
598,gradual,frequency,prism,24.0,True,True,False,0.0
599,gradual,frequency,severity_only,,False,False,False,
599,gradual,frequency,external_only,24.0,True,True,False,0.0
599,gradual,frequency,internal_only,24.0,True,True,False,0.0
599,gradual,frequency,prism,22.0,True,True,False,2.0
600,gradual,frequency,severity_only,,False,False,False,
600,gradual,frequency,external_only,25.0,True,False,False,-1.0
600,gradual,frequency,internal_only,,False,False,False,
600,gradual,frequency,prism,23.0,True,True,False,1.0
601,gradual,frequency,severity_only,,False,False,False,
601,gradual,frequency,external_only,23.0,True,True,False,1.0
601,gradual,frequency,internal_only,23.0,True,True,False,1.0
601,gradual,frequency,prism,23.0,True,True,False,1.0
602,gradual,frequency,severity_only,,False,False,False,
602,gradual,frequency,external_only,,False,False,False,
602,gradual,frequency,internal_only,,False,False,False,
602,gradual,frequency,prism,,False,False,False,
603,gradual,frequency,severity_only,,False,False,False,
603,gradual,frequency,external_only,,False,False,False,
603,gradual,frequency,internal_only,,False,False,False,
603,gradual,frequency,prism,,False,False,False,
604,gradual,frequency,severity_only,,False,False,False,
604,gradual,frequency,external_only,,False,False,False,
604,gradual,frequency,internal_only,,False,False,False,
604,gradual,frequency,prism,,False,False,False,
605,gradual,frequency,severity_only,27.0,True,False,False,-3.0
605,gradual,frequency,external_only,26.0,True,False,False,-2.0
605,gradual,frequency,internal_only,27.0,True,False,False,-3.0
605,gradual,frequency,prism,25.0,True,False,False,-1.0
606,gradual,frequency,severity_only,,False,False,False,
606,gradual,frequency,external_only,,False,False,False,
606,gradual,frequency,internal_only,,False,False,False,
606,gradual,frequency,prism,,False,False,False,
607,gradual,frequency,severity_only,,False,False,False,
607,gradual,frequency,external_only,,False,False,False,
607,gradual,frequency,internal_only,,False,False,False,
607,gradual,frequency,prism,,False,False,False,
608,gradual,frequency,severity_only,,False,False,False,
608,gradual,frequency,external_only,,False,False,False,
608,gradual,frequency,internal_only,,False,False,False,
608,gradual,frequency,prism,,False,False,False,
609,gradual,frequency,severity_only,,False,False,False,
609,gradual,frequency,external_only,,False,False,False,
609,gradual,frequency,internal_only,,False,False,False,
609,gradual,frequency,prism,,False,False,False,
610,gradual,frequency,severity_only,,False,False,False,
610,gradual,frequency,external_only,,False,False,False,
610,gradual,frequency,internal_only,,False,False,False,
610,gradual,frequency,prism,,False,False,False,
611,gradual,frequency,severity_only,,False,False,False,
611,gradual,frequency,external_only,,False,False,False,
611,gradual,frequency,internal_only,34.0,False,False,False,
611,gradual,frequency,prism,,False,False,False,
612,gradual,frequency,severity_only,12.0,False,False,True,
612,gradual,frequency,external_only,12.0,False,False,True,
612,gradual,frequency,internal_only,12.0,False,False,True,
612,gradual,frequency,prism,12.0,False,False,True,
613,gradual,frequency,severity_only,,False,False,False,
613,gradual,frequency,external_only,32.0,False,False,False,
613,gradual,frequency,internal_only,31.0,False,False,False,
613,gradual,frequency,prism,25.0,True,False,False,-1.0
614,gradual,frequency,severity_only,,False,False,False,
614,gradual,frequency,external_only,,False,False,False,
614,gradual,frequency,internal_only,,False,False,False,
614,gradual,frequency,prism,,False,False,False,
615,gradual,frequency,severity_only,27.0,True,False,False,-3.0
615,gradual,frequency,external_only,27.0,True,False,False,-3.0
615,gradual,frequency,internal_only,27.0,True,False,False,-3.0
615,gradual,frequency,prism,27.0,True,False,False,-3.0
616,gradual,frequency,severity_only,9.0,False,False,True,
616,gradual,frequency,external_only,9.0,False,False,True,
616,gradual,frequency,internal_only,9.0,False,False,True,
616,gradual,frequency,prism,9.0,False,False,True,
617,gradual,frequency,severity_only,,False,False,False,
617,gradual,frequency,external_only,,False,False,False,
617,gradual,frequency,internal_only,,False,False,False,
617,gradual,frequency,prism,,False,False,False,
618,gradual,frequency,severity_only,,False,False,False,
618,gradual,frequency,external_only,,False,False,False,
618,gradual,frequency,internal_only,,False,False,False,
618,gradual,frequency,prism,,False,False,False,
619,gradual,frequency,severity_only,,False,False,False,
619,gradual,frequency,external_only,,False,False,False,
619,gradual,frequency,internal_only,,False,False,False,
619,gradual,frequency,prism,,False,False,False,
620,gradual,frequency,severity_only,37.0,False,False,False,
620,gradual,frequency,external_only,37.0,False,False,False,
620,gradual,frequency,internal_only,36.0,False,False,False,
620,gradual,frequency,prism,36.0,False,False,False,
621,gradual,frequency,severity_only,,False,False,False,
621,gradual,frequency,external_only,,False,False,False,
621,gradual,frequency,internal_only,,False,False,False,
621,gradual,frequency,prism,,False,False,False,
622,gradual,frequency,severity_only,,False,False,False,
622,gradual,frequency,external_only,,False,False,False,
622,gradual,frequency,internal_only,,False,False,False,
622,gradual,frequency,prism,,False,False,False,
623,gradual,frequency,severity_only,,False,False,False,
623,gradual,frequency,external_only,,False,False,False,
623,gradual,frequency,internal_only,,False,False,False,
623,gradual,frequency,prism,,False,False,False,
624,gradual,frequency,severity_only,,False,False,False,
624,gradual,frequency,external_only,,False,False,False,
624,gradual,frequency,internal_only,,False,False,False,
624,gradual,frequency,prism,,False,False,False,
625,gradual,frequency,severity_only,,False,False,False,
625,gradual,frequency,external_only,,False,False,False,
625,gradual,frequency,internal_only,,False,False,False,
625,gradual,frequency,prism,,False,False,False,
626,gradual,frequency,severity_only,14.0,False,False,True,
626,gradual,frequency,external_only,,False,False,False,
626,gradual,frequency,internal_only,14.0,False,False,True,
626,gradual,frequency,prism,,False,False,False,
627,gradual,frequency,severity_only,,False,False,False,
627,gradual,frequency,external_only,26.0,True,False,False,-2.0
627,gradual,frequency,internal_only,,False,False,False,
627,gradual,frequency,prism,,False,False,False,
628,gradual,frequency,severity_only,,False,False,False,
628,gradual,frequency,external_only,27.0,True,False,False,-3.0
628,gradual,frequency,internal_only,,False,False,False,
628,gradual,frequency,prism,26.0,True,False,False,-2.0
629,gradual,frequency,severity_only,,False,False,False,
629,gradual,frequency,external_only,,False,False,False,
629,gradual,frequency,internal_only,,False,False,False,
629,gradual,frequency,prism,,False,False,False,
630,gradual,frequency,severity_only,,False,False,False,
630,gradual,frequency,external_only,,False,False,False,
630,gradual,frequency,internal_only,,False,False,False,
630,gradual,frequency,prism,,False,False,False,
631,gradual,frequency,severity_only,,False,False,False,
631,gradual,frequency,external_only,,False,False,False,
631,gradual,frequency,internal_only,,False,False,False,
631,gradual,frequency,prism,,False,False,False,
632,gradual,frequency,severity_only,,False,False,False,
632,gradual,frequency,external_only,,False,False,False,
632,gradual,frequency,internal_only,,False,False,False,
632,gradual,frequency,prism,26.0,True,False,False,-2.0
633,gradual,frequency,severity_only,,False,False,False,
633,gradual,frequency,external_only,25.0,True,False,False,-1.0
633,gradual,frequency,internal_only,17.0,False,False,True,
633,gradual,frequency,prism,17.0,False,False,True,
634,gradual,frequency,severity_only,,False,False,False,
634,gradual,frequency,external_only,,False,False,False,
634,gradual,frequency,internal_only,,False,False,False,
634,gradual,frequency,prism,,False,False,False,
635,gradual,frequency,severity_only,,False,False,False,
635,gradual,frequency,external_only,11.0,False,False,True,
635,gradual,frequency,internal_only,28.0,True,False,False,-4.0
635,gradual,frequency,prism,11.0,False,False,True,
636,gradual,frequency,severity_only,21.0,False,False,False,
636,gradual,frequency,external_only,21.0,False,False,False,
636,gradual,frequency,internal_only,,False,False,False,
636,gradual,frequency,prism,21.0,False,False,False,
637,gradual,frequency,severity_only,,False,False,False,
637,gradual,frequency,external_only,27.0,True,False,False,-3.0
637,gradual,frequency,internal_only,,False,False,False,
637,gradual,frequency,prism,26.0,True,False,False,-2.0
638,gradual,frequency,severity_only,,False,False,False,
638,gradual,frequency,external_only,15.0,False,False,True,
638,gradual,frequency,internal_only,,False,False,False,
638,gradual,frequency,prism,15.0,False,False,True,
639,gradual,frequency,severity_only,,False,False,False,
639,gradual,frequency,external_only,,False,False,False,
639,gradual,frequency,internal_only,,False,False,False,
639,gradual,frequency,prism,25.0,True,False,False,-1.0
640,gradual,frequency,severity_only,,False,False,False,
640,gradual,frequency,external_only,,False,False,False,
640,gradual,frequency,internal_only,,False,False,False,
640,gradual,frequency,prism,28.0,True,False,False,-4.0
641,gradual,frequency,severity_only,,False,False,False,
641,gradual,frequency,external_only,,False,False,False,
641,gradual,frequency,internal_only,,False,False,False,
641,gradual,frequency,prism,25.0,True,False,False,-1.0
642,gradual,frequency,severity_only,21.0,False,False,False,
642,gradual,frequency,external_only,21.0,False,False,False,
642,gradual,frequency,internal_only,21.0,False,False,False,
642,gradual,frequency,prism,21.0,False,False,False,
643,gradual,frequency,severity_only,,False,False,False,
643,gradual,frequency,external_only,26.0,True,False,False,-2.0
643,gradual,frequency,internal_only,,False,False,False,
643,gradual,frequency,prism,,False,False,False,
644,gradual,frequency,severity_only,,False,False,False,
644,gradual,frequency,external_only,27.0,True,False,False,-3.0
644,gradual,frequency,internal_only,,False,False,False,
644,gradual,frequency,prism,,False,False,False,
645,gradual,frequency,severity_only,,False,False,False,
645,gradual,frequency,external_only,,False,False,False,
645,gradual,frequency,internal_only,,False,False,False,
645,gradual,frequency,prism,,False,False,False,
646,gradual,frequency,severity_only,,False,False,False,
646,gradual,frequency,external_only,,False,False,False,
646,gradual,frequency,internal_only,,False,False,False,
646,gradual,frequency,prism,,False,False,False,
647,gradual,frequency,severity_only,,False,False,False,
647,gradual,frequency,external_only,6.0,False,False,True,
647,gradual,frequency,internal_only,,False,False,False,
647,gradual,frequency,prism,6.0,False,False,True,
648,gradual,frequency,severity_only,,False,False,False,
648,gradual,frequency,external_only,,False,False,False,
648,gradual,frequency,internal_only,,False,False,False,
648,gradual,frequency,prism,,False,False,False,
649,gradual,frequency,severity_only,,False,False,False,
649,gradual,frequency,external_only,,False,False,False,
649,gradual,frequency,internal_only,,False,False,False,
649,gradual,frequency,prism,,False,False,False,
650,gradual,frequency,severity_only,,False,False,False,
650,gradual,frequency,external_only,,False,False,False,
650,gradual,frequency,internal_only,,False,False,False,
650,gradual,frequency,prism,30.0,True,False,False,-6.0
651,gradual,frequency,severity_only,,False,False,False,
651,gradual,frequency,external_only,,False,False,False,
651,gradual,frequency,internal_only,,False,False,False,
651,gradual,frequency,prism,,False,False,False,
652,gradual,frequency,severity_only,,False,False,False,
652,gradual,frequency,external_only,26.0,True,False,False,-2.0
652,gradual,frequency,internal_only,,False,False,False,
652,gradual,frequency,prism,25.0,True,False,False,-1.0
653,gradual,frequency,severity_only,,False,False,False,
653,gradual,frequency,external_only,,False,False,False,
653,gradual,frequency,internal_only,,False,False,False,
653,gradual,frequency,prism,,False,False,False,
654,gradual,frequency,severity_only,,False,False,False,
654,gradual,frequency,external_only,28.0,True,False,False,-4.0
654,gradual,frequency,internal_only,,False,False,False,
654,gradual,frequency,prism,28.0,True,False,False,-4.0
655,gradual,frequency,severity_only,,False,False,False,
655,gradual,frequency,external_only,,False,False,False,
655,gradual,frequency,internal_only,,False,False,False,
655,gradual,frequency,prism,,False,False,False,
656,gradual,frequency,severity_only,,False,False,False,
656,gradual,frequency,external_only,25.0,True,False,False,-1.0
656,gradual,frequency,internal_only,,False,False,False,
656,gradual,frequency,prism,25.0,True,False,False,-1.0
657,gradual,frequency,severity_only,,False,False,False,
657,gradual,frequency,external_only,,False,False,False,
657,gradual,frequency,internal_only,,False,False,False,
657,gradual,frequency,prism,,False,False,False,
658,gradual,frequency,severity_only,,False,False,False,
658,gradual,frequency,external_only,,False,False,False,
658,gradual,frequency,internal_only,,False,False,False,
658,gradual,frequency,prism,,False,False,False,
659,gradual,frequency,severity_only,24.0,True,True,False,0.0
659,gradual,frequency,external_only,24.0,True,True,False,0.0
659,gradual,frequency,internal_only,24.0,True,True,False,0.0
659,gradual,frequency,prism,24.0,True,True,False,0.0
660,gradual,frequency,severity_only,,False,False,False,
660,gradual,frequency,external_only,29.0,True,False,False,-5.0
660,gradual,frequency,internal_only,30.0,True,False,False,-6.0
660,gradual,frequency,prism,29.0,True,False,False,-5.0
661,gradual,frequency,severity_only,,False,False,False,
661,gradual,frequency,external_only,,False,False,False,
661,gradual,frequency,internal_only,,False,False,False,
661,gradual,frequency,prism,25.0,True,False,False,-1.0
662,gradual,frequency,severity_only,,False,False,False,
662,gradual,frequency,external_only,,False,False,False,
662,gradual,frequency,internal_only,,False,False,False,
662,gradual,frequency,prism,,False,False,False,
663,gradual,frequency,severity_only,,False,False,False,
663,gradual,frequency,external_only,27.0,True,False,False,-3.0
663,gradual,frequency,internal_only,,False,False,False,
663,gradual,frequency,prism,27.0,True,False,False,-3.0
664,gradual,frequency,severity_only,,False,False,False,
664,gradual,frequency,external_only,25.0,True,False,False,-1.0
664,gradual,frequency,internal_only,25.0,True,False,False,-1.0
664,gradual,frequency,prism,25.0,True,False,False,-1.0
665,gradual,frequency,severity_only,,False,False,False,
665,gradual,frequency,external_only,23.0,True,True,False,1.0
665,gradual,frequency,internal_only,,False,False,False,
665,gradual,frequency,prism,23.0,True,True,False,1.0
666,gradual,frequency,severity_only,,False,False,False,
666,gradual,frequency,external_only,,False,False,False,
666,gradual,frequency,internal_only,,False,False,False,
666,gradual,frequency,prism,,False,False,False,
667,gradual,frequency,severity_only,,False,False,False,
667,gradual,frequency,external_only,,False,False,False,
667,gradual,frequency,internal_only,,False,False,False,
667,gradual,frequency,prism,,False,False,False,
668,gradual,frequency,severity_only,,False,False,False,
668,gradual,frequency,external_only,,False,False,False,
668,gradual,frequency,internal_only,,False,False,False,
668,gradual,frequency,prism,,False,False,False,
669,gradual,frequency,severity_only,,False,False,False,
669,gradual,frequency,external_only,5.0,False,False,True,
669,gradual,frequency,internal_only,,False,False,False,
669,gradual,frequency,prism,5.0,False,False,True,
670,gradual,frequency,severity_only,25.0,True,False,False,-1.0
670,gradual,frequency,external_only,24.0,True,True,False,0.0
670,gradual,frequency,internal_only,25.0,True,False,False,-1.0
670,gradual,frequency,prism,24.0,True,True,False,0.0
671,gradual,frequency,severity_only,,False,False,False,
671,gradual,frequency,external_only,,False,False,False,
671,gradual,frequency,internal_only,,False,False,False,
671,gradual,frequency,prism,,False,False,False,
672,gradual,frequency,severity_only,,False,False,False,
672,gradual,frequency,external_only,,False,False,False,
672,gradual,frequency,internal_only,,False,False,False,
672,gradual,frequency,prism,25.0,True,False,False,-1.0
673,gradual,frequency,severity_only,,False,False,False,
673,gradual,frequency,external_only,27.0,True,False,False,-3.0
673,gradual,frequency,internal_only,20.0,False,False,True,
673,gradual,frequency,prism,20.0,False,False,True,
674,gradual,frequency,severity_only,9.0,False,False,True,
674,gradual,frequency,external_only,8.0,False,False,True,
674,gradual,frequency,internal_only,9.0,False,False,True,
674,gradual,frequency,prism,8.0,False,False,True,
675,gradual,frequency,severity_only,,False,False,False,
675,gradual,frequency,external_only,,False,False,False,
675,gradual,frequency,internal_only,,False,False,False,
675,gradual,frequency,prism,24.0,True,True,False,0.0
676,gradual,frequency,severity_only,,False,False,False,
676,gradual,frequency,external_only,26.0,True,False,False,-2.0
676,gradual,frequency,internal_only,,False,False,False,
676,gradual,frequency,prism,,False,False,False,
677,gradual,frequency,severity_only,27.0,True,False,False,-3.0
677,gradual,frequency,external_only,27.0,True,False,False,-3.0
677,gradual,frequency,internal_only,27.0,True,False,False,-3.0
677,gradual,frequency,prism,26.0,True,False,False,-2.0
678,gradual,frequency,severity_only,,False,False,False,
678,gradual,frequency,external_only,,False,False,False,
678,gradual,frequency,internal_only,,False,False,False,
678,gradual,frequency,prism,29.0,True,False,False,-5.0
679,gradual,frequency,severity_only,,False,False,False,
679,gradual,frequency,external_only,,False,False,False,
679,gradual,frequency,internal_only,,False,False,False,
679,gradual,frequency,prism,,False,False,False,
680,gradual,frequency,severity_only,,False,False,False,
680,gradual,frequency,external_only,,False,False,False,
680,gradual,frequency,internal_only,,False,False,False,
680,gradual,frequency,prism,,False,False,False,
681,gradual,frequency,severity_only,,False,False,False,
681,gradual,frequency,external_only,,False,False,False,
681,gradual,frequency,internal_only,31.0,False,False,False,
681,gradual,frequency,prism,23.0,True,True,False,1.0
682,gradual,frequency,severity_only,,False,False,False,
682,gradual,frequency,external_only,,False,False,False,
682,gradual,frequency,internal_only,,False,False,False,
682,gradual,frequency,prism,25.0,True,False,False,-1.0
683,gradual,frequency,severity_only,,False,False,False,
683,gradual,frequency,external_only,,False,False,False,
683,gradual,frequency,internal_only,,False,False,False,
683,gradual,frequency,prism,,False,False,False,
684,gradual,frequency,severity_only,,False,False,False,
684,gradual,frequency,external_only,,False,False,False,
684,gradual,frequency,internal_only,,False,False,False,
684,gradual,frequency,prism,,False,False,False,
685,gradual,frequency,severity_only,,False,False,False,
685,gradual,frequency,external_only,,False,False,False,
685,gradual,frequency,internal_only,,False,False,False,
685,gradual,frequency,prism,,False,False,False,
686,gradual,frequency,severity_only,,False,False,False,
686,gradual,frequency,external_only,,False,False,False,
686,gradual,frequency,internal_only,,False,False,False,
686,gradual,frequency,prism,25.0,True,False,False,-1.0
687,gradual,frequency,severity_only,,False,False,False,
687,gradual,frequency,external_only,,False,False,False,
687,gradual,frequency,internal_only,32.0,False,False,False,
687,gradual,frequency,prism,22.0,True,True,False,2.0
688,gradual,frequency,severity_only,,False,False,False,
688,gradual,frequency,external_only,,False,False,False,
688,gradual,frequency,internal_only,33.0,False,False,False,
688,gradual,frequency,prism,33.0,False,False,False,
689,gradual,frequency,severity_only,,False,False,False,
689,gradual,frequency,external_only,11.0,False,False,True,
689,gradual,frequency,internal_only,,False,False,False,
689,gradual,frequency,prism,11.0,False,False,True,
690,gradual,frequency,severity_only,,False,False,False,
690,gradual,frequency,external_only,,False,False,False,
690,gradual,frequency,internal_only,,False,False,False,
690,gradual,frequency,prism,28.0,True,False,False,-4.0
691,gradual,frequency,severity_only,,False,False,False,
691,gradual,frequency,external_only,,False,False,False,
691,gradual,frequency,internal_only,23.0,True,True,False,1.0
691,gradual,frequency,prism,19.0,False,False,True,
692,gradual,frequency,severity_only,,False,False,False,
692,gradual,frequency,external_only,,False,False,False,
692,gradual,frequency,internal_only,,False,False,False,
692,gradual,frequency,prism,,False,False,False,
693,gradual,frequency,severity_only,25.0,True,False,False,-1.0
693,gradual,frequency,external_only,25.0,True,False,False,-1.0
693,gradual,frequency,internal_only,25.0,True,False,False,-1.0
693,gradual,frequency,prism,25.0,True,False,False,-1.0
694,gradual,frequency,severity_only,,False,False,False,
694,gradual,frequency,external_only,,False,False,False,
694,gradual,frequency,internal_only,,False,False,False,
694,gradual,frequency,prism,,False,False,False,
695,gradual,frequency,severity_only,,False,False,False,
695,gradual,frequency,external_only,,False,False,False,
695,gradual,frequency,internal_only,,False,False,False,
695,gradual,frequency,prism,,False,False,False,
696,gradual,frequency,severity_only,,False,False,False,
696,gradual,frequency,external_only,27.0,True,False,False,-3.0
696,gradual,frequency,internal_only,,False,False,False,
696,gradual,frequency,prism,27.0,True,False,False,-3.0
697,gradual,frequency,severity_only,,False,False,False,
697,gradual,frequency,external_only,,False,False,False,
697,gradual,frequency,internal_only,,False,False,False,
697,gradual,frequency,prism,22.0,True,True,False,2.0
698,gradual,frequency,severity_only,,False,False,False,
698,gradual,frequency,external_only,,False,False,False,
698,gradual,frequency,internal_only,,False,False,False,
698,gradual,frequency,prism,26.0,True,False,False,-2.0
699,gradual,frequency,severity_only,4.0,False,False,True,
699,gradual,frequency,external_only,4.0,False,False,True,
699,gradual,frequency,internal_only,4.0,False,False,True,
699,gradual,frequency,prism,4.0,False,False,True,
700,gradual,frequency,severity_only,,False,False,False,
700,gradual,frequency,external_only,,False,False,False,
700,gradual,frequency,internal_only,,False,False,False,
700,gradual,frequency,prism,,False,False,False,
701,gradual,frequency,severity_only,,False,False,False,
701,gradual,frequency,external_only,,False,False,False,
701,gradual,frequency,internal_only,,False,False,False,
701,gradual,frequency,prism,,False,False,False,
702,gradual,frequency,severity_only,,False,False,False,
702,gradual,frequency,external_only,,False,False,False,
702,gradual,frequency,internal_only,,False,False,False,
702,gradual,frequency,prism,,False,False,False,
703,gradual,frequency,severity_only,28.0,True,False,False,-4.0
703,gradual,frequency,external_only,28.0,True,False,False,-4.0
703,gradual,frequency,internal_only,28.0,True,False,False,-4.0
703,gradual,frequency,prism,28.0,True,False,False,-4.0
704,gradual,frequency,severity_only,,False,False,False,
704,gradual,frequency,external_only,,False,False,False,
704,gradual,frequency,internal_only,,False,False,False,
704,gradual,frequency,prism,30.0,True,False,False,-6.0
705,gradual,frequency,severity_only,11.0,False,False,True,
705,gradual,frequency,external_only,10.0,False,False,True,
705,gradual,frequency,internal_only,11.0,False,False,True,
705,gradual,frequency,prism,10.0,False,False,True,
706,gradual,frequency,severity_only,,False,False,False,
706,gradual,frequency,external_only,,False,False,False,
706,gradual,frequency,internal_only,,False,False,False,
706,gradual,frequency,prism,,False,False,False,
707,gradual,frequency,severity_only,,False,False,False,
707,gradual,frequency,external_only,,False,False,False,
707,gradual,frequency,internal_only,20.0,False,False,True,
707,gradual,frequency,prism,23.0,True,True,False,1.0
708,gradual,frequency,severity_only,,False,False,False,
708,gradual,frequency,external_only,,False,False,False,
708,gradual,frequency,internal_only,,False,False,False,
708,gradual,frequency,prism,,False,False,False,
709,gradual,frequency,severity_only,,False,False,False,
709,gradual,frequency,external_only,,False,False,False,
709,gradual,frequency,internal_only,,False,False,False,
709,gradual,frequency,prism,,False,False,False,
710,gradual,frequency,severity_only,,False,False,False,
710,gradual,frequency,external_only,28.0,True,False,False,-4.0
710,gradual,frequency,internal_only,,False,False,False,
710,gradual,frequency,prism,28.0,True,False,False,-4.0
711,gradual,frequency,severity_only,,False,False,False,
711,gradual,frequency,external_only,,False,False,False,
711,gradual,frequency,internal_only,,False,False,False,
711,gradual,frequency,prism,,False,False,False,
712,gradual,frequency,severity_only,,False,False,False,
712,gradual,frequency,external_only,,False,False,False,
712,gradual,frequency,internal_only,,False,False,False,
712,gradual,frequency,prism,23.0,True,True,False,1.0
713,gradual,frequency,severity_only,,False,False,False,
713,gradual,frequency,external_only,,False,False,False,
713,gradual,frequency,internal_only,21.0,False,False,False,
713,gradual,frequency,prism,21.0,False,False,False,
714,gradual,frequency,severity_only,,False,False,False,
714,gradual,frequency,external_only,,False,False,False,
714,gradual,frequency,internal_only,,False,False,False,
714,gradual,frequency,prism,36.0,False,False,False,
715,gradual,frequency,severity_only,,False,False,False,
715,gradual,frequency,external_only,,False,False,False,
715,gradual,frequency,internal_only,,False,False,False,
715,gradual,frequency,prism,,False,False,False,
716,gradual,frequency,severity_only,,False,False,False,
716,gradual,frequency,external_only,,False,False,False,
716,gradual,frequency,internal_only,,False,False,False,
716,gradual,frequency,prism,,False,False,False,
717,gradual,frequency,severity_only,,False,False,False,
717,gradual,frequency,external_only,,False,False,False,
717,gradual,frequency,internal_only,,False,False,False,
717,gradual,frequency,prism,,False,False,False,
718,gradual,frequency,severity_only,,False,False,False,
718,gradual,frequency,external_only,,False,False,False,
718,gradual,frequency,internal_only,,False,False,False,
718,gradual,frequency,prism,,False,False,False,
719,gradual,frequency,severity_only,,False,False,False,
719,gradual,frequency,external_only,,False,False,False,
719,gradual,frequency,internal_only,,False,False,False,
719,gradual,frequency,prism,,False,False,False,
720,gradual,frequency,severity_only,,False,False,False,
720,gradual,frequency,external_only,,False,False,False,
720,gradual,frequency,internal_only,,False,False,False,
720,gradual,frequency,prism,,False,False,False,
721,gradual,frequency,severity_only,,False,False,False,
721,gradual,frequency,external_only,,False,False,False,
721,gradual,frequency,internal_only,,False,False,False,
721,gradual,frequency,prism,,False,False,False,
722,gradual,frequency,severity_only,,False,False,False,
722,gradual,frequency,external_only,,False,False,False,
722,gradual,frequency,internal_only,,False,False,False,
722,gradual,frequency,prism,28.0,True,False,False,-4.0
723,gradual,frequency,severity_only,14.0,False,False,True,
723,gradual,frequency,external_only,14.0,False,False,True,
723,gradual,frequency,internal_only,14.0,False,False,True,
723,gradual,frequency,prism,14.0,False,False,True,
724,gradual,frequency,severity_only,31.0,False,False,False,
724,gradual,frequency,external_only,28.0,True,False,False,-4.0
724,gradual,frequency,internal_only,31.0,False,False,False,
724,gradual,frequency,prism,30.0,True,False,False,-6.0
725,gradual,frequency,severity_only,,False,False,False,
725,gradual,frequency,external_only,,False,False,False,
725,gradual,frequency,internal_only,,False,False,False,
725,gradual,frequency,prism,,False,False,False,
726,gradual,frequency,severity_only,,False,False,False,
726,gradual,frequency,external_only,,False,False,False,
726,gradual,frequency,internal_only,,False,False,False,
726,gradual,frequency,prism,,False,False,False,
727,gradual,frequency,severity_only,,False,False,False,
727,gradual,frequency,external_only,,False,False,False,
727,gradual,frequency,internal_only,,False,False,False,
727,gradual,frequency,prism,,False,False,False,
728,gradual,frequency,severity_only,,False,False,False,
728,gradual,frequency,external_only,,False,False,False,
728,gradual,frequency,internal_only,,False,False,False,
728,gradual,frequency,prism,27.0,True,False,False,-3.0
729,gradual,frequency,severity_only,12.0,False,False,True,
729,gradual,frequency,external_only,12.0,False,False,True,
729,gradual,frequency,internal_only,12.0,False,False,True,
729,gradual,frequency,prism,12.0,False,False,True,
730,gradual,frequency,severity_only,,False,False,False,
730,gradual,frequency,external_only,,False,False,False,
730,gradual,frequency,internal_only,,False,False,False,
730,gradual,frequency,prism,,False,False,False,
731,gradual,frequency,severity_only,,False,False,False,
731,gradual,frequency,external_only,,False,False,False,
731,gradual,frequency,internal_only,,False,False,False,
731,gradual,frequency,prism,,False,False,False,
732,gradual,frequency,severity_only,,False,False,False,
732,gradual,frequency,external_only,,False,False,False,
732,gradual,frequency,internal_only,,False,False,False,
732,gradual,frequency,prism,,False,False,False,
733,gradual,frequency,severity_only,,False,False,False,
733,gradual,frequency,external_only,25.0,True,False,False,-1.0
733,gradual,frequency,internal_only,,False,False,False,
733,gradual,frequency,prism,,False,False,False,
734,gradual,frequency,severity_only,,False,False,False,
734,gradual,frequency,external_only,26.0,True,False,False,-2.0
734,gradual,frequency,internal_only,,False,False,False,
734,gradual,frequency,prism,,False,False,False,
735,gradual,frequency,severity_only,,False,False,False,
735,gradual,frequency,external_only,,False,False,False,
735,gradual,frequency,internal_only,,False,False,False,
735,gradual,frequency,prism,25.0,True,False,False,-1.0
736,gradual,frequency,severity_only,,False,False,False,
736,gradual,frequency,external_only,,False,False,False,
736,gradual,frequency,internal_only,,False,False,False,
736,gradual,frequency,prism,,False,False,False,
737,gradual,frequency,severity_only,8.0,False,False,True,
737,gradual,frequency,external_only,8.0,False,False,True,
737,gradual,frequency,internal_only,8.0,False,False,True,
737,gradual,frequency,prism,8.0,False,False,True,
738,gradual,frequency,severity_only,,False,False,False,
738,gradual,frequency,external_only,,False,False,False,
738,gradual,frequency,internal_only,22.0,True,True,False,2.0
738,gradual,frequency,prism,,False,False,False,
739,gradual,frequency,severity_only,,False,False,False,
739,gradual,frequency,external_only,,False,False,False,
739,gradual,frequency,internal_only,,False,False,False,
739,gradual,frequency,prism,,False,False,False,
740,gradual,frequency,severity_only,,False,False,False,
740,gradual,frequency,external_only,,False,False,False,
740,gradual,frequency,internal_only,,False,False,False,
740,gradual,frequency,prism,,False,False,False,
741,gradual,frequency,severity_only,17.0,False,False,True,
741,gradual,frequency,external_only,15.0,False,False,True,
741,gradual,frequency,internal_only,17.0,False,False,True,
741,gradual,frequency,prism,15.0,False,False,True,
742,gradual,frequency,severity_only,,False,False,False,
742,gradual,frequency,external_only,26.0,True,False,False,-2.0
742,gradual,frequency,internal_only,,False,False,False,
742,gradual,frequency,prism,26.0,True,False,False,-2.0
743,gradual,frequency,severity_only,,False,False,False,
743,gradual,frequency,external_only,26.0,True,False,False,-2.0
743,gradual,frequency,internal_only,,False,False,False,
743,gradual,frequency,prism,,False,False,False,
744,gradual,frequency,severity_only,,False,False,False,
744,gradual,frequency,external_only,,False,False,False,
744,gradual,frequency,internal_only,,False,False,False,
744,gradual,frequency,prism,,False,False,False,
745,gradual,frequency,severity_only,,False,False,False,
745,gradual,frequency,external_only,,False,False,False,
745,gradual,frequency,internal_only,,False,False,False,
745,gradual,frequency,prism,,False,False,False,
746,gradual,frequency,severity_only,,False,False,False,
746,gradual,frequency,external_only,,False,False,False,
746,gradual,frequency,internal_only,,False,False,False,
746,gradual,frequency,prism,,False,False,False,
747,gradual,frequency,severity_only,,False,False,False,
747,gradual,frequency,external_only,25.0,True,False,False,-1.0
747,gradual,frequency,internal_only,,False,False,False,
747,gradual,frequency,prism,25.0,True,False,False,-1.0
748,gradual,frequency,severity_only,,False,False,False,
748,gradual,frequency,external_only,,False,False,False,
748,gradual,frequency,internal_only,,False,False,False,
748,gradual,frequency,prism,,False,False,False,
749,gradual,frequency,severity_only,,False,False,False,
749,gradual,frequency,external_only,,False,False,False,
749,gradual,frequency,internal_only,,False,False,False,
749,gradual,frequency,prism,26.0,True,False,False,-2.0
750,gradual,frequency,severity_only,,False,False,False,
750,gradual,frequency,external_only,,False,False,False,
750,gradual,frequency,internal_only,,False,False,False,
750,gradual,frequency,prism,,False,False,False,
751,gradual,frequency,severity_only,,False,False,False,
751,gradual,frequency,external_only,,False,False,False,
751,gradual,frequency,internal_only,,False,False,False,
751,gradual,frequency,prism,19.0,False,False,True,
752,gradual,frequency,severity_only,37.0,False,False,False,
752,gradual,frequency,external_only,25.0,True,False,False,-1.0
752,gradual,frequency,internal_only,37.0,False,False,False,
752,gradual,frequency,prism,37.0,False,False,False,
753,gradual,frequency,severity_only,,False,False,False,
753,gradual,frequency,external_only,,False,False,False,
753,gradual,frequency,internal_only,,False,False,False,
753,gradual,frequency,prism,,False,False,False,
754,gradual,frequency,severity_only,,False,False,False,
754,gradual,frequency,external_only,,False,False,False,
754,gradual,frequency,internal_only,,False,False,False,
754,gradual,frequency,prism,,False,False,False,
755,gradual,frequency,severity_only,,False,False,False,
755,gradual,frequency,external_only,26.0,True,False,False,-2.0
755,gradual,frequency,internal_only,,False,False,False,
755,gradual,frequency,prism,26.0,True,False,False,-2.0
756,gradual,frequency,severity_only,,False,False,False,
756,gradual,frequency,external_only,,False,False,False,
756,gradual,frequency,internal_only,34.0,False,False,False,
756,gradual,frequency,prism,24.0,True,True,False,0.0
757,gradual,frequency,severity_only,,False,False,False,
757,gradual,frequency,external_only,,False,False,False,
757,gradual,frequency,internal_only,,False,False,False,
757,gradual,frequency,prism,24.0,True,True,False,0.0
758,gradual,frequency,severity_only,,False,False,False,
758,gradual,frequency,external_only,,False,False,False,
758,gradual,frequency,internal_only,,False,False,False,
758,gradual,frequency,prism,,False,False,False,
759,gradual,frequency,severity_only,,False,False,False,
759,gradual,frequency,external_only,,False,False,False,
759,gradual,frequency,internal_only,,False,False,False,
759,gradual,frequency,prism,,False,False,False,
760,gradual,frequency,severity_only,,False,False,False,
760,gradual,frequency,external_only,,False,False,False,
760,gradual,frequency,internal_only,,False,False,False,
760,gradual,frequency,prism,,False,False,False,
761,gradual,frequency,severity_only,,False,False,False,
761,gradual,frequency,external_only,,False,False,False,
761,gradual,frequency,internal_only,,False,False,False,
761,gradual,frequency,prism,,False,False,False,
762,gradual,frequency,severity_only,,False,False,False,
762,gradual,frequency,external_only,26.0,True,False,False,-2.0
762,gradual,frequency,internal_only,22.0,True,True,False,2.0
762,gradual,frequency,prism,22.0,True,True,False,2.0
763,gradual,frequency,severity_only,,False,False,False,
763,gradual,frequency,external_only,,False,False,False,
763,gradual,frequency,internal_only,36.0,False,False,False,
763,gradual,frequency,prism,36.0,False,False,False,
764,gradual,frequency,severity_only,,False,False,False,
764,gradual,frequency,external_only,24.0,True,True,False,0.0
764,gradual,frequency,internal_only,,False,False,False,
764,gradual,frequency,prism,24.0,True,True,False,0.0
765,gradual,frequency,severity_only,,False,False,False,
765,gradual,frequency,external_only,,False,False,False,
765,gradual,frequency,internal_only,33.0,False,False,False,
765,gradual,frequency,prism,27.0,True,False,False,-3.0
766,gradual,frequency,severity_only,,False,False,False,
766,gradual,frequency,external_only,,False,False,False,
766,gradual,frequency,internal_only,,False,False,False,
766,gradual,frequency,prism,26.0,True,False,False,-2.0
767,gradual,frequency,severity_only,,False,False,False,
767,gradual,frequency,external_only,,False,False,False,
767,gradual,frequency,internal_only,,False,False,False,
767,gradual,frequency,prism,,False,False,False,
768,gradual,frequency,severity_only,,False,False,False,
768,gradual,frequency,external_only,19.0,False,False,True,
768,gradual,frequency,internal_only,,False,False,False,
768,gradual,frequency,prism,,False,False,False,
769,gradual,frequency,severity_only,,False,False,False,
769,gradual,frequency,external_only,32.0,False,False,False,
769,gradual,frequency,internal_only,,False,False,False,
769,gradual,frequency,prism,32.0,False,False,False,
770,gradual,frequency,severity_only,,False,False,False,
770,gradual,frequency,external_only,,False,False,False,
770,gradual,frequency,internal_only,,False,False,False,
770,gradual,frequency,prism,,False,False,False,
771,gradual,frequency,severity_only,,False,False,False,
771,gradual,frequency,external_only,26.0,True,False,False,-2.0
771,gradual,frequency,internal_only,,False,False,False,
771,gradual,frequency,prism,26.0,True,False,False,-2.0
772,gradual,frequency,severity_only,,False,False,False,
772,gradual,frequency,external_only,30.0,True,False,False,-6.0
772,gradual,frequency,internal_only,30.0,True,False,False,-6.0
772,gradual,frequency,prism,21.0,False,False,False,
773,gradual,frequency,severity_only,,False,False,False,
773,gradual,frequency,external_only,,False,False,False,
773,gradual,frequency,internal_only,,False,False,False,
773,gradual,frequency,prism,,False,False,False,
774,gradual,frequency,severity_only,,False,False,False,
774,gradual,frequency,external_only,25.0,True,False,False,-1.0
774,gradual,frequency,internal_only,25.0,True,False,False,-1.0
774,gradual,frequency,prism,25.0,True,False,False,-1.0
775,gradual,frequency,severity_only,,False,False,False,
775,gradual,frequency,external_only,,False,False,False,
775,gradual,frequency,internal_only,,False,False,False,
775,gradual,frequency,prism,,False,False,False,
776,gradual,frequency,severity_only,,False,False,False,
776,gradual,frequency,external_only,,False,False,False,
776,gradual,frequency,internal_only,,False,False,False,
776,gradual,frequency,prism,,False,False,False,
777,gradual,frequency,severity_only,11.0,False,False,True,
777,gradual,frequency,external_only,11.0,False,False,True,
777,gradual,frequency,internal_only,11.0,False,False,True,
777,gradual,frequency,prism,11.0,False,False,True,
778,gradual,frequency,severity_only,,False,False,False,
778,gradual,frequency,external_only,,False,False,False,
778,gradual,frequency,internal_only,,False,False,False,
778,gradual,frequency,prism,,False,False,False,
779,gradual,frequency,severity_only,,False,False,False,
779,gradual,frequency,external_only,,False,False,False,
779,gradual,frequency,internal_only,,False,False,False,
779,gradual,frequency,prism,,False,False,False,
780,gradual,frequency,severity_only,,False,False,False,
780,gradual,frequency,external_only,,False,False,False,
780,gradual,frequency,internal_only,,False,False,False,
780,gradual,frequency,prism,,False,False,False,
781,gradual,frequency,severity_only,,False,False,False,
781,gradual,frequency,external_only,,False,False,False,
781,gradual,frequency,internal_only,,False,False,False,
781,gradual,frequency,prism,,False,False,False,
782,gradual,frequency,severity_only,,False,False,False,
782,gradual,frequency,external_only,5.0,False,False,True,
782,gradual,frequency,internal_only,,False,False,False,
782,gradual,frequency,prism,5.0,False,False,True,
783,gradual,frequency,severity_only,,False,False,False,
783,gradual,frequency,external_only,,False,False,False,
783,gradual,frequency,internal_only,,False,False,False,
783,gradual,frequency,prism,23.0,True,True,False,1.0
784,gradual,frequency,severity_only,,False,False,False,
784,gradual,frequency,external_only,,False,False,False,
784,gradual,frequency,internal_only,,False,False,False,
784,gradual,frequency,prism,,False,False,False,
785,gradual,frequency,severity_only,,False,False,False,
785,gradual,frequency,external_only,,False,False,False,
785,gradual,frequency,internal_only,,False,False,False,
785,gradual,frequency,prism,,False,False,False,
786,gradual,frequency,severity_only,,False,False,False,
786,gradual,frequency,external_only,,False,False,False,
786,gradual,frequency,internal_only,,False,False,False,
786,gradual,frequency,prism,,False,False,False,
787,gradual,frequency,severity_only,,False,False,False,
787,gradual,frequency,external_only,,False,False,False,
787,gradual,frequency,internal_only,,False,False,False,
787,gradual,frequency,prism,,False,False,False,
788,gradual,frequency,severity_only,,False,False,False,
788,gradual,frequency,external_only,,False,False,False,
788,gradual,frequency,internal_only,,False,False,False,
788,gradual,frequency,prism,,False,False,False,
789,gradual,frequency,severity_only,,False,False,False,
789,gradual,frequency,external_only,,False,False,False,
789,gradual,frequency,internal_only,,False,False,False,
789,gradual,frequency,prism,,False,False,False,
790,gradual,frequency,severity_only,,False,False,False,
790,gradual,frequency,external_only,37.0,False,False,False,
790,gradual,frequency,internal_only,,False,False,False,
790,gradual,frequency,prism,21.0,False,False,False,
791,gradual,frequency,severity_only,,False,False,False,
791,gradual,frequency,external_only,,False,False,False,
791,gradual,frequency,internal_only,18.0,False,False,True,
791,gradual,frequency,prism,,False,False,False,
792,gradual,frequency,severity_only,,False,False,False,
792,gradual,frequency,external_only,,False,False,False,
792,gradual,frequency,internal_only,,False,False,False,
792,gradual,frequency,prism,24.0,True,True,False,0.0
793,gradual,frequency,severity_only,,False,False,False,
793,gradual,frequency,external_only,,False,False,False,
793,gradual,frequency,internal_only,,False,False,False,
793,gradual,frequency,prism,30.0,True,False,False,-6.0
794,gradual,frequency,severity_only,37.0,False,False,False,
794,gradual,frequency,external_only,,False,False,False,
794,gradual,frequency,internal_only,37.0,False,False,False,
794,gradual,frequency,prism,,False,False,False,
795,gradual,frequency,severity_only,,False,False,False,
795,gradual,frequency,external_only,8.0,False,False,True,
795,gradual,frequency,internal_only,,False,False,False,
795,gradual,frequency,prism,8.0,False,False,True,
796,gradual,frequency,severity_only,28.0,True,False,False,-4.0
796,gradual,frequency,external_only,28.0,True,False,False,-4.0
796,gradual,frequency,internal_only,28.0,True,False,False,-4.0
796,gradual,frequency,prism,28.0,True,False,False,-4.0
797,gradual,frequency,severity_only,,False,False,False,
797,gradual,frequency,external_only,,False,False,False,
797,gradual,frequency,internal_only,,False,False,False,
797,gradual,frequency,prism,,False,False,False,
798,gradual,frequency,severity_only,,False,False,False,
798,gradual,frequency,external_only,,False,False,False,
798,gradual,frequency,internal_only,,False,False,False,
798,gradual,frequency,prism,,False,False,False,
799,gradual,frequency,severity_only,,False,False,False,
799,gradual,frequency,external_only,,False,False,False,
799,gradual,frequency,internal_only,,False,False,False,
799,gradual,frequency,prism,,False,False,False,
800,gradual,frequency,severity_only,,False,False,False,
800,gradual,frequency,external_only,23.0,True,True,False,1.0
800,gradual,frequency,internal_only,,False,False,False,
800,gradual,frequency,prism,23.0,True,True,False,1.0
801,gradual,frequency,severity_only,,False,False,False,
801,gradual,frequency,external_only,,False,False,False,
801,gradual,frequency,internal_only,,False,False,False,
801,gradual,frequency,prism,,False,False,False,
802,gradual,frequency,severity_only,,False,False,False,
802,gradual,frequency,external_only,,False,False,False,
802,gradual,frequency,internal_only,22.0,True,True,False,2.0
802,gradual,frequency,prism,22.0,True,True,False,2.0
803,gradual,frequency,severity_only,,False,False,False,
803,gradual,frequency,external_only,,False,False,False,
803,gradual,frequency,internal_only,,False,False,False,
803,gradual,frequency,prism,,False,False,False,
804,gradual,frequency,severity_only,,False,False,False,
804,gradual,frequency,external_only,26.0,True,False,False,-2.0
804,gradual,frequency,internal_only,,False,False,False,
804,gradual,frequency,prism,26.0,True,False,False,-2.0
805,gradual,frequency,severity_only,,False,False,False,
805,gradual,frequency,external_only,,False,False,False,
805,gradual,frequency,internal_only,,False,False,False,
805,gradual,frequency,prism,,False,False,False,
806,gradual,frequency,severity_only,,False,False,False,
806,gradual,frequency,external_only,,False,False,False,
806,gradual,frequency,internal_only,,False,False,False,
806,gradual,frequency,prism,,False,False,False,
807,gradual,frequency,severity_only,7.0,False,False,True,
807,gradual,frequency,external_only,6.0,False,False,True,
807,gradual,frequency,internal_only,7.0,False,False,True,
807,gradual,frequency,prism,6.0,False,False,True,
808,gradual,frequency,severity_only,7.0,False,False,True,
808,gradual,frequency,external_only,7.0,False,False,True,
808,gradual,frequency,internal_only,7.0,False,False,True,
808,gradual,frequency,prism,7.0,False,False,True,
809,gradual,frequency,severity_only,35.0,False,False,False,
809,gradual,frequency,external_only,35.0,False,False,False,
809,gradual,frequency,internal_only,35.0,False,False,False,
809,gradual,frequency,prism,26.0,True,False,False,-2.0
810,gradual,frequency,severity_only,,False,False,False,
810,gradual,frequency,external_only,23.0,True,True,False,1.0
810,gradual,frequency,internal_only,23.0,True,True,False,1.0
810,gradual,frequency,prism,22.0,True,True,False,2.0
811,gradual,frequency,severity_only,,False,False,False,
811,gradual,frequency,external_only,,False,False,False,
811,gradual,frequency,internal_only,,False,False,False,
811,gradual,frequency,prism,,False,False,False,
812,gradual,frequency,severity_only,,False,False,False,
812,gradual,frequency,external_only,,False,False,False,
812,gradual,frequency,internal_only,,False,False,False,
812,gradual,frequency,prism,,False,False,False,
813,gradual,frequency,severity_only,,False,False,False,
813,gradual,frequency,external_only,,False,False,False,
813,gradual,frequency,internal_only,,False,False,False,
813,gradual,frequency,prism,,False,False,False,
814,gradual,frequency,severity_only,,False,False,False,
814,gradual,frequency,external_only,,False,False,False,
814,gradual,frequency,internal_only,,False,False,False,
814,gradual,frequency,prism,,False,False,False,
815,gradual,frequency,severity_only,,False,False,False,
815,gradual,frequency,external_only,,False,False,False,
815,gradual,frequency,internal_only,,False,False,False,
815,gradual,frequency,prism,,False,False,False,
816,gradual,frequency,severity_only,,False,False,False,
816,gradual,frequency,external_only,,False,False,False,
816,gradual,frequency,internal_only,,False,False,False,
816,gradual,frequency,prism,,False,False,False,
817,gradual,frequency,severity_only,,False,False,False,
817,gradual,frequency,external_only,23.0,True,True,False,1.0
817,gradual,frequency,internal_only,23.0,True,True,False,1.0
817,gradual,frequency,prism,23.0,True,True,False,1.0
818,gradual,frequency,severity_only,,False,False,False,
818,gradual,frequency,external_only,24.0,True,True,False,0.0
818,gradual,frequency,internal_only,,False,False,False,
818,gradual,frequency,prism,22.0,True,True,False,2.0
819,gradual,frequency,severity_only,,False,False,False,
819,gradual,frequency,external_only,,False,False,False,
819,gradual,frequency,internal_only,18.0,False,False,True,
819,gradual,frequency,prism,18.0,False,False,True,
820,gradual,frequency,severity_only,,False,False,False,
820,gradual,frequency,external_only,,False,False,False,
820,gradual,frequency,internal_only,,False,False,False,
820,gradual,frequency,prism,,False,False,False,
821,gradual,frequency,severity_only,,False,False,False,
821,gradual,frequency,external_only,,False,False,False,
821,gradual,frequency,internal_only,,False,False,False,
821,gradual,frequency,prism,,False,False,False,
822,gradual,frequency,severity_only,,False,False,False,
822,gradual,frequency,external_only,,False,False,False,
822,gradual,frequency,internal_only,22.0,True,True,False,2.0
822,gradual,frequency,prism,22.0,True,True,False,2.0
823,gradual,frequency,severity_only,,False,False,False,
823,gradual,frequency,external_only,25.0,True,False,False,-1.0
823,gradual,frequency,internal_only,,False,False,False,
823,gradual,frequency,prism,27.0,True,False,False,-3.0
824,gradual,frequency,severity_only,,False,False,False,
824,gradual,frequency,external_only,,False,False,False,
824,gradual,frequency,internal_only,,False,False,False,
824,gradual,frequency,prism,,False,False,False,
825,gradual,frequency,severity_only,,False,False,False,
825,gradual,frequency,external_only,,False,False,False,
825,gradual,frequency,internal_only,,False,False,False,
825,gradual,frequency,prism,,False,False,False,
826,gradual,frequency,severity_only,,False,False,False,
826,gradual,frequency,external_only,,False,False,False,
826,gradual,frequency,internal_only,,False,False,False,
826,gradual,frequency,prism,,False,False,False,
827,gradual,frequency,severity_only,,False,False,False,
827,gradual,frequency,external_only,,False,False,False,
827,gradual,frequency,internal_only,,False,False,False,
827,gradual,frequency,prism,20.0,False,False,True,
828,gradual,frequency,severity_only,,False,False,False,
828,gradual,frequency,external_only,,False,False,False,
828,gradual,frequency,internal_only,,False,False,False,
828,gradual,frequency,prism,,False,False,False,
829,gradual,frequency,severity_only,,False,False,False,
829,gradual,frequency,external_only,11.0,False,False,True,
829,gradual,frequency,internal_only,,False,False,False,
829,gradual,frequency,prism,11.0,False,False,True,
830,gradual,frequency,severity_only,29.0,True,False,False,-5.0
830,gradual,frequency,external_only,28.0,True,False,False,-4.0
830,gradual,frequency,internal_only,29.0,True,False,False,-5.0
830,gradual,frequency,prism,28.0,True,False,False,-4.0
831,gradual,frequency,severity_only,,False,False,False,
831,gradual,frequency,external_only,18.0,False,False,True,
831,gradual,frequency,internal_only,,False,False,False,
831,gradual,frequency,prism,,False,False,False,
832,gradual,frequency,severity_only,,False,False,False,
832,gradual,frequency,external_only,28.0,True,False,False,-4.0
832,gradual,frequency,internal_only,,False,False,False,
832,gradual,frequency,prism,,False,False,False,
833,gradual,frequency,severity_only,32.0,False,False,False,
833,gradual,frequency,external_only,,False,False,False,
833,gradual,frequency,internal_only,32.0,False,False,False,
833,gradual,frequency,prism,,False,False,False,
834,gradual,frequency,severity_only,,False,False,False,
834,gradual,frequency,external_only,,False,False,False,
834,gradual,frequency,internal_only,,False,False,False,
834,gradual,frequency,prism,,False,False,False,
835,gradual,frequency,severity_only,,False,False,False,
835,gradual,frequency,external_only,,False,False,False,
835,gradual,frequency,internal_only,,False,False,False,
835,gradual,frequency,prism,,False,False,False,
836,gradual,frequency,severity_only,,False,False,False,
836,gradual,frequency,external_only,,False,False,False,
836,gradual,frequency,internal_only,,False,False,False,
836,gradual,frequency,prism,,False,False,False,
837,gradual,frequency,severity_only,,False,False,False,
837,gradual,frequency,external_only,,False,False,False,
837,gradual,frequency,internal_only,,False,False,False,
837,gradual,frequency,prism,24.0,True,True,False,0.0
838,gradual,frequency,severity_only,,False,False,False,
838,gradual,frequency,external_only,27.0,True,False,False,-3.0
838,gradual,frequency,internal_only,27.0,True,False,False,-3.0
838,gradual,frequency,prism,25.0,True,False,False,-1.0
839,gradual,frequency,severity_only,,False,False,False,
839,gradual,frequency,external_only,,False,False,False,
839,gradual,frequency,internal_only,,False,False,False,
839,gradual,frequency,prism,,False,False,False,
840,gradual,frequency,severity_only,,False,False,False,
840,gradual,frequency,external_only,,False,False,False,
840,gradual,frequency,internal_only,,False,False,False,
840,gradual,frequency,prism,,False,False,False,
841,gradual,frequency,severity_only,9.0,False,False,True,
841,gradual,frequency,external_only,9.0,False,False,True,
841,gradual,frequency,internal_only,9.0,False,False,True,
841,gradual,frequency,prism,9.0,False,False,True,
842,gradual,frequency,severity_only,,False,False,False,
842,gradual,frequency,external_only,,False,False,False,
842,gradual,frequency,internal_only,17.0,False,False,True,
842,gradual,frequency,prism,17.0,False,False,True,
843,gradual,frequency,severity_only,,False,False,False,
843,gradual,frequency,external_only,,False,False,False,
843,gradual,frequency,internal_only,24.0,True,True,False,0.0
843,gradual,frequency,prism,22.0,True,True,False,2.0
844,gradual,frequency,severity_only,,False,False,False,
844,gradual,frequency,external_only,26.0,True,False,False,-2.0
844,gradual,frequency,internal_only,,False,False,False,
844,gradual,frequency,prism,26.0,True,False,False,-2.0
845,gradual,frequency,severity_only,,False,False,False,
845,gradual,frequency,external_only,,False,False,False,
845,gradual,frequency,internal_only,,False,False,False,
845,gradual,frequency,prism,,False,False,False,
846,gradual,frequency,severity_only,,False,False,False,
846,gradual,frequency,external_only,,False,False,False,
846,gradual,frequency,internal_only,,False,False,False,
846,gradual,frequency,prism,,False,False,False,
847,gradual,frequency,severity_only,,False,False,False,
847,gradual,frequency,external_only,,False,False,False,
847,gradual,frequency,internal_only,,False,False,False,
847,gradual,frequency,prism,20.0,False,False,True,
848,gradual,frequency,severity_only,,False,False,False,
848,gradual,frequency,external_only,30.0,True,False,False,-6.0
848,gradual,frequency,internal_only,,False,False,False,
848,gradual,frequency,prism,25.0,True,False,False,-1.0
849,gradual,frequency,severity_only,10.0,False,False,True,
849,gradual,frequency,external_only,10.0,False,False,True,
849,gradual,frequency,internal_only,10.0,False,False,True,
849,gradual,frequency,prism,10.0,False,False,True,
850,gradual,frequency,severity_only,,False,False,False,
850,gradual,frequency,external_only,,False,False,False,
850,gradual,frequency,internal_only,,False,False,False,
850,gradual,frequency,prism,25.0,True,False,False,-1.0
851,gradual,frequency,severity_only,,False,False,False,
851,gradual,frequency,external_only,,False,False,False,
851,gradual,frequency,internal_only,,False,False,False,
851,gradual,frequency,prism,,False,False,False,
852,gradual,frequency,severity_only,,False,False,False,
852,gradual,frequency,external_only,,False,False,False,
852,gradual,frequency,internal_only,,False,False,False,
852,gradual,frequency,prism,23.0,True,True,False,1.0
853,gradual,frequency,severity_only,12.0,False,False,True,
853,gradual,frequency,external_only,12.0,False,False,True,
853,gradual,frequency,internal_only,12.0,False,False,True,
853,gradual,frequency,prism,12.0,False,False,True,
854,gradual,frequency,severity_only,,False,False,False,
854,gradual,frequency,external_only,26.0,True,False,False,-2.0
854,gradual,frequency,internal_only,26.0,True,False,False,-2.0
854,gradual,frequency,prism,24.0,True,True,False,0.0
855,gradual,frequency,severity_only,34.0,False,False,False,
855,gradual,frequency,external_only,,False,False,False,
855,gradual,frequency,internal_only,34.0,False,False,False,
855,gradual,frequency,prism,,False,False,False,
856,gradual,frequency,severity_only,,False,False,False,
856,gradual,frequency,external_only,13.0,False,False,True,
856,gradual,frequency,internal_only,,False,False,False,
856,gradual,frequency,prism,13.0,False,False,True,
857,gradual,frequency,severity_only,,False,False,False,
857,gradual,frequency,external_only,,False,False,False,
857,gradual,frequency,internal_only,,False,False,False,
857,gradual,frequency,prism,30.0,True,False,False,-6.0
858,gradual,frequency,severity_only,,False,False,False,
858,gradual,frequency,external_only,,False,False,False,
858,gradual,frequency,internal_only,,False,False,False,
858,gradual,frequency,prism,,False,False,False,
859,gradual,frequency,severity_only,,False,False,False,
859,gradual,frequency,external_only,27.0,True,False,False,-3.0
859,gradual,frequency,internal_only,,False,False,False,
859,gradual,frequency,prism,,False,False,False,
860,gradual,frequency,severity_only,,False,False,False,
860,gradual,frequency,external_only,,False,False,False,
860,gradual,frequency,internal_only,,False,False,False,
860,gradual,frequency,prism,,False,False,False,
861,gradual,frequency,severity_only,,False,False,False,
861,gradual,frequency,external_only,7.0,False,False,True,
861,gradual,frequency,internal_only,,False,False,False,
861,gradual,frequency,prism,7.0,False,False,True,
862,gradual,frequency,severity_only,33.0,False,False,False,
862,gradual,frequency,external_only,,False,False,False,
862,gradual,frequency,internal_only,33.0,False,False,False,
862,gradual,frequency,prism,,False,False,False,
863,gradual,frequency,severity_only,,False,False,False,
863,gradual,frequency,external_only,28.0,True,False,False,-4.0
863,gradual,frequency,internal_only,,False,False,False,
863,gradual,frequency,prism,28.0,True,False,False,-4.0
864,gradual,frequency,severity_only,,False,False,False,
864,gradual,frequency,external_only,,False,False,False,
864,gradual,frequency,internal_only,,False,False,False,
864,gradual,frequency,prism,26.0,True,False,False,-2.0
865,gradual,frequency,severity_only,,False,False,False,
865,gradual,frequency,external_only,,False,False,False,
865,gradual,frequency,internal_only,,False,False,False,
865,gradual,frequency,prism,,False,False,False,
866,gradual,frequency,severity_only,25.0,True,False,False,-1.0
866,gradual,frequency,external_only,25.0,True,False,False,-1.0
866,gradual,frequency,internal_only,25.0,True,False,False,-1.0
866,gradual,frequency,prism,25.0,True,False,False,-1.0
867,gradual,frequency,severity_only,8.0,False,False,True,
867,gradual,frequency,external_only,11.0,False,False,True,
867,gradual,frequency,internal_only,8.0,False,False,True,
867,gradual,frequency,prism,11.0,False,False,True,
868,gradual,frequency,severity_only,,False,False,False,
868,gradual,frequency,external_only,29.0,True,False,False,-5.0
868,gradual,frequency,internal_only,,False,False,False,
868,gradual,frequency,prism,,False,False,False,
869,gradual,frequency,severity_only,22.0,True,True,False,2.0
869,gradual,frequency,external_only,22.0,True,True,False,2.0
869,gradual,frequency,internal_only,,False,False,False,
869,gradual,frequency,prism,22.0,True,True,False,2.0
870,gradual,frequency,severity_only,,False,False,False,
870,gradual,frequency,external_only,,False,False,False,
870,gradual,frequency,internal_only,,False,False,False,
870,gradual,frequency,prism,26.0,True,False,False,-2.0
871,gradual,frequency,severity_only,,False,False,False,
871,gradual,frequency,external_only,,False,False,False,
871,gradual,frequency,internal_only,,False,False,False,
871,gradual,frequency,prism,,False,False,False,
872,gradual,frequency,severity_only,,False,False,False,
872,gradual,frequency,external_only,27.0,True,False,False,-3.0
872,gradual,frequency,internal_only,,False,False,False,
872,gradual,frequency,prism,27.0,True,False,False,-3.0
873,gradual,frequency,severity_only,,False,False,False,
873,gradual,frequency,external_only,,False,False,False,
873,gradual,frequency,internal_only,,False,False,False,
873,gradual,frequency,prism,32.0,False,False,False,
874,gradual,frequency,severity_only,,False,False,False,
874,gradual,frequency,external_only,,False,False,False,
874,gradual,frequency,internal_only,,False,False,False,
874,gradual,frequency,prism,,False,False,False,
875,gradual,frequency,severity_only,,False,False,False,
875,gradual,frequency,external_only,28.0,True,False,False,-4.0
875,gradual,frequency,internal_only,,False,False,False,
875,gradual,frequency,prism,,False,False,False,
876,gradual,frequency,severity_only,,False,False,False,
876,gradual,frequency,external_only,,False,False,False,
876,gradual,frequency,internal_only,,False,False,False,
876,gradual,frequency,prism,,False,False,False,
877,gradual,frequency,severity_only,10.0,False,False,True,
877,gradual,frequency,external_only,10.0,False,False,True,
877,gradual,frequency,internal_only,10.0,False,False,True,
877,gradual,frequency,prism,10.0,False,False,True,
878,gradual,frequency,severity_only,,False,False,False,
878,gradual,frequency,external_only,,False,False,False,
878,gradual,frequency,internal_only,33.0,False,False,False,
878,gradual,frequency,prism,19.0,False,False,True,
879,gradual,frequency,severity_only,,False,False,False,
879,gradual,frequency,external_only,,False,False,False,
879,gradual,frequency,internal_only,,False,False,False,
879,gradual,frequency,prism,,False,False,False,
880,gradual,frequency,severity_only,,False,False,False,
880,gradual,frequency,external_only,26.0,True,False,False,-2.0
880,gradual,frequency,internal_only,39.0,False,False,False,
880,gradual,frequency,prism,24.0,True,True,False,0.0
881,gradual,frequency,severity_only,,False,False,False,
881,gradual,frequency,external_only,,False,False,False,
881,gradual,frequency,internal_only,35.0,False,False,False,
881,gradual,frequency,prism,24.0,True,True,False,0.0
882,gradual,frequency,severity_only,,False,False,False,
882,gradual,frequency,external_only,,False,False,False,
882,gradual,frequency,internal_only,24.0,True,True,False,0.0
882,gradual,frequency,prism,24.0,True,True,False,0.0
883,gradual,frequency,severity_only,,False,False,False,
883,gradual,frequency,external_only,,False,False,False,
883,gradual,frequency,internal_only,,False,False,False,
883,gradual,frequency,prism,,False,False,False,
884,gradual,frequency,severity_only,,False,False,False,
884,gradual,frequency,external_only,,False,False,False,
884,gradual,frequency,internal_only,,False,False,False,
884,gradual,frequency,prism,,False,False,False,
885,gradual,frequency,severity_only,,False,False,False,
885,gradual,frequency,external_only,,False,False,False,
885,gradual,frequency,internal_only,,False,False,False,
885,gradual,frequency,prism,26.0,True,False,False,-2.0
886,gradual,frequency,severity_only,,False,False,False,
886,gradual,frequency,external_only,26.0,True,False,False,-2.0
886,gradual,frequency,internal_only,26.0,True,False,False,-2.0
886,gradual,frequency,prism,24.0,True,True,False,0.0
887,gradual,frequency,severity_only,,False,False,False,
887,gradual,frequency,external_only,,False,False,False,
887,gradual,frequency,internal_only,,False,False,False,
887,gradual,frequency,prism,,False,False,False,
888,gradual,frequency,severity_only,,False,False,False,
888,gradual,frequency,external_only,,False,False,False,
888,gradual,frequency,internal_only,,False,False,False,
888,gradual,frequency,prism,22.0,True,True,False,2.0
889,gradual,frequency,severity_only,,False,False,False,
889,gradual,frequency,external_only,,False,False,False,
889,gradual,frequency,internal_only,,False,False,False,
889,gradual,frequency,prism,,False,False,False,
890,gradual,frequency,severity_only,,False,False,False,
890,gradual,frequency,external_only,,False,False,False,
890,gradual,frequency,internal_only,33.0,False,False,False,
890,gradual,frequency,prism,27.0,True,False,False,-3.0
891,gradual,frequency,severity_only,,False,False,False,
891,gradual,frequency,external_only,,False,False,False,
891,gradual,frequency,internal_only,35.0,False,False,False,
891,gradual,frequency,prism,,False,False,False,
892,gradual,frequency,severity_only,,False,False,False,
892,gradual,frequency,external_only,,False,False,False,
892,gradual,frequency,internal_only,,False,False,False,
892,gradual,frequency,prism,,False,False,False,
893,gradual,frequency,severity_only,,False,False,False,
893,gradual,frequency,external_only,,False,False,False,
893,gradual,frequency,internal_only,,False,False,False,
893,gradual,frequency,prism,,False,False,False,
894,gradual,frequency,severity_only,,False,False,False,
894,gradual,frequency,external_only,,False,False,False,
894,gradual,frequency,internal_only,,False,False,False,
894,gradual,frequency,prism,,False,False,False,
895,gradual,frequency,severity_only,,False,False,False,
895,gradual,frequency,external_only,29.0,True,False,False,-5.0
895,gradual,frequency,internal_only,29.0,True,False,False,-5.0
895,gradual,frequency,prism,27.0,True,False,False,-3.0
896,gradual,frequency,severity_only,,False,False,False,
896,gradual,frequency,external_only,,False,False,False,
896,gradual,frequency,internal_only,,False,False,False,
896,gradual,frequency,prism,,False,False,False,
897,gradual,frequency,severity_only,,False,False,False,
897,gradual,frequency,external_only,,False,False,False,
897,gradual,frequency,internal_only,,False,False,False,
897,gradual,frequency,prism,,False,False,False,
898,gradual,frequency,severity_only,,False,False,False,
898,gradual,frequency,external_only,,False,False,False,
898,gradual,frequency,internal_only,,False,False,False,
898,gradual,frequency,prism,,False,False,False,
899,gradual,frequency,severity_only,,False,False,False,
899,gradual,frequency,external_only,,False,False,False,
899,gradual,frequency,internal_only,,False,False,False,
899,gradual,frequency,prism,,False,False,False,
900,gradual,frequency,severity_only,,False,False,False,
900,gradual,frequency,external_only,,False,False,False,
900,gradual,frequency,internal_only,,False,False,False,
900,gradual,frequency,prism,,False,False,False,
901,gradual,frequency,severity_only,,False,False,False,
901,gradual,frequency,external_only,,False,False,False,
901,gradual,frequency,internal_only,,False,False,False,
901,gradual,frequency,prism,,False,False,False,
902,gradual,frequency,severity_only,,False,False,False,
902,gradual,frequency,external_only,,False,False,False,
902,gradual,frequency,internal_only,,False,False,False,
902,gradual,frequency,prism,25.0,True,False,False,-1.0
903,gradual,frequency,severity_only,4.0,False,False,True,
903,gradual,frequency,external_only,4.0,False,False,True,
903,gradual,frequency,internal_only,4.0,False,False,True,
903,gradual,frequency,prism,4.0,False,False,True,
904,gradual,frequency,severity_only,,False,False,False,
904,gradual,frequency,external_only,,False,False,False,
904,gradual,frequency,internal_only,,False,False,False,
904,gradual,frequency,prism,,False,False,False,
905,gradual,frequency,severity_only,,False,False,False,
905,gradual,frequency,external_only,,False,False,False,
905,gradual,frequency,internal_only,,False,False,False,
905,gradual,frequency,prism,,False,False,False,
906,gradual,frequency,severity_only,,False,False,False,
906,gradual,frequency,external_only,26.0,True,False,False,-2.0
906,gradual,frequency,internal_only,26.0,True,False,False,-2.0
906,gradual,frequency,prism,23.0,True,True,False,1.0
907,gradual,frequency,severity_only,,False,False,False,
907,gradual,frequency,external_only,17.0,False,False,True,
907,gradual,frequency,internal_only,,False,False,False,
907,gradual,frequency,prism,17.0,False,False,True,
908,gradual,frequency,severity_only,13.0,False,False,True,
908,gradual,frequency,external_only,13.0,False,False,True,
908,gradual,frequency,internal_only,13.0,False,False,True,
908,gradual,frequency,prism,13.0,False,False,True,
909,gradual,frequency,severity_only,,False,False,False,
909,gradual,frequency,external_only,,False,False,False,
909,gradual,frequency,internal_only,,False,False,False,
909,gradual,frequency,prism,25.0,True,False,False,-1.0
910,gradual,frequency,severity_only,,False,False,False,
910,gradual,frequency,external_only,,False,False,False,
910,gradual,frequency,internal_only,,False,False,False,
910,gradual,frequency,prism,,False,False,False,
911,gradual,frequency,severity_only,,False,False,False,
911,gradual,frequency,external_only,25.0,True,False,False,-1.0
911,gradual,frequency,internal_only,29.0,True,False,False,-5.0
911,gradual,frequency,prism,25.0,True,False,False,-1.0
912,gradual,frequency,severity_only,,False,False,False,
912,gradual,frequency,external_only,,False,False,False,
912,gradual,frequency,internal_only,,False,False,False,
912,gradual,frequency,prism,,False,False,False,
913,gradual,frequency,severity_only,27.0,True,False,False,-3.0
913,gradual,frequency,external_only,25.0,True,False,False,-1.0
913,gradual,frequency,internal_only,27.0,True,False,False,-3.0
913,gradual,frequency,prism,27.0,True,False,False,-3.0
914,gradual,frequency,severity_only,,False,False,False,
914,gradual,frequency,external_only,,False,False,False,
914,gradual,frequency,internal_only,,False,False,False,
914,gradual,frequency,prism,,False,False,False,
915,gradual,frequency,severity_only,,False,False,False,
915,gradual,frequency,external_only,8.0,False,False,True,
915,gradual,frequency,internal_only,,False,False,False,
915,gradual,frequency,prism,8.0,False,False,True,
916,gradual,frequency,severity_only,,False,False,False,
916,gradual,frequency,external_only,,False,False,False,
916,gradual,frequency,internal_only,,False,False,False,
916,gradual,frequency,prism,,False,False,False,
917,gradual,frequency,severity_only,16.0,False,False,True,
917,gradual,frequency,external_only,16.0,False,False,True,
917,gradual,frequency,internal_only,16.0,False,False,True,
917,gradual,frequency,prism,16.0,False,False,True,
918,gradual,frequency,severity_only,,False,False,False,
918,gradual,frequency,external_only,,False,False,False,
918,gradual,frequency,internal_only,,False,False,False,
918,gradual,frequency,prism,26.0,True,False,False,-2.0
919,gradual,frequency,severity_only,,False,False,False,
919,gradual,frequency,external_only,,False,False,False,
919,gradual,frequency,internal_only,,False,False,False,
919,gradual,frequency,prism,,False,False,False,
920,gradual,frequency,severity_only,,False,False,False,
920,gradual,frequency,external_only,,False,False,False,
920,gradual,frequency,internal_only,,False,False,False,
920,gradual,frequency,prism,,False,False,False,
921,gradual,frequency,severity_only,,False,False,False,
921,gradual,frequency,external_only,,False,False,False,
921,gradual,frequency,internal_only,,False,False,False,
921,gradual,frequency,prism,,False,False,False,
922,gradual,frequency,severity_only,,False,False,False,
922,gradual,frequency,external_only,,False,False,False,
922,gradual,frequency,internal_only,,False,False,False,
922,gradual,frequency,prism,,False,False,False,
923,gradual,frequency,severity_only,,False,False,False,
923,gradual,frequency,external_only,,False,False,False,
923,gradual,frequency,internal_only,23.0,True,True,False,1.0
923,gradual,frequency,prism,23.0,True,True,False,1.0
924,gradual,frequency,severity_only,,False,False,False,
924,gradual,frequency,external_only,,False,False,False,
924,gradual,frequency,internal_only,,False,False,False,
924,gradual,frequency,prism,,False,False,False,
925,gradual,frequency,severity_only,,False,False,False,
925,gradual,frequency,external_only,,False,False,False,
925,gradual,frequency,internal_only,,False,False,False,
925,gradual,frequency,prism,,False,False,False,
926,gradual,frequency,severity_only,,False,False,False,
926,gradual,frequency,external_only,,False,False,False,
926,gradual,frequency,internal_only,,False,False,False,
926,gradual,frequency,prism,25.0,True,False,False,-1.0
927,gradual,frequency,severity_only,,False,False,False,
927,gradual,frequency,external_only,,False,False,False,
927,gradual,frequency,internal_only,,False,False,False,
927,gradual,frequency,prism,,False,False,False,
928,gradual,frequency,severity_only,,False,False,False,
928,gradual,frequency,external_only,24.0,True,True,False,0.0
928,gradual,frequency,internal_only,,False,False,False,
928,gradual,frequency,prism,24.0,True,True,False,0.0
929,gradual,frequency,severity_only,,False,False,False,
929,gradual,frequency,external_only,,False,False,False,
929,gradual,frequency,internal_only,,False,False,False,
929,gradual,frequency,prism,,False,False,False,
930,gradual,frequency,severity_only,,False,False,False,
930,gradual,frequency,external_only,,False,False,False,
930,gradual,frequency,internal_only,,False,False,False,
930,gradual,frequency,prism,,False,False,False,
931,gradual,frequency,severity_only,,False,False,False,
931,gradual,frequency,external_only,,False,False,False,
931,gradual,frequency,internal_only,,False,False,False,
931,gradual,frequency,prism,,False,False,False,
932,gradual,frequency,severity_only,,False,False,False,
932,gradual,frequency,external_only,,False,False,False,
932,gradual,frequency,internal_only,,False,False,False,
932,gradual,frequency,prism,,False,False,False,
933,gradual,frequency,severity_only,,False,False,False,
933,gradual,frequency,external_only,,False,False,False,
933,gradual,frequency,internal_only,,False,False,False,
933,gradual,frequency,prism,30.0,True,False,False,-6.0
934,gradual,frequency,severity_only,,False,False,False,
934,gradual,frequency,external_only,7.0,False,False,True,
934,gradual,frequency,internal_only,,False,False,False,
934,gradual,frequency,prism,7.0,False,False,True,
935,gradual,frequency,severity_only,,False,False,False,
935,gradual,frequency,external_only,,False,False,False,
935,gradual,frequency,internal_only,,False,False,False,
935,gradual,frequency,prism,,False,False,False,
936,gradual,frequency,severity_only,26.0,True,False,False,-2.0
936,gradual,frequency,external_only,25.0,True,False,False,-1.0
936,gradual,frequency,internal_only,26.0,True,False,False,-2.0
936,gradual,frequency,prism,26.0,True,False,False,-2.0
937,gradual,frequency,severity_only,,False,False,False,
937,gradual,frequency,external_only,6.0,False,False,True,
937,gradual,frequency,internal_only,,False,False,False,
937,gradual,frequency,prism,6.0,False,False,True,
938,gradual,frequency,severity_only,,False,False,False,
938,gradual,frequency,external_only,,False,False,False,
938,gradual,frequency,internal_only,,False,False,False,
938,gradual,frequency,prism,,False,False,False,
939,gradual,frequency,severity_only,,False,False,False,
939,gradual,frequency,external_only,,False,False,False,
939,gradual,frequency,internal_only,,False,False,False,
939,gradual,frequency,prism,,False,False,False,
940,gradual,frequency,severity_only,,False,False,False,
940,gradual,frequency,external_only,,False,False,False,
940,gradual,frequency,internal_only,20.0,False,False,True,
940,gradual,frequency,prism,19.0,False,False,True,
941,gradual,frequency,severity_only,,False,False,False,
941,gradual,frequency,external_only,28.0,True,False,False,-4.0
941,gradual,frequency,internal_only,29.0,True,False,False,-5.0
941,gradual,frequency,prism,28.0,True,False,False,-4.0
942,gradual,frequency,severity_only,,False,False,False,
942,gradual,frequency,external_only,23.0,True,True,False,1.0
942,gradual,frequency,internal_only,,False,False,False,
942,gradual,frequency,prism,23.0,True,True,False,1.0
943,gradual,frequency,severity_only,,False,False,False,
943,gradual,frequency,external_only,,False,False,False,
943,gradual,frequency,internal_only,,False,False,False,
943,gradual,frequency,prism,,False,False,False,
944,gradual,frequency,severity_only,,False,False,False,
944,gradual,frequency,external_only,,False,False,False,
944,gradual,frequency,internal_only,,False,False,False,
944,gradual,frequency,prism,,False,False,False,
945,gradual,frequency,severity_only,,False,False,False,
945,gradual,frequency,external_only,29.0,True,False,False,-5.0
945,gradual,frequency,internal_only,,False,False,False,
945,gradual,frequency,prism,26.0,True,False,False,-2.0
946,gradual,frequency,severity_only,,False,False,False,
946,gradual,frequency,external_only,,False,False,False,
946,gradual,frequency,internal_only,,False,False,False,
946,gradual,frequency,prism,,False,False,False,
947,gradual,frequency,severity_only,,False,False,False,
947,gradual,frequency,external_only,,False,False,False,
947,gradual,frequency,internal_only,35.0,False,False,False,
947,gradual,frequency,prism,26.0,True,False,False,-2.0
948,gradual,frequency,severity_only,11.0,False,False,True,
948,gradual,frequency,external_only,11.0,False,False,True,
948,gradual,frequency,internal_only,11.0,False,False,True,
948,gradual,frequency,prism,11.0,False,False,True,
949,gradual,frequency,severity_only,,False,False,False,
949,gradual,frequency,external_only,,False,False,False,
949,gradual,frequency,internal_only,,False,False,False,
949,gradual,frequency,prism,,False,False,False,
950,gradual,frequency,severity_only,,False,False,False,
950,gradual,frequency,external_only,,False,False,False,
950,gradual,frequency,internal_only,,False,False,False,
950,gradual,frequency,prism,,False,False,False,
951,gradual,frequency,severity_only,,False,False,False,
951,gradual,frequency,external_only,,False,False,False,
951,gradual,frequency,internal_only,,False,False,False,
951,gradual,frequency,prism,,False,False,False,
952,gradual,frequency,severity_only,,False,False,False,
952,gradual,frequency,external_only,26.0,True,False,False,-2.0
952,gradual,frequency,internal_only,,False,False,False,
952,gradual,frequency,prism,26.0,True,False,False,-2.0
953,gradual,frequency,severity_only,,False,False,False,
953,gradual,frequency,external_only,25.0,True,False,False,-1.0
953,gradual,frequency,internal_only,25.0,True,False,False,-1.0
953,gradual,frequency,prism,24.0,True,True,False,0.0
954,gradual,frequency,severity_only,,False,False,False,
954,gradual,frequency,external_only,,False,False,False,
954,gradual,frequency,internal_only,,False,False,False,
954,gradual,frequency,prism,,False,False,False,
955,gradual,frequency,severity_only,,False,False,False,
955,gradual,frequency,external_only,,False,False,False,
955,gradual,frequency,internal_only,,False,False,False,
955,gradual,frequency,prism,32.0,False,False,False,
956,gradual,frequency,severity_only,,False,False,False,
956,gradual,frequency,external_only,,False,False,False,
956,gradual,frequency,internal_only,,False,False,False,
956,gradual,frequency,prism,,False,False,False,
957,gradual,frequency,severity_only,,False,False,False,
957,gradual,frequency,external_only,,False,False,False,
957,gradual,frequency,internal_only,,False,False,False,
957,gradual,frequency,prism,,False,False,False,
958,gradual,frequency,severity_only,38.0,False,False,False,
958,gradual,frequency,external_only,38.0,False,False,False,
958,gradual,frequency,internal_only,38.0,False,False,False,
958,gradual,frequency,prism,21.0,False,False,False,
959,gradual,frequency,severity_only,13.0,False,False,True,
959,gradual,frequency,external_only,13.0,False,False,True,
959,gradual,frequency,internal_only,13.0,False,False,True,
959,gradual,frequency,prism,13.0,False,False,True,
960,gradual,frequency,severity_only,,False,False,False,
960,gradual,frequency,external_only,,False,False,False,
960,gradual,frequency,internal_only,,False,False,False,
960,gradual,frequency,prism,36.0,False,False,False,
961,gradual,frequency,severity_only,,False,False,False,
961,gradual,frequency,external_only,,False,False,False,
961,gradual,frequency,internal_only,,False,False,False,
961,gradual,frequency,prism,,False,False,False,
962,gradual,frequency,severity_only,,False,False,False,
962,gradual,frequency,external_only,23.0,True,True,False,1.0
962,gradual,frequency,internal_only,,False,False,False,
962,gradual,frequency,prism,33.0,False,False,False,
963,gradual,frequency,severity_only,,False,False,False,
963,gradual,frequency,external_only,,False,False,False,
963,gradual,frequency,internal_only,,False,False,False,
963,gradual,frequency,prism,,False,False,False,
964,gradual,frequency,severity_only,,False,False,False,
964,gradual,frequency,external_only,,False,False,False,
964,gradual,frequency,internal_only,,False,False,False,
964,gradual,frequency,prism,,False,False,False,
965,gradual,frequency,severity_only,32.0,False,False,False,
965,gradual,frequency,external_only,32.0,False,False,False,
965,gradual,frequency,internal_only,32.0,False,False,False,
965,gradual,frequency,prism,32.0,False,False,False,
966,gradual,frequency,severity_only,,False,False,False,
966,gradual,frequency,external_only,28.0,True,False,False,-4.0
966,gradual,frequency,internal_only,,False,False,False,
966,gradual,frequency,prism,28.0,True,False,False,-4.0
967,gradual,frequency,severity_only,,False,False,False,
967,gradual,frequency,external_only,15.0,False,False,True,
967,gradual,frequency,internal_only,,False,False,False,
967,gradual,frequency,prism,15.0,False,False,True,
968,gradual,frequency,severity_only,,False,False,False,
968,gradual,frequency,external_only,24.0,True,True,False,0.0
968,gradual,frequency,internal_only,24.0,True,True,False,0.0
968,gradual,frequency,prism,23.0,True,True,False,1.0
969,gradual,frequency,severity_only,,False,False,False,
969,gradual,frequency,external_only,,False,False,False,
969,gradual,frequency,internal_only,30.0,True,False,False,-6.0
969,gradual,frequency,prism,29.0,True,False,False,-5.0
970,gradual,frequency,severity_only,,False,False,False,
970,gradual,frequency,external_only,,False,False,False,
970,gradual,frequency,internal_only,33.0,False,False,False,
970,gradual,frequency,prism,,False,False,False,
971,gradual,frequency,severity_only,,False,False,False,
971,gradual,frequency,external_only,29.0,True,False,False,-5.0
971,gradual,frequency,internal_only,,False,False,False,
971,gradual,frequency,prism,29.0,True,False,False,-5.0
972,gradual,frequency,severity_only,,False,False,False,
972,gradual,frequency,external_only,,False,False,False,
972,gradual,frequency,internal_only,,False,False,False,
972,gradual,frequency,prism,26.0,True,False,False,-2.0
973,gradual,frequency,severity_only,28.0,True,False,False,-4.0
973,gradual,frequency,external_only,28.0,True,False,False,-4.0
973,gradual,frequency,internal_only,,False,False,False,
973,gradual,frequency,prism,28.0,True,False,False,-4.0
974,gradual,frequency,severity_only,11.0,False,False,True,
974,gradual,frequency,external_only,11.0,False,False,True,
974,gradual,frequency,internal_only,11.0,False,False,True,
974,gradual,frequency,prism,11.0,False,False,True,
975,gradual,frequency,severity_only,,False,False,False,
975,gradual,frequency,external_only,,False,False,False,
975,gradual,frequency,internal_only,34.0,False,False,False,
975,gradual,frequency,prism,34.0,False,False,False,
976,gradual,frequency,severity_only,5.0,False,False,True,
976,gradual,frequency,external_only,5.0,False,False,True,
976,gradual,frequency,internal_only,5.0,False,False,True,
976,gradual,frequency,prism,5.0,False,False,True,
977,gradual,frequency,severity_only,,False,False,False,
977,gradual,frequency,external_only,,False,False,False,
977,gradual,frequency,internal_only,28.0,True,False,False,-4.0
977,gradual,frequency,prism,25.0,True,False,False,-1.0
978,gradual,frequency,severity_only,27.0,True,False,False,-3.0
978,gradual,frequency,external_only,27.0,True,False,False,-3.0
978,gradual,frequency,internal_only,27.0,True,False,False,-3.0
978,gradual,frequency,prism,25.0,True,False,False,-1.0
979,gradual,frequency,severity_only,,False,False,False,
979,gradual,frequency,external_only,,False,False,False,
979,gradual,frequency,internal_only,,False,False,False,
979,gradual,frequency,prism,,False,False,False,
980,gradual,frequency,severity_only,,False,False,False,
980,gradual,frequency,external_only,,False,False,False,
980,gradual,frequency,internal_only,,False,False,False,
980,gradual,frequency,prism,24.0,True,True,False,0.0
981,gradual,frequency,severity_only,,False,False,False,
981,gradual,frequency,external_only,,False,False,False,
981,gradual,frequency,internal_only,22.0,True,True,False,2.0
981,gradual,frequency,prism,22.0,True,True,False,2.0
982,gradual,frequency,severity_only,,False,False,False,
982,gradual,frequency,external_only,,False,False,False,
982,gradual,frequency,internal_only,,False,False,False,
982,gradual,frequency,prism,,False,False,False,
983,gradual,frequency,severity_only,,False,False,False,
983,gradual,frequency,external_only,,False,False,False,
983,gradual,frequency,internal_only,,False,False,False,
983,gradual,frequency,prism,,False,False,False,
984,gradual,frequency,severity_only,,False,False,False,
984,gradual,frequency,external_only,,False,False,False,
984,gradual,frequency,internal_only,,False,False,False,
984,gradual,frequency,prism,,False,False,False,
985,gradual,frequency,severity_only,,False,False,False,
985,gradual,frequency,external_only,28.0,True,False,False,-4.0
985,gradual,frequency,internal_only,,False,False,False,
985,gradual,frequency,prism,,False,False,False,
986,gradual,frequency,severity_only,28.0,True,False,False,-4.0
986,gradual,frequency,external_only,28.0,True,False,False,-4.0
986,gradual,frequency,internal_only,29.0,True,False,False,-5.0
986,gradual,frequency,prism,29.0,True,False,False,-5.0
987,gradual,frequency,severity_only,27.0,True,False,False,-3.0
987,gradual,frequency,external_only,27.0,True,False,False,-3.0
987,gradual,frequency,internal_only,27.0,True,False,False,-3.0
987,gradual,frequency,prism,27.0,True,False,False,-3.0
988,gradual,frequency,severity_only,31.0,False,False,False,
988,gradual,frequency,external_only,31.0,False,False,False,
988,gradual,frequency,internal_only,31.0,False,False,False,
988,gradual,frequency,prism,31.0,False,False,False,
989,gradual,frequency,severity_only,,False,False,False,
989,gradual,frequency,external_only,,False,False,False,
989,gradual,frequency,internal_only,,False,False,False,
989,gradual,frequency,prism,,False,False,False,
990,gradual,frequency,severity_only,,False,False,False,
990,gradual,frequency,external_only,,False,False,False,
990,gradual,frequency,internal_only,,False,False,False,
990,gradual,frequency,prism,37.0,False,False,False,
991,gradual,frequency,severity_only,,False,False,False,
991,gradual,frequency,external_only,,False,False,False,
991,gradual,frequency,internal_only,,False,False,False,
991,gradual,frequency,prism,,False,False,False,
992,gradual,frequency,severity_only,,False,False,False,
992,gradual,frequency,external_only,,False,False,False,
992,gradual,frequency,internal_only,,False,False,False,
992,gradual,frequency,prism,,False,False,False,
993,gradual,frequency,severity_only,,False,False,False,
993,gradual,frequency,external_only,,False,False,False,
993,gradual,frequency,internal_only,,False,False,False,
993,gradual,frequency,prism,21.0,False,False,False,
994,gradual,frequency,severity_only,,False,False,False,
994,gradual,frequency,external_only,27.0,True,False,False,-3.0
994,gradual,frequency,internal_only,,False,False,False,
994,gradual,frequency,prism,26.0,True,False,False,-2.0
995,gradual,frequency,severity_only,14.0,False,False,True,
995,gradual,frequency,external_only,25.0,True,False,False,-1.0
995,gradual,frequency,internal_only,14.0,False,False,True,
995,gradual,frequency,prism,,False,False,False,
996,gradual,frequency,severity_only,,False,False,False,
996,gradual,frequency,external_only,,False,False,False,
996,gradual,frequency,internal_only,,False,False,False,
996,gradual,frequency,prism,,False,False,False,
997,gradual,frequency,severity_only,,False,False,False,
997,gradual,frequency,external_only,26.0,True,False,False,-2.0
997,gradual,frequency,internal_only,,False,False,False,
997,gradual,frequency,prism,25.0,True,False,False,-1.0
998,gradual,frequency,severity_only,,False,False,False,
998,gradual,frequency,external_only,,False,False,False,
998,gradual,frequency,internal_only,,False,False,False,
998,gradual,frequency,prism,28.0,True,False,False,-4.0
999,gradual,frequency,severity_only,,False,False,False,
999,gradual,frequency,external_only,28.0,True,False,False,-4.0
999,gradual,frequency,internal_only,,False,False,False,
999,gradual,frequency,prism,28.0,True,False,False,-4.0
